"loadTime","docTime","fullyLoaded","bytesOut","bytesOutDoc","bytesIn","bytesInDoc","requests","requestsFull","requestsDoc","responses_200","responses_404","responses_other","result","testStartOffset","cached","optimization_checked","main_frame","loadEventStart","loadEventEnd","domContentLoadedEventStart","domContentLoadedEventEnd","URL","connections","final_base_page_request","final_base_page_request_id","final_url","firstPaint","firstContentfulPaint","firstMeaningfulPaint","firstImagePaint","domInteractive","renderBlockingCSS","renderBlockingJS","TTFB","basePageSSLTime","score_cache","score_cdn","score_gzip","score_cookies","score_keep-alive","score_minify","score_combine","score_compress","score_etags","score_progressive_jpeg","gzip_total","gzip_savings","minify_total","minify_savings","image_total","image_savings","base_page_cdn","cpu.UpdateLayerTree","cpu.V8.GC_MC_COMPLETE_SWEEPING","cpu.V8.GC_MC_COMPLETE_SWEEP_ARRAY_BUFFERS","cpu.V8.GC_TIME_TO_SAFEPOINT","cpu.V8.GC_MC_INCREMENTAL_START","cpu.V8.GC_MC_INCREMENTAL_EXTERNAL_PROLOGUE","cpu.V8.GC_MC_INCREMENTAL_EMBEDDER_PROLOGUE","cpu.BlinkGC.IncrementalMarkingStartMarking","cpu.BlinkGC.VisitRoots","cpu.V8.GC_MC_INCREMENTAL_EXTERNAL_EPILOGUE","cpu.BlinkGC.IncrementalMarkingStep","cpu.BlinkGC.IncrementalMarkingWithDeadline","cpu.BlinkGC.MarkProcessWorklists","cpu.BlinkGC.MarkBailOutObjects","cpu.BlinkGC.MarkFlushV8References","cpu.V8.GC_MC_INCREMENTAL","cpu.V8.GC_MC_INCREMENTAL_EMBEDDER_TRACING","cpu.BlinkGC.UnifiedMarkingStep","cpu.BlinkGC.MarkProcessNotFullyconstructeddWorklist","cpu.BlinkGC.MarkProcessMarkingWorklist","cpu.BlinkGC.MarkProcessWriteBarrierWorklist","cpu.BlinkGC.MarkFlushEphemeronPairs","cpu.MajorGC","cpu.V8.GC_MC_INCREMENTAL_FINALIZE","cpu.V8.GC_MC_INCREMENTAL_FINALIZE_BODY","cpu.V8.GC_HEAP_PROLOGUE","cpu.V8.GC_HEAP_EXTERNAL_PROLOGUE","cpu.V8.GC_MARK_COMPACTOR","cpu.V8.GC_HEAP_PROLOGUE_SAFEPOINT","cpu.V8.GC_MC_PROLOGUE","cpu.V8.GC_MC_MARK","cpu.V8.GC_MC_MARK_FINISH_INCREMENTAL","cpu.BlinkGC.AtomicPauseMarkPrologue","cpu.BlinkGC.AtomicPauseMarkRoots","cpu.V8.GC_MC_MARK_ROOTS","cpu.V8.GC_MC_MARK_MAIN","cpu.V8.GC_MC_MARK_WEAK_CLOSURE","cpu.V8.GC_MC_MARK_EMBEDDER_TRACING_CLOSURE","cpu.V8.GC_MC_MARK_EMBEDDER_TRACING","cpu.BlinkGC.AtomicPauseMarkTransitiveClosure","cpu.BlinkGC.MarkInvokeEphemeronCallbacks","cpu.V8.GC_MC_MARK_WEAK_CLOSURE_EPHEMERON","cpu.V8.GC_MC_MARK_WEAK_CLOSURE_EPHEMERON_MARKING","cpu.V8.GC_MC_MARK_WEAK_CLOSURE_WEAK_HANDLES","cpu.V8.GC_MC_MARK_WEAK_CLOSURE_WEAK_ROOTS","cpu.V8.GC_MC_MARK_WEAK_CLOSURE_HARMONY","cpu.V8.GC_MC_CLEAR","cpu.V8.GC_MC_CLEAR_STRING_TABLE","cpu.V8.GC_MC_CLEAR_FLUSHABLE_BYTECODE","cpu.V8.GC_MC_CLEAR_FLUSHED_JS_FUNCTIONS","cpu.V8.GC_MC_CLEAR_WEAK_LISTS","cpu.V8.GC_MC_CLEAR_MAPS","cpu.V8.GC_MC_CLEAR_WEAK_REFERENCES","cpu.V8.GC_MC_CLEAR_WEAK_COLLECTIONS","cpu.V8.GC_MC_SWEEP","cpu.V8.GC_MC_EVACUATE","cpu.V8.GC_MC_EVACUATE_PROLOGUE","cpu.V8.GC_MC_EVACUATE_COPY","cpu.V8.GC_MC_EVACUATE_COPY_PARALLEL","cpu.V8.GC_MC_EVACUATE_UPDATE_POINTERS","cpu.V8.GC_MC_EVACUATE_UPDATE_POINTERS_TO_NEW_ROOTS","cpu.V8.GC_MC_EVACUATE_UPDATE_POINTERS_SLOTS_MAIN","cpu.V8.GC_MC_EVACUATE_UPDATE_POINTERS_PARALLEL","cpu.V8.GC_MC_EVACUATE_UPDATE_POINTERS_WEAK","cpu.V8.GC_MC_EVACUATE_REBALANCE","cpu.V8.GC_MC_EVACUATE_CLEAN_UP","cpu.V8.GC_MC_EVACUATE_EPILOGUE","cpu.V8.GC_MC_FINISH","cpu.V8.GC_MC_FINISH_SWEEP_ARRAY_BUFFERS","cpu.V8.GC_MC_EPILOGUE","cpu.V8.GC_HEAP_EXTERNAL_WEAK_GLOBAL_HANDLES","cpu.V8.GC_HEAP_EMBEDDER_TRACING_EPILOGUE","cpu.BlinkGC.AtomicPauseMarkEpilogue","cpu.BlinkGC.AtomicPauseSweepAndCompact","cpu.V8.GC_HEAP_EPILOGUE_SAFEPOINT","cpu.V8.GC_HEAP_EPILOGUE_REDUCE_NEW_SPACE","cpu.V8.GC_HEAP_EXTERNAL_EPILOGUE","cpu.V8.GC_HEAP_EPILOGUE","cpu.BlinkGC.LazySweepInIdle","cpu.EventDispatch","cpu.CommitLoad","cpu.EvaluateScript","cpu.v8.compile","cpu.ParseHTML","cpu.ResourceFetcher::requestResource","cpu.ParseAuthorStyleSheet","cpu.MinorGC","cpu.V8.GC_SCAVENGER_COMPLETE_SWEEP_ARRAY_BUFFERS","cpu.V8.GC_SCAVENGER","cpu.V8.GC_SCAVENGER_SCAVENGE","cpu.V8.GC_SCAVENGER_SCAVENGE_WEAK_GLOBAL_HANDLES_IDENTIFY","cpu.V8.GC_SCAVENGER_SCAVENGE_ROOTS","cpu.V8.GC_SCAVENGER_SCAVENGE_PARALLEL","cpu.V8.GC_SCAVENGER_SCAVENGE_WEAK_GLOBAL_HANDLES_PROCESS","cpu.V8.GC_SCAVENGER_SCAVENGE_FINALIZE","cpu.V8.GC_SCAVENGER_SCAVENGE_UPDATE_REFS","cpu.V8.GC_SCAVENGER_FREE_REMEMBERED_SET","cpu.V8.GC_SCAVENGER_SWEEP_ARRAY_BUFFERS","cpu.UpdateLayoutTree","cpu.Layout","cpu.IntersectionObserverController::computeIntersections","cpu.Paint","cpu.ResourceChangePriority","cpu.largestContentfulPaint::Candidate","cpu.MarkDOMContent","cpu.MarkLoad","cpu.FunctionCall","cpu.HitTest","cpu.TimerFire","cpu.FireAnimationFrame","cpu.V8.GC_MC_MARK_EMBEDDER_PROLOGUE","cpu.BlinkGC.LazySweepOnAllocation","cpu.Idle","tester","start_epoch","osVersion","os_version","browserVersion","browser_version","date","document_URL","document_hostname","document_origin","domElements","domComplete","PerformancePaintTiming.first-paint","PerformancePaintTiming.first-contentful-paint","base_page_ip_ptr","base_page_cname","base_page_dns_server","browser_name","eventName","test_run_time_ms","testUrl","lastVisualChange","render","visualComplete85","visualComplete90","visualComplete95","visualComplete99","visualComplete","SpeedIndex","LargestContentfulPaintType","LargestContentfulPaintNodeType","LargestContentfulPaintImageURL","chromeUserTiming.navigationStart","chromeUserTiming.fetchStart","chromeUserTiming.unloadEventStart","chromeUserTiming.unloadEventEnd","chromeUserTiming.commitNavigationEnd","chromeUserTiming.domLoading","chromeUserTiming.responseEnd","chromeUserTiming.firstPaint","chromeUserTiming.firstContentfulPaint","chromeUserTiming.firstMeaningfulPaintCandidate","chromeUserTiming.firstMeaningfulPaint","chromeUserTiming.firstImagePaint","chromeUserTiming.LayoutShift","chromeUserTiming.domInteractive","chromeUserTiming.domContentLoadedEventStart","chromeUserTiming.domContentLoadedEventEnd","chromeUserTiming.InteractiveTime","chromeUserTiming.domComplete","chromeUserTiming.loadEventStart","chromeUserTiming.loadEventEnd","chromeUserTiming.LargestTextPaint","chromeUserTiming.LargestContentfulPaint","chromeUserTiming.LargestImagePaint","chromeUserTiming.TotalLayoutShift","chromeUserTiming.CumulativeLayoutShift","FirstInteractive","maxFID","TTIMeasurementEnd","LastInteractive","TimeToInteractive","FirstCPUIdle","TotalBlockingTime","testID","run","step","effectiveBps","domTime","aft","titleTime","domLoading","server_rtt","edge-processed","effectiveBpsDoc","bytes.html","requests.html","bytesUncompressed.html","bytes.js","requests.js","bytesUncompressed.js","bytes.css","requests.css","bytesUncompressed.css","bytes.image","requests.image","bytesUncompressed.image","bytes.flash","requests.flash","bytesUncompressed.flash","bytes.font","requests.font","bytesUncompressed.font","bytes.video","requests.video","bytesUncompressed.video","bytes.other","requests.other","bytesUncompressed.other","id","cpu.BlinkGC.CompleteSweep","axe_failed","cpu.V8.GC_MC_INCREMENTAL_LAYOUT_CHANGE","chromeUserTiming.markAsMainFrame","error",
"88677","88677","92554","395303","391296","29690915","29646553","187","187","185","182","4","1","0","0","0","1","FEB908BE3AA5B5CF9814FEBF19D414E0","88676","88715","36915","37259","https://moitt.gov.pk/","27","0","44555FB70DC7CC79D2342AF8489F3381","https://moitt.gov.pk/","30584.400000002","30584","30584","30763","36914","24","19","22406","1214","60","64","45","-1","100","-1","-1","46","-1","10","4511596","2512380","-1","-1","24253220","13103861","","6855","0","0","0","2","0","1","2","0","0","0","0","0","0","0","6","0","0","0","18","0","0","2","0","0","0","0","1","0","0","0","0","0","0","0","31","0","0","0","0","0","0","0","0","0","0","0","0","0","0","0","0","0","0","0","0","0","0","0","0","0","0","0","0","0","0","0","0","0","0","0","1","0","0","0","0","0","0","13","22","0","364","589","47","165","242","1","0","1","0","1","0","6","0","0","0","0","0","2801","302","2738","1947","0","0","0","0","4194","44","101","3937","0","1","68115","mukeet-ThinkPad-T490-192.168.0.112","1680187280.4927","","","92.0.4515.131","92.0.4515.131","1680187301.2126","https://moitt.gov.pk/","moitt.gov.pk","https://moitt.gov.pk","967","88676","30584.400000002","30584.400000002","","","ns4.rapidcompute.com","android - chrome","Step_1","135595","https://moitt.gov.pk/","93797","30574","47882","54514","54514","93797","93797","50263","image","DIV","https://moitt.gov.pk/images/1.png","0","46","22492","22492","22496","22497","22554","30584","30584","30584","30584","30763","47798","36914","36915","37260","73415","88676","88677","88716","30584","34338","34338","0.82688721069426","0.73376623376623","38135","2465","96018","77371","77371","38135","6406","230330_N2_B8","1","1","423261","0","0","0","0","0","1","447353","229828","9","583989","3187012","61","5753086","1099729","25","1190729","24329439","82","24329439","0","0","0","186628","4","186628","655360","1","655360","2919","5","27650","230330_N2_B8","","","","","",
"81258","81258","83161","319435","315428","27730622","27686260","153","153","151","146","4","3","0","0","0","1","06D5BD0EC89EF95E8EB70269B6DC4D6B","81258","81294","26348","26687","https://moitt.gov.pk/index","25","0","3FCBA3E0D62D6A0DBCF29BD102DFAA6C","https://moitt.gov.pk/index","22394.400000002","22394","22394","22596","26347","24","19","15411","17","51","57","42","-1","100","-1","-1","42","-1","2","4301465","2512380","-1","-1","22499500","13100896","","7005","0","0","0","0","0","0","0","0","0","0","0","0","0","0","0","0","0","0","15","0","0","0","0","0","0","0","0","0","0","0","0","0","0","0","27","0","0","0","0","0","0","0","0","0","0","0","0","0","0","0","0","1","0","0","0","0","0","0","0","1","0","0","0","0","0","0","0","0","0","0","0","0","0","0","0","0","0","15","23","0","257","556","27","138","229","1","0","1","1","1","0","8","1","0","0","0","0","2695","288","2783","1782","0","0","0","0","4012","34","108","3761","0","0","59390","mukeet-ThinkPad-T490-192.168.0.112","1680187439.1663","","","92.0.4515.131","92.0.4515.131","1680187455.0072","https://moitt.gov.pk/index","moitt.gov.pk","https://moitt.gov.pk","968","81258","22394.400000002","22394.400000002","","","ns3.rapidcompute.com","android - chrome","Step_1","119658","https://moitt.gov.pk/index","87657","22403","39730","48416","87657","87657","87657","38329","background-image","DIV","https://moitt.gov.pk/SiteImage/Slider/kashmir-810x400.jpg","0","41","15501","15501","15504","15506","15437","22394","22394","22394","22394","22596","34124","26347","26348","26687","71511","81258","81258","81294","22394","28983","28983","0.66948034509763","0.5763593681696","27863","531","87459","77396","77396","27863","2171","230330_MB_B9","1","1","409308","0","0","0","0","0","1","420463","229841","9","583995","2978833","60","4922157","1099729","25","1190729","22575719","50","22575719","0","0","0","186628","4","186628","658849","1","658849","1023","4","3358","230330_MB_B9","","","","","",
"20628","20628","39456","162789","110920","4001791","3732962","79","79","59","73","4","2","0","0","0","1","82A17704633C34C61DC25AFFB0CF3BEA","20628","20672","17353","17537","https://moitt.gov.pk/Detail/MzY4Mzk2OGUtNzA0Ny00NTY5LThhZWUtOTU5OWFlM2FiYzll","17","0","5F289976D5EAF2AC046621F16E90B049","https://moitt.gov.pk/Detail/MzY4Mzk2OGUtNzA0Ny00NTY5LThhZWUtOTU5OWFlM2FiYzll","12533.300000001","12533","12533","12533","17352","21","7","3989","15","26","50","31","-1","100","-1","-1","100","-1","-1","3632820","2528524","-1","-1","243064","0","","586","0","0","0","0","0","0","0","0","0","0","0","0","0","0","4","0","0","0","0","0","0","0","0","0","0","0","0","0","0","0","0","0","0","0","0","0","0","0","0","0","0","0","0","0","0","0","0","0","0","0","0","0","0","0","0","0","0","2","0","0","0","1","0","0","0","0","0","0","0","0","0","0","0","0","0","0","0","6","10","6","338","599","28","133","232","0","0","0","0","0","0","7","0","0","0","0","0","1030","93","80","451","0","0","0","0","581","28","367","4","","2","34869","mukeet-ThinkPad-T490-192.168.0.112","1680187577.0929","","","92.0.4515.131","92.0.4515.131","1680187592.6653","https://moitt.gov.pk/Detail/MzY4Mzk2OGUtNzA0Ny00NTY5LThhZWUtOTU5OWFlM2FiYzll","moitt.gov.pk","https://moitt.gov.pk","368","20614","12533.300000001","12533.300000001","","","ns.cyber.net.pk","android - chrome","Step_1","52814","https://moitt.gov.pk/Detail/MzY4Mzk2OGUtNzA0Ny00NTY5LThhZWUtOTU5OWFlM2FiYzll","36887","12520","27442","27442","27442","36887","36887","17357","text","P","","0","42","4060","4060","4063","4065","4021","12533","12533","12533","12533","12533","17680","17352","17353","17537","20673","20614","20628","20672","12533","12533","14564","0.25119738229832","0.15799202123082","31052","545","42615","38026","","31052","1659","230330_G9_BA","1","1","112831","0","0","0","0","0","1","224350","143363","7","369444","2412357","29","2856446","1084397","23","1149609","243390","12","243390","0","0","0","116532","2","116532","0","1","0","1752","5","5338","230330_G9_BA","","","","","",
"16762","16762","17605","162789","156735","4017848","3973202","79","79","76","74","4","1","0","0","0","1","91FC92D45DFAC70A371BCBB49E376074","16762","16777","15471","15663","https://moitt.gov.pk/Detail/YjlkYTI5ZmItY2Y5Ni00YTQyLTgzZmEtMjNkZmNmNWMzNjFk","17","0","5594EBD8607866B2A7C27F1B9C20288C","https://moitt.gov.pk/Detail/YjlkYTI5ZmItY2Y5Ni00YTQyLTgzZmEtMjNkZmNmNWMzNjFk","9842.0999999978","9842","9842","9842","15470","21","7","4255","14","27","50","31","-1","100","-1","-1","100","-1","0","3632927","2528554","-1","-1","259014","0","","180","0","0","0","1","0","1","1","0","0","0","0","0","1","0","9","0","0","0","0","0","0","0","0","0","0","0","0","0","0","0","0","0","0","0","0","0","0","0","0","0","0","0","0","0","0","0","0","0","0","0","0","0","0","0","0","0","0","2","0","0","0","","0","0","0","0","0","0","0","0","0","0","0","0","0","0","0","7","4","0","239","606","42","133","222","0","0","0","0","0","0","9","0","0","0","0","0","423","72","19","172","0","0","0","0","441","4","192","6","","1","14816","mukeet-ThinkPad-T490-192.168.0.112","1680187647.836","","","92.0.4515.131","92.0.4515.131","1680187664.9562","https://moitt.gov.pk/Detail/YjlkYTI5ZmItY2Y5Ni00YTQyLTgzZmEtMjNkZmNmNWMzNjFk","moitt.gov.pk","https://moitt.gov.pk","368","16762","9842.0999999978","9842.0999999978","","","ns.cyber.net.pk","android - chrome","Step_1","29226","https://moitt.gov.pk/Detail/YjlkYTI5ZmItY2Y5Ni00YTQyLTgzZmEtMjNkZmNmNWMzNjFk","16368","9859","13670","13670","13670","16368","16368","10763","text","P","","0","42","4325","4325","4329","4330","4294","9842","9842","9842","9842","9842","15804","15469","15471","15663","","16761","16762","16777","9842","9842","10880","0.25100720671721","0.15799202123082","","514","20850","16741","","","1631","230330_96_BB","1","1","300962","0","0","0","0","0","1","317678","143470","7","369550","2412357","29","2856446","1084397","23","1149609","259340","13","259340","0","0","0","116532","2","116532","0","1","0","1752","4","5338","230330_96_BB","","","","","",
"12060","12060","13652","121011","117004","3822895","3778533","64","64","62","59","4","1","0","0","0","1","8A42CBCEA54B55DC75645663280E87F2","12061","12078","10018","10228","https://moitt.gov.pk/Detail/YTIxNzcwOTAtNzg3NS00ZjVmLThlZDAtMTRlZmFhYzgwY2Yw","17","0","64C667DA52CDCFC27FCDF088692B6FB9","https://moitt.gov.pk/Detail/YTIxNzcwOTAtNzg3NS00ZjVmLThlZDAtMTRlZmFhYzgwY2Yw","9126.1999999993","9126","9126","9176","10017","21","7","3408","14","25","37","31","-1","100","-1","-1","100","-1","-1","3534146","2464964","-1","-1","163168","0","","132","","","0","","","","","","","","","","","","","","","","","","","","","","0","0","","0","","","","","","","","","","","","","","","","","","","","","","","","","","","","","","","","","","","","","","","","","","0","","","","0","0","0","0","","5","1","462","439","56","165","235","1","0","0","0","1","0","30","1","0","0","0","0","396","81","13","45","0","0","0","0","637","2","54","9","","","10889","mukeet-ThinkPad-T490-192.168.0.112","1680187695.4996","","","92.0.4515.131","92.0.4515.131","1680187713.0117","https://moitt.gov.pk/Detail/YTIxNzcwOTAtNzg3NS00ZjVmLThlZDAtMTRlZmFhYzgwY2Yw","moitt.gov.pk","https://moitt.gov.pk","379","12060","9126.1999999993","9126.1999999993","","","ns3.rapidcompute.com","android - chrome","Step_1","27207","https://moitt.gov.pk/Detail/YTIxNzcwOTAtNzg3NS00ZjVmLThlZDAtMTRlZmFhYzgwY2Yw","10489","9125","9960","9980","9980","10489","10489","9310","text","P","","0","40","3487","3487","3490","3492","3444","9126","9126","9126","9126","9175","10412","10017","10018","10228","","12060","12060","12077","9126","9126","9967","0.24313046318558","0.24313046318558","","424","16856","13165","","","1044","230330_77_BC","1","1","373183","0","0","0","0","0","1","436723","144943","7","371023","2315159","23","2739067","1082687","21","1124452","163168","7","163168","0","0","0","116532","2","116532","0","1","0","406","3","759","230330_77_BC","","","","","",
"13791","13791","19036","162789","114957","4017773","3776701","79","79","61","74","4","1","0","0","0","1","7CDB6CA586CE3E75A7DE6ACB316561CC","13791","13837","12148","12352","https://moitt.gov.pk/Detail/Y2Q0ODk5NWUtMWRkMy00NzVmLTlkZjQtNDFmMDBjM2M1ZTIw","17","0","EE9470B8B0D61E61C820D01F612B93DA","https://moitt.gov.pk/Detail/Y2Q0ODk5NWUtMWRkMy00NzVmLTlkZjQtNDFmMDBjM2M1ZTIw","9346.9000000022","9347","9347","9347","12147","21","7","3832","21","27","50","31","-1","100","-1","-1","100","-1","0","3632852","2528529","-1","-1","259014","0","","239","","","0","","","","","","","","","","","","","","","","","","","","","","0","0","","0","","","","","","","","","","","","","","","","","","","","","","","","","","","","","","","","","","","","","","","","","","0","","","","0","0","0","0","","4","0","380","513","36","124","228","1","0","1","1","0","0","25","0","0","0","0","0","504","69","24","161","0","0","0","0","443","7","258","9","","","16008","mukeet-ThinkPad-T490-192.168.0.112","1680187742.3115","","","92.0.4515.131","92.0.4515.131","1680187760.2538","https://moitt.gov.pk/Detail/Y2Q0ODk5NWUtMWRkMy00NzVmLTlkZjQtNDFmMDBjM2M1ZTIw","moitt.gov.pk","https://moitt.gov.pk","371","13791","9346.9000000022","9346.9000000022","","","ns4.ntc.net.pk","android - chrome","Step_1","31630","https://moitt.gov.pk/Detail/Y2Q0ODk5NWUtMWRkMy00NzVmLTlkZjQtNDFmMDBjM2M1ZTIw","16835","9336","14190","14190","14190","16835","16835","11286","text","P","","0","45","3906","3906","3909","3910","3866","9346","9346","9346","9346","9346","12468","12146","12147","12351","14489","13790","13791","13837","9347","9347","10348","0.26047411912564","0.15799202123082","16582","534","22297","16582","16582","16582","1291","230330_D4_BD","1","1","264257","0","0","0","0","0","1","379224","143394","7","369473","2412358","29","2856446","1084397","23","1149609","259340","13","259340","0","0","0","116532","2","116532","0","1","0","1752","4","5338","230330_D4_BD","","","","","",
"12409","12409","17146","162789","117004","4017803","3777015","79","79","62","74","4","1","0","0","0","1","B95726EB491B5E0902FAC40940B1C2A3","12410","12429","10548","10737","https://moitt.gov.pk/Detail/ODc0Nzg4YWItZjZhYS00ZjQ0LTlhNWYtNzgwNjAwZDcwMzMx","17","0","F1ACBCD980BFA8053D78AB4426DB3701","https://moitt.gov.pk/Detail/ODc0Nzg4YWItZjZhYS00ZjQ0LTlhNWYtNzgwNjAwZDcwMzMx","9433.3000000007","9433","9433","9433","10547","21","7","3890","13","27","50","31","-1","100","-1","-1","100","-1","0","3632882","2528556","-1","-1","259014","0","","268","","","0","","","","","","","","","","","","","","","","","","","","","","0","0","","0","","","","","","","","","","","","","","","","","","","","","","","","","","","","","","","","","","","","","","","","","","0","","","","0","0","0","0","","5","0","333","484","42","132","207","0","0","0","0","0","0","10","0","0","0","0","0","455","66","29","194","0","0","0","0","407","9","247","6","","","14250","mukeet-ThinkPad-T490-192.168.0.112","1680187793.0343","","","92.0.4515.131","92.0.4515.131","1680187810.9724","https://moitt.gov.pk/Detail/ODc0Nzg4YWItZjZhYS00ZjQ0LTlhNWYtNzgwNjAwZDcwMzMx","moitt.gov.pk","https://moitt.gov.pk","373","12409","9433.3000000007","9433.3000000007","","","ns5.ntc.net.pk","android - chrome","Step_1","30788","https://moitt.gov.pk/Detail/ODc0Nzg4YWItZjZhYS00ZjQ0LTlhNWYtNzgwNjAwZDcwMzMx","11000","9432","10446","10446","10446","11000","11000","9655","image","DIV","https://moitt.gov.pk/images/1.png","0","43","3962","3962","3965","3966","3922","9433","9433","9433","9433","9433","10922","10546","10547","10737","12923","12409","12409","12429","9433","10432","10432","0.25845303745971","0.25845303745971","","491","20394","16057","","","1425","230330_M0_BE","1","1","303093","0","0","0","0","0","1","443363","143424","7","369506","2412358","29","2856446","1084397","23","1149609","259340","13","259340","0","0","0","116532","2","116532","0","1","0","1752","4","5338","230330_M0_BE","","","","","",
"12642","12642","14358","121011","114957","3823306","3778660","64","64","61","59","4","1","0","0","0","1","7DCD00EA33F65E663B5FDAF338427B31","12642","12696","11076","11253","https://moitt.gov.pk/Detail/NDYyZjQ4MmEtNGQwYi00NWM5LTk3NzYtN2RhOGRlMDQyYzk2","17","0","DF49B09F5A74E4AD456C24EC2AAAA07C","https://moitt.gov.pk/Detail/NDYyZjQ4MmEtNGQwYi00NWM5LTk3NzYtN2RhOGRlMDQyYzk2","9406.8999999985","9407","9407","9454","11074","21","7","3844","13","25","37","31","-1","100","-1","-1","100","-1","-1","3534557","2465138","-1","-1","163168","0","","134","","","0","","","","","","","","","","","","","","","","","","","","","","0","0","","0","","","","","","","","","","","","","","","","","","","","","","","","","","","","","","","","","","","","","","","","","","0","","","","0","0","0","0","","6","0","526","532","40","161","252","0","0","0","0","0","0","29","0","0","0","0","0","422","83","18","54","0","0","0","0","599","6","83","8","","","11405","mukeet-ThinkPad-T490-192.168.0.112","1680187843.9238","","","92.0.4515.131","92.0.4515.131","1680187862.0077","https://moitt.gov.pk/Detail/NDYyZjQ4MmEtNGQwYi00NWM5LTk3NzYtN2RhOGRlMDQyYzk2","moitt.gov.pk","https://moitt.gov.pk","378","12641","9406.8999999985","9406.8999999985","","","ns3.rapidcompute.com","android - chrome","Step_1","28160","https://moitt.gov.pk/Detail/NDYyZjQ4MmEtNGQwYi00NWM5LTk3NzYtN2RhOGRlMDQyYzk2","11429","9399","9855","10862","10862","11429","11429","9649","text","P","","0","47","3922","3922","3926","3927","3879","9406","9406","9406","9406","9453","11386","11075","11076","11253","","12641","12642","12696","9407","9407","10093","0.25378668272068","0.24302924984578","","553","17616","14101","","","1143","230330_FN_BF","1","1","363639","0","0","0","0","0","1","429490","145353","7","371432","2315160","23","2739067","1082687","21","1124452","163168","7","163168","0","0","0","116532","2","116532","0","1","0","406","3","759","230330_FN_BF","","","","","",
"14059","14059","14599","135445","131438","4430586","4386224","71","71","69","66","4","1","0","0","0","1","E6171165E8A20009F402B606AF94C70A","14059","14095","11712","11956","https://moitt.gov.pk/Detail/YzNhYzdjZDMtNWMwMC00Y2YyLWE5YzItMjk5MWQyYTk3ZmNk","17","0","FDB4A9821D73558A7C9B6E37C3A405EE","https://moitt.gov.pk/Detail/YzNhYzdjZDMtNWMwMC00Y2YyLWE5YzItMjk5MWQyYTk3ZmNk","10237","10237","10237","10725","11711","21","7","3637","15","22","33","31","-1","100","-1","-1","62","-1","31","3560158","2489857","-1","-1","744847","284018","","143","","","0","","","","","","","","","","","","","","","","","","","","","","0","0","","0","","","","","","","","","","","","","","","","","","","","","","","","","","","","","","","","","","","","","","","","","","0","","","","0","0","0","0","","5","1","376","543","80","150","234","0","0","0","0","0","0","19","0","0","0","0","0","420","118","24","129","0","0","0","0","513","4","46","7","","","11784","mukeet-ThinkPad-T490-192.168.0.112","1680187891.2559","","","92.0.4515.131","92.0.4515.131","1680187907.8416","https://moitt.gov.pk/Detail/YzNhYzdjZDMtNWMwMC00Y2YyLWE5YzItMjk5MWQyYTk3ZmNk","moitt.gov.pk","https://moitt.gov.pk","933","14059","10237","10237","","","ns4.rapidcompute.com","android - chrome","Step_1","30452","https://moitt.gov.pk/Detail/YzNhYzdjZDMtNWMwMC00Y2YyLWE5YzItMjk5MWQyYTk3ZmNk","12727","10241","10914","10983","12727","12727","12727","10533","image","IMG","https://moitt.gov.pk/SiteImage/Misc/images/Navid%20Shaikh.jpeg","0","46","3715","3715","3719","3721","3675","10237","10237","10237","10237","10724","12099","11711","11712","11955","","14058","14059","14094","10237","11052","11052","0.24589030473605","0.15799202123082","","343","17985","14209","","","1102","230330_17_BG","1","1","404176","0","0","0","0","0","1","420862","170954","7","397032","2315160","23","2739067","1082687","21","1124452","744847","14","744847","0","0","0","116532","2","116532","0","1","0","406","3","759","230330_17_BG","","","","","",
"27105","27105","28366","148080","144073","7033937","6989575","78","78","76","73","4","1","0","0","0","1","711B2DDAF3D084278EB9C60E5D1B83C9","27105","27126","23348","24285","https://moitt.gov.pk/LatestNews","14","0","F74E813A7D916DB8D44D8FD5678D2E3C","https://moitt.gov.pk/LatestNews","17515.599999998","17516","17516","18561","23347","21","7","9634","9","10","16","25","-1","100","-1","-1","94","-1","60","3227117","2430048","-1","-1","3593456","229725","","1499","0","0","0","0","0","0","0","0","0","0","0","0","0","0","0","0","0","0","11","0","0","0","0","0","0","0","0","0","0","0","0","0","0","0","3","0","0","0","0","0","0","0","0","0","0","0","0","0","0","0","0","0","0","0","0","0","8","0","0","1","0","0","0","0","0","0","0","0","0","0","0","0","0","0","0","0","0","0","6","1","193","427","110","200","233","0","0","0","0","0","0","7","0","0","0","0","0","1093","1573","852","397","0","0","0","0","627","34","210","3","0","8","20861","mukeet-ThinkPad-T490-192.168.0.112","1680187940.4381","","","92.0.4515.131","92.0.4515.131","1680187958.9096","https://moitt.gov.pk/LatestNews","moitt.gov.pk","https://moitt.gov.pk","4848","27105","17515.599999998","17515.599999998","","","ns5.ntc.net.pk","android - chrome","Step_1","72870","https://moitt.gov.pk/LatestNews","24712","17520","19377","19377","19377","24712","24712","18280","text","H4","","0","42","9718","9718","9722","9723","9816","17515","17515","17515","17515","18561","24666","23347","23348","24284","","27104","27105","27126","17516","17516","19372","0.29804730750244","0.15799202123082","27087","926","32929","27087","27087","27087","2644","230330_MW_BH","1","1","375503","0","0","0","0","0","1","400067","679649","6","902969","1473447","15","1778676","1082687","21","1124452","3669675","28","3669675","0","0","0","128072","3","128072","0","1","0","407","2","784","230330_MW_BH","8","1","","","",
"14620","14620","21363","162789","110920","4018268","3733489","79","79","59","74","4","1","0","0","0","1","9824FBE284C33B602EADD6CA6361AE46","14620","14668","11818","12034","https://moitt.gov.pk/Detail/ZGJjZWM3ZDMtYTJjZi00ZjZhLTg0M2EtZjhkYzg3Y2JkOGQx","17","0","103E84279995C144E639840E749F1704","https://moitt.gov.pk/Detail/ZGJjZWM3ZDMtYTJjZi00ZjZhLTg0M2EtZjhkYzg3Y2JkOGQx","10753.399999999","10753","10753","10753","11817","21","7","3546","13","27","50","31","-1","100","-1","-1","100","-1","0","3633347","2528837","-1","-1","259014","0","","283","","","0","","","","","","","","","","","","","","","","","","","","","","0","0","","0","","","","","","","","","","","","","","","","","","","","","","","","","","","","","","","","","","","","","","","","","","0","","","","0","0","0","0","","5","0","294","510","39","117","208","0","0","0","0","0","0","6","0","0","0","0","0","489","82","27","205","0","0","0","0","491","6","306","11","","","18283","mukeet-ThinkPad-T490-192.168.0.112","1680188033.95","","","92.0.4515.131","92.0.4515.131","1680188051.7773","https://moitt.gov.pk/Detail/ZGJjZWM3ZDMtYTJjZi00ZjZhLTg0M2EtZjhkYzg3Y2JkOGQx","moitt.gov.pk","https://moitt.gov.pk","378","14620","10753.399999999","10753.399999999","","","ns5.ntc.net.pk","android - chrome","Step_1","36297","https://moitt.gov.pk/Detail/ZGJjZWM3ZDMtYTJjZi00ZjZhLTg0M2EtZjhkYzg3Y2JkOGQx","18270","10747","16147","16147","16147","18270","18270","12220","image","DIV","https://moitt.gov.pk/images/1.png","0","45","3633","3633","3637","3638","3584","10753","10753","10753","10753","10753","12198","11817","11818","12034","14677","14619","14620","14668","10753","11847","11847","0.24352945901262","0.24352945901262","18130","481","24586","18130","18130","18130","1532","230330_7M_BJ","1","1","225529","0","0","0","0","0","1","337140","143889","7","369969","2412358","29","2856446","1084397","23","1149609","259340","13","259340","0","0","0","116532","2","116532","0","1","0","1752","4","5338","230330_7M_BJ","","","","","",
"19068","19068","30411","162963","115131","4664735","4423663","79","79","61","74","4","1","0","0","0","1","F30B04814DE026840443F61230C0E785","19067","19118","17408","17676","https://moitt.gov.pk/Detail/ZTA5MTI4ZWUtMzdhMS00ZDRhLWE0YmUtZjJjNThhYTdjNzdl","17","0","6301F96ACB98C944A0D507A38B382205","https://moitt.gov.pk/Detail/ZTA5MTI4ZWUtMzdhMS00ZDRhLWE0YmUtZjJjNThhYTdjNzdl","11970","11970","11970","11970","17406","21","7","4442","11","27","49","31","-1","100","-1","-1","100","-1","0","3653733","2547752","-1","-1","259014","0","","570","0","0","0","9","0","0","0","0","0","0","0","0","0","0","0","0","0","0","14","0","0","0","0","0","0","0","0","0","0","0","0","0","0","0","0","0","0","0","0","0","0","0","0","0","0","0","0","0","0","0","0","0","0","0","0","0","0","1","0","0","0","0","0","0","0","0","0","0","0","0","0","3","0","0","0","0","0","11","7","0","335","558","42","118","228","0","0","0","0","0","0","8","0","0","0","0","0","770","98","46","703","0","0","0","0","454","25","298","5","","1","26106","mukeet-ThinkPad-T490-192.168.0.112","1680188089.1406","","","92.0.4515.131","92.0.4515.131","1680188109.7056","https://moitt.gov.pk/Detail/ZTA5MTI4ZWUtMzdhMS00ZDRhLWE0YmUtZjJjNThhYTdjNzdl","moitt.gov.pk","https://moitt.gov.pk","799","19065","11970","11970","","","ns4.rapidcompute.com","android - chrome","Step_1","50122","https://moitt.gov.pk/Detail/ZTA5MTI4ZWUtMzdhMS00ZDRhLWE0YmUtZjJjNThhYTdjNzdl","17895","11964","17895","17895","17895","17895","17895","17309","text","TD","","0","49","4522","4522","4525","4526","4490","11970","11970","11970","11970","11970","17838","17406","17409","17676","20216","19065","19068","19118","11970","11970","13540","0.10566060998764","0.0880178425304","27224","602","33656","27224","27224","27224","1857","230330_5H_BK","1","1","179627","0","0","0","0","0","1","302452","164275","7","390355","2412358","29","2856446","1084397","23","1149609","259340","13","259340","0","0","0","116532","2","116532","626081","1","626081","1752","4","5338","230330_5H_BK","","","","","",
"17908","17908","32223","162789","110920","4308419","4023640","79","79","59","74","4","1","0","0","0","1","BF1C0525CE1FAEA82312858C6EBCBD69","17908","17933","14735","14861","https://moitt.gov.pk/Detail/NzUyZGE0MWMtMmYzZC00YmIzLTk2ODUtYmVjNTk1Nzg4MTBm","17","0","51E5AF8DDD0DC37522A533A6C12D8421","https://moitt.gov.pk/Detail/NzUyZGE0MWMtMmYzZC00YmIzLTk2ODUtYmVjNTk1Nzg4MTBm","13346.699999999","13347","13347","13347","14734","21","7","4593","14","27","49","31","-1","100","-1","-1","100","-1","0","3641481","2536092","-1","-1","259014","0","","583","","","0","","","","","","","","","","","","","","","","","","","","","","0","0","","0","","","","","","","","","","","","","","","","","","","","","","","","","","","","","","","","","","","","","","","","","","0","","","","0","0","0","0","","10","0","315","580","40","124","251","0","0","0","0","0","0","33","0","0","0","0","0","714","83","49","482","0","0","0","0","345","27","303","8","","","28276","mukeet-ThinkPad-T490-192.168.0.112","1680188162.0085","","","92.0.4515.131","92.0.4515.131","1680188181.0976","https://moitt.gov.pk/Detail/NzUyZGE0MWMtMmYzZC00YmIzLTk2ODUtYmVjNTk1Nzg4MTBm","moitt.gov.pk","https://moitt.gov.pk","555","17907","13346.699999999","13346.699999999","","","ns.cyber.net.pk","android - chrome","Step_1","49211","https://moitt.gov.pk/Detail/NzUyZGE0MWMtMmYzZC00YmIzLTk2ODUtYmVjNTk1Nzg4MTBm","14997","13323","14997","14997","14997","14997","14997","14863","text","P","","0","42","4683","4683","4689","4691","4669","13346","13346","13346","13346","13346","14978","14734","14735","14861","17852","17907","17908","17933","13347","13347","14904","0.10554105096247","0.10554105096247","27099","549","34867","27099","27099","27099","1433","230330_6K_BM","1","1","155932","0","0","0","0","0","1","302188","152023","7","378103","2412358","29","2856446","1084397","23","1149609","259340","13","259340","0","0","0","116532","2","116532","282017","1","282017","1752","4","5338","230330_6K_BM","","","","","",
"13196","13196","14949","121011","114957","3827989","3783343","64","64","61","59","4","1","0","0","0","1","0306E5227CB3AB10BF8987418FBC17E9","13196","13221","11873","12079","https://moitt.gov.pk/Detail/MDA4MjM0N2ItOGVmYi00OWI5LWE2NmQtMTJhYjNmMDUxNTM1","17","0","362169E38F1BAB6F7DE6F051B310C4B7","https://moitt.gov.pk/Detail/MDA4MjM0N2ItOGVmYi00OWI5LWE2NmQtMTJhYjNmMDUxNTM1","9490.9000000022","9491","9491","9519","11872","21","7","4301","10","25","37","31","-1","100","-1","-1","100","-1","-1","3539240","2469891","-1","-1","163168","0","","151","","","0","","","","","","","","","","","","","","","","","","","","","","0","0","","0","","","","","","","","","","","","","","","","","","","","","","","","","","","","","","","","","","","","","","","","","","0","","","","0","0","0","0","","5","0","555","556","50","145","237","0","0","0","0","0","0","30","0","0","0","0","0","429","92","15","103","0","0","0","0","561","3","35","7","","","11973","mukeet-ThinkPad-T490-192.168.0.112","1680188232.6903","","","92.0.4515.131","92.0.4515.131","1680188252.1561","https://moitt.gov.pk/Detail/MDA4MjM0N2ItOGVmYi00OWI5LWE2NmQtMTJhYjNmMDUxNTM1","moitt.gov.pk","https://moitt.gov.pk","498","13195","9490.9000000022","9490.9000000022","","","ns.cyber.net.pk","android - chrome","Step_1","28950","https://moitt.gov.pk/Detail/MDA4MjM0N2ItOGVmYi00OWI5LWE2NmQtMTJhYjNmMDUxNTM1","12259","9485","9997","9997","11247","12259","12259","9758","text","P","","0","44","4387","4387","4390","4392","4334","9490","9490","9490","9490","9518","12218","11873","11874","12079","","13195","13196","13222","9491","9491","11251","0.25700994040305","0.15799202123082","","584","18262","14894","","","1035","230330_BE_BN","1","1","359503","0","0","0","0","0","1","425333","150036","7","376118","2315160","23","2739067","1082687","21","1124452","163168","7","163168","0","0","0","116532","2","116532","0","1","0","406","3","759","230330_BE_BN","","","","","",
"17039","17039","18344","121011","114957","3826212","3781566","64","64","61","59","4","1","0","0","0","1","47EB5021833CDB1B393D7DC3E4B758D9","17038","17085","15711","15920","https://moitt.gov.pk/Detail/Mzg0M2I4NzctMjE1ZS00ZGM0LTkyNmItMDViODFhZjE4Njhk","17","0","A7367FC00CE72DB2B6E71DE3385D526E","https://moitt.gov.pk/Detail/Mzg0M2I4NzctMjE1ZS00ZGM0LTkyNmItMDViODFhZjE4Njhk","12702","12702","12702","12730","15710","21","7","4417","9","25","37","31","-1","100","-1","-1","100","-1","-1","3537463","2468396","-1","-1","163168","0","","156","0","0","1","0","0","0","0","0","0","0","0","0","0","0","0","0","0","0","0","0","0","0","0","0","0","0","0","0","0","0","0","0","0","0","0","0","0","0","0","0","0","0","0","0","0","0","0","0","0","0","0","0","0","0","0","0","0","1","0","0","0","0","0","0","0","0","0","0","0","0","0","0","0","0","0","0","0","5","5","0","338","579","32","131","250","2","0","2","1","0","0","18","0","0","0","0","0","382","78","17","136","0","0","0","0","457","7","270","8","","3","15464","mukeet-ThinkPad-T490-192.168.0.112","1680188282.4352","","","92.0.4515.131","92.0.4515.131","1680188299.5302","https://moitt.gov.pk/Detail/Mzg0M2I4NzctMjE1ZS00ZGM0LTkyNmItMDViODFhZjE4Njhk","moitt.gov.pk","https://moitt.gov.pk","474","17032","12702","12702","","","ns5.ntc.net.pk","android - chrome","Step_1","30065","https://moitt.gov.pk/Detail/Mzg0M2I4NzctMjE1ZS00ZGM0LTkyNmItMDViODFhZjE4Njhk","16110","12686","13205","13205","15480","16110","16110","12958","text","P","","0","47","4491","4491","4494","4495","4453","12702","12702","12702","12702","12729","16062","15710","15712","15920","","17032","17039","17086","12702","12702","15483","0.25086587926154","0.15799202123082","","567","21626","17838","","","1332","230330_64_BP","1","1","274733","0","0","0","0","0","1","299601","148259","7","374339","2315160","23","2739067","1082687","21","1124452","163168","7","163168","0","0","0","116532","2","116532","0","1","0","406","3","759","230330_64_BP","","","","","",
"16091","16091","18941","121011","117004","3825893","3781531","64","64","62","59","4","1","0","0","0","1","FE53456508268D866CA2AEAECD7A11D7","16091","16131","14796","15034","https://moitt.gov.pk/Detail/MTBmMGQ3NDItOWM2Mi00N2M0LWE1ZGUtMjRlNWJlOGYwZGU0","17","0","442C5DD2CDB5A27AB09A2D3291B1414A","https://moitt.gov.pk/Detail/MTBmMGQ3NDItOWM2Mi00N2M0LWE1ZGUtMjRlNWJlOGYwZGU0","13132.800000001","13133","13133","13157","14795","21","7","4809","17","25","37","31","-1","100","-1","-1","100","-1","-1","3537144","2467974","-1","-1","163168","0","","123","0","0","0","0","0","0","0","0","0","1","1","1","1","0","0","0","0","0","0","0","0","0","0","0","0","0","0","0","0","0","0","0","0","0","0","0","0","0","0","0","0","0","0","0","0","0","0","0","0","0","0","0","0","0","0","0","0","2","0","0","0","0","0","0","0","0","0","0","0","0","0","0","0","0","0","0","0","3","3","1","219","510","40","126","231","0","0","0","0","0","0","5","0","0","0","0","0","388","105","16","100","0","0","0","0","492","4","309","7","","1","16251","mukeet-ThinkPad-T490-192.168.0.112","1680188331.9745","","","92.0.4515.131","92.0.4515.131","1680188352.0842","https://moitt.gov.pk/Detail/MTBmMGQ3NDItOWM2Mi00N2M0LWE1ZGUtMjRlNWJlOGYwZGU0","moitt.gov.pk","https://moitt.gov.pk","467","16090","13132.800000001","13132.800000001","","","ns4.rapidcompute.com","android - chrome","Step_1","31956","https://moitt.gov.pk/Detail/MTBmMGQ3NDItOWM2Mi00N2M0LWE1ZGUtMjRlNWJlOGYwZGU0","15229","13136","13240","14457","14476","15229","15229","13327","text","TD","","0","42","4896","4896","4902","4904","4853","13132","13132","13132","13132","13157","15182","14795","14797","15034","16763","16090","16091","16131","13133","13133","14476","0.25373929419761","0.2429818613227","","471","22164","18614","","","1094","230330_4Q_BQ","1","1","270725","0","0","0","0","0","1","335182","147940","7","374021","2315160","23","2739067","1082687","21","1124452","163168","7","163168","0","0","0","116532","2","116532","0","1","0","406","3","759","230330_4Q_BQ","","","0","","",
"15721","15721","19815","121011","117004","3845162","3800800","64","64","62","59","4","1","0","0","0","1","701ECD53E89D85F10E674D3D56CC7AC5","15722","15742","14348","14585","https://moitt.gov.pk/Detail/Y2VjM2U3YzMtM2I0YS00Nzc2LThmZTAtMzNhMGY2OTZjZmI3","17","0","CC8197E954C15D582AC297C6A3DF13BB","https://moitt.gov.pk/Detail/Y2VjM2U3YzMtM2I0YS00Nzc2LThmZTAtMzNhMGY2OTZjZmI3","12749.5","12749","12749","12761","14347","21","7","5476","8","25","37","31","-1","100","-1","-1","100","-1","-1","3556413","2486295","-1","-1","163168","0","","228","","","0","","","","","","","","","","","","","","","","","","","","","","0","0","","0","","","","","","","","","","","","","","","","","","","","","","","","","","","","","","","","","","","","","","","","","","0","","","","0","0","0","0","","4","0","278","485","32","143","228","0","0","0","0","0","0","15","0","0","0","0","0","511","76","33","243","0","0","0","0","435","10","292","6","","","16794","mukeet-ThinkPad-T490-192.168.0.112","1680188385.2183","","","92.0.4515.131","92.0.4515.131","1680188401.7691","https://moitt.gov.pk/Detail/Y2VjM2U3YzMtM2I0YS00Nzc2LThmZTAtMzNhMGY2OTZjZmI3","moitt.gov.pk","https://moitt.gov.pk","845","15721","12749.5","12749.5","","","ns3.rapidcompute.com","android - chrome","Step_1","36272","https://moitt.gov.pk/Detail/Y2VjM2U3YzMtM2I0YS00Nzc2LThmZTAtMzNhMGY2OTZjZmI3","14796","12753","14113","14113","14327","14796","14796","13104","text","P","","0","40","5555","5555","5559","5560","5486","12749","12749","12749","12749","12760","14718","14347","14348","14584","16446","15721","15721","15742","12749","12749","14326","0.25700994040305","0.2429818613227","","492","23148","18588","","","1124","230330_8R_BR","1","1","268161","0","0","0","0","0","1","370990","167209","7","393291","2315160","23","2739067","1082687","21","1124452","163168","7","163168","0","0","0","116532","2","116532","0","1","0","406","3","759","230330_8R_BR","","","","","",
"13440","13440","19492","121011","114957","3827240","3782594","64","64","61","59","4","1","0","0","0","1","B81A9550E55805A284F74E030BD554AD","13441","13483","11922","12114","https://moitt.gov.pk/Detail/YjVmNzU0MWMtYzBkMC00Yjg5LTk1ODktOTJiODYzZTY5ZWRk","17","0","B2155F4B865FA32A23AF6C71199210EB","https://moitt.gov.pk/Detail/YjVmNzU0MWMtYzBkMC00Yjg5LTk1ODktOTJiODYzZTY5ZWRk","9804.299999997","9804","9804","9814","11920","21","7","4502","11","25","37","31","-1","100","-1","-1","100","-1","-1","3538491","2468927","-1","-1","163168","0","","258","","","0","","","","","","","","","","","","","","","","","","","","","","0","0","","0","","","","","","","","","","","","","","","","","","","","","","","","","","","","","","","","","","","","","","","","","","0","","","","0","0","0","0","","8","0","334","536","39","147","223","0","0","0","0","0","0","13","0","0","0","0","0","544","98","34","240","0","0","0","0","410","8","277","5","","","16317","mukeet-ThinkPad-T490-192.168.0.112","1680188440.2204","","","92.0.4515.131","92.0.4515.131","1680188457.0338","https://moitt.gov.pk/Detail/YjVmNzU0MWMtYzBkMC00Yjg5LTk1ODktOTJiODYzZTY5ZWRk","moitt.gov.pk","https://moitt.gov.pk","481","13440","9804.299999997","9804.299999997","","","ns.cyber.net.pk","android - chrome","Step_1","34444","https://moitt.gov.pk/Detail/YjVmNzU0MWMtYzBkMC00Yjg5LTk1ODktOTJiODYzZTY5ZWRk","12278","9792","9792","10525","10615","12278","12278","9943","text","H5","","0","48","4581","4581","4585","4586","4534","9804","9804","9804","9804","9813","12250","11919","11922","12113","14357","13440","13440","13483","9804","9804","10938","0.26529779957817","0.15799202123082","17752","509","22790","17752","17752","17752","1168","230330_ZV_BS","1","1","255319","0","0","0","0","0","1","423203","149287","7","375367","2315160","23","2739067","1082687","21","1124452","163168","7","163168","0","0","0","116532","2","116532","0","1","0","406","3","759","230330_ZV_BS","","","","","",
"19681","19681","23099","121011","113330","3293636","3249274","64","64","60","52","4","8","0","0","0","1","76EB12C18BB663B6A25F5D5CEB40B070","19681","19694","17746","18016","https://moitt.gov.pk/Detail/OWIyNzRiMWMtNGRhZS00YjQxLWFlYTQtZjU3MzAwNmU3NjI3","17","0","CEDFE3EF9F834D8C2FFF56D67950D59C","https://moitt.gov.pk/Detail/OWIyNzRiMWMtNGRhZS00YjQxLWFlYTQtZjU3MzAwNmU3NjI3","16460.200000003","16460","16460","17073","17745","21","7","6731","15","15","37","30","-1","100","-1","-1","100","-1","-1","3019127","2126876","-1","-1","148928","0","","272","0","0","0","2","0","1","1","0","0","0","0","0","0","0","0","0","0","0","1","0","0","0","0","0","0","0","0","0","0","0","0","0","0","0","0","0","0","0","0","0","0","0","0","0","0","0","0","0","0","0","0","0","0","0","0","0","0","0","0","0","0","","0","0","0","0","0","0","0","0","0","0","0","0","0","0","0","","3","0","269","551","60","102","200","1","0","1","1","0","0","22","0","0","0","0","0","496","110","25","231","0","0","0","0","443","6","291","11","","9","19987","mukeet-ThinkPad-T490-192.168.0.112","1680188492.5769","","","92.0.4515.131","92.0.4515.131","1680188511.2986","https://moitt.gov.pk/Detail/OWIyNzRiMWMtNGRhZS00YjQxLWFlYTQtZjU3MzAwNmU3NjI3","moitt.gov.pk","https://moitt.gov.pk","1188","19681","16460.200000003","16460.200000003","","","ns3.rapidcompute.com","android - chrome","Step_1","41514","https://moitt.gov.pk/Detail/OWIyNzRiMWMtNGRhZS00YjQxLWFlYTQtZjU3MzAwNmU3NjI3","18252","16478","17410","17468","18252","18252","18252","16747","text","P","","0","47","6821","6821","6825","6826","6765","16460","16460","16460","16460","17072","18174","17745","17746","18016","18171","19680","19681","19694","16460","16460","18250","0.23672751239488","0.23672751239488","19655","449","26527","19655","19655","19655","1072","230330_13_BT","1","1","201224","0","0","0","0","0","1","250909","182773","7","408856","1762310","23","2186217","1082687","21","1124452","148928","6","148928","0","0","0","116532","2","116532","0","1","0","406","4","759","230330_13_BT","0","","","","",
"15030","15030","22838","162645","110776","4034773","3749994","79","79","59","74","4","1","0","0","0","1","D7C6D0F2C4F0C670F0E61C5380434FCB","15030","15066","13260","13428","https://moitt.gov.pk/Tenders","17","0","0D72C210AAE7965CF8263B8C58339970","https://moitt.gov.pk/Tenders","11417.699999999","11418","11418","11709","13259","21","7","4991","12","27","50","31","-1","100","-1","-1","100","-1","0","3649832","2542520","-1","-1","259014","0","","311","","","0","","","","","","","","","","","","","","","","","","","","","","0","0","","0","","","","","","","","","","","","","","","","","","","","","","","","","","","","","","","","","","","","","","","","","","0","","","","0","0","0","0","","5","0","362","486","44","107","226","1","0","1","1","0","0","12","0","0","0","0","0","564","110","31","295","0","0","0","0","356","15","275","7","","","19629","mukeet-ThinkPad-T490-192.168.0.112","1680188554.9879","","","92.0.4515.131","92.0.4515.131","1680188575.5054","https://moitt.gov.pk/Tenders","moitt.gov.pk","https://moitt.gov.pk","426","15028","11417.699999999","11417.699999999","","","ns4.rapidcompute.com","android - chrome","Step_1","37660","https://moitt.gov.pk/Tenders","13591","11418","11418","12950","12950","13591","13591","11670","image","DIV","https://moitt.gov.pk/images/1.png","0","42","5086","5086","5089","5092","5033","11417","11417","11417","11417","11709","13563","13259","13260","13428","13554","15028","15030","15067","11418","12951","12951","0.25091713954048","0.25091713954048","","486","26094","21151","","","1474","230330_HC_BV","1","1","226075","0","0","0","0","0","1","373542","160374","7","386451","2412358","29","2856446","1084397","23","1149609","259340","13","259340","0","0","0","116532","2","116532","0","1","0","1772","4","5366","230330_HC_BV","","","","","",
"14290","14290","16182","120858","114804","3830386","3785740","64","64","61","59","4","1","0","0","0","1","2DD61EB2446C2538DA527FC7313971BA","14291","14329","13116","13344","https://moitt.gov.pk/Jobs","17","0","E3570602929D0E186670C374F0F2B2D0","https://moitt.gov.pk/Jobs","10600.300000001","10600","10600","10943","13115","21","7","5424","12","25","37","31","-1","100","-1","-1","100","-1","-1","3541617","2471221","-1","-1","163168","0","","157","","","0","","","","","","","","","","","","","","","","","","","","","","0","0","","0","","","","","","","","","","","","","","","","","","","","","","","","","","","","","","","","","","","","","","","","","","0","","","","0","0","0","0","","5","0","595","583","39","167","238","0","0","0","0","0","0","31","0","0","0","0","0","471","106","13","122","0","0","0","0","689","3","36","8","","","12917","mukeet-ThinkPad-T490-192.168.0.112","1680188615.3562","","","92.0.4515.131","92.0.4515.131","1680188634.8348","https://moitt.gov.pk/Jobs","moitt.gov.pk","https://moitt.gov.pk","412","14290","10600.300000001","10600.300000001","","","ns5.ntc.net.pk","android - chrome","Step_1","29535","https://moitt.gov.pk/Jobs","13585","10611","10611","11178","11275","13585","13585","10762","image","DIV","https://moitt.gov.pk/images/1.png","0","35","5515","5515","5519","5520","5461","10600","10600","10600","10600","10943","13481","13114","13115","13343","","14290","14290","14329","10600","11616","11616","0.25124221414559","0.15799202123082","","539","19489","15816","","","1068","230330_0N_BW","1","1","356050","0","0","0","0","0","1","426995","152413","7","378494","2315160","23","2739067","1082687","21","1124452","163168","7","163168","0","0","0","116532","2","116532","0","1","0","426","3","787","230330_0N_BW","","","","","",
"13342","13342","16047","121011","114957","3824328","3779682","64","64","61","59","4","1","0","0","0","1","F6632EB7B20C3E8866BC772725603B43","13342","13396","11688","11883","https://moitt.gov.pk/Detail/MWY1MjI2MTQtZjk1ZS00M2NiLWI0MzAtN2QwYTZmMDQzNjU5","17","0","07C5C84E31C757A87C016208C43BA7EF","https://moitt.gov.pk/Detail/MWY1MjI2MTQtZjk1ZS00M2NiLWI0MzAtN2QwYTZmMDQzNjU5","9572.3000000007","9572","9572","9614","11687","21","7","4458","16","25","37","31","-1","100","-1","-1","100","-1","-1","3535579","2466117","-1","-1","163168","0","","194","","","0","","","","","","","","","","","","","","","","","","","","","","0","0","","0","","","","","","","","","","","","","","","","","","","","","","","","","","","","","","","","","","","","","","","","","","0","","","","0","0","0","0","","5","0","561","536","47","140","240","0","0","0","0","0","1","24","0","0","0","0","0","489","91","20","112","0","0","0","0","608","6","70","6","","","12896","mukeet-ThinkPad-T490-192.168.0.112","1680188665.6582","","","92.0.4515.131","92.0.4515.131","1680188683.6701","https://moitt.gov.pk/Detail/MWY1MjI2MTQtZjk1ZS00M2NiLWI0MzAtN2QwYTZmMDQzNjU5","moitt.gov.pk","https://moitt.gov.pk","410","13341","9572.3000000007","9572.3000000007","","","ns4.ntc.net.pk","android - chrome","Step_1","31102","https://moitt.gov.pk/Detail/MWY1MjI2MTQtZjk1ZS00M2NiLWI0MzAtN2QwYTZmMDQzNjU5","12102","9575","10250","10276","11494","12102","12102","9854","text","P","","0","43","4540","4540","4545","4546","4493","9572","9572","9572","9572","9614","12026","11687","11688","11883","","13341","13342","13395","9572","9572","11491","0.24689158747704","0.15799202123082","","575","19343","15641","","","1161","230330_1K_BX","1","1","329996","0","0","0","0","0","1","425448","146375","7","372454","2315160","23","2739067","1082687","21","1124452","163168","7","163168","0","0","0","116532","2","116532","0","1","0","406","3","759","230330_1K_BX","","","","","",
"14009","14009","15501","121011","114957","3889466","3844820","64","64","61","59","4","1","0","0","0","1","F4DA44A52B2A105841DF9E719D10FB55","14009","14050","12753","13140","https://moitt.gov.pk/Detail/MTBlNDNlNzItOTJkMi00OTg5LTlmNDgtNDEzZDA1NDljM2E4","17","0","2A9882CE24A8C00614B7C047015E8015","https://moitt.gov.pk/Detail/MTBlNDNlNzItOTJkMi00OTg5LTlmNDgtNDEzZDA1NDljM2E4","10419.199999999","10419","10419","10466","12750","21","7","5160","8","25","37","30","-1","100","-1","-1","100","-1","-1","3600717","2529398","-1","-1","163168","0","","231","","","0","","","","","","","","","","","","","","","","","","","","","","0","0","","0","","","","","","","","","","","","","","","","","","","","","","","","","","","","","","","","","","","","","","","","","","0","","","","0","0","0","1","","13","1","517","589","71","146","249","2","0","0","0","2","0","40","2","0","0","0","0","526","135","14","190","0","0","0","0","590","5","30","9","","","12139","mukeet-ThinkPad-T490-192.168.0.112","1680188716.8848","","","92.0.4515.131","92.0.4515.131","1680188733.7702","https://moitt.gov.pk/Detail/MTBlNDNlNzItOTJkMi00OTg5LTlmNDgtNDEzZDA1NDljM2E4","moitt.gov.pk","https://moitt.gov.pk","1617","14009","10419.199999999","10419.199999999","","","ns4.rapidcompute.com","android - chrome","Step_1","38955","https://moitt.gov.pk/Detail/MTBlNDNlNzItOTJkMi00OTg5LTlmNDgtNDEzZDA1NDljM2E4","13295","10419","10690","11218","11218","13295","13295","10598","text","P","","0","46","5266","5266","5272","5273","5197","10419","10419","10419","10419","10465","13275","12751","12753","13140","","14009","14009","14050","10419","10419","11653","0.24628766926696","0.15799202123082","","531","19043","15144","","","1206","230330_G7_BY","1","1","376120","0","0","0","0","0","1","434492","211513","7","437595","2315160","23","2739067","1082687","21","1124452","163168","7","163168","0","0","0","116532","2","116532","0","1","0","406","3","759","230330_G7_BY","","","","","",
"14476","14476","19554","121011","110920","3821976","3733623","64","64","59","59","4","1","0","0","0","1","5B48D4D10B40EE4FBC6908EDBD34D4A1","14476","14508","11491","11676","https://moitt.gov.pk/Detail/NGM2MGMzNmItMDA2Ni00MzVhLWE5YjgtNGJlYzQyNjhhZTI5","17","0","97B3119623D02DC92F5F6EDFD05002D4","https://moitt.gov.pk/Detail/NGM2MGMzNmItMDA2Ni00MzVhLWE5YjgtNGJlYzQyNjhhZTI5","10439.600000001","10440","10440","10484","11490","21","7","4415","12","25","37","31","-1","100","-1","-1","100","-1","-1","3533227","2464434","-1","-1","163168","0","","201","","","0","","","","","","","","","","","","","","","","","","","","","","0","0","","0","","","","","","","","","","","","","","","","","","","","","","","","","","","","","","","","","","","","","","","","","","0","","","","0","0","0","0","","5","1","365","469","31","127","214","0","0","0","0","0","0","22","0","0","0","0","0","456","96","20","161","0","0","0","0","446","14","318","11","","","16596","mukeet-ThinkPad-T490-192.168.0.112","1680188773.8493","","","92.0.4515.131","92.0.4515.131","1680188791.7418","https://moitt.gov.pk/Detail/NGM2MGMzNmItMDA2Ni00MzVhLWE5YjgtNGJlYzQyNjhhZTI5","moitt.gov.pk","https://moitt.gov.pk","381","14475","10439.600000001","10439.600000001","","","ns.cyber.net.pk","android - chrome","Step_1","32492","https://moitt.gov.pk/Detail/NGM2MGMzNmItMDA2Ni00MzVhLWE5YjgtNGJlYzQyNjhhZTI5","11941","10446","11408","11408","11475","11941","11941","10658","text","LI","","0","48","4510","4510","4514","4516","4432","10439","10439","10439","10439","10483","11876","11490","11491","11676","13931","14475","14476","14508","10440","10440","11395","0.24542211972318","0.24542211972318","","474","22839","18029","","","1157","230330_C4_BZ","1","1","252458","0","0","0","0","0","1","371098","144020","7","370102","2315163","23","2739071","1082687","21","1124452","163168","7","163168","0","0","0","116532","2","116532","0","1","0","406","3","759","230330_C4_BZ","","","","","",
"13182","13182","17592","121011","117004","3822028","3777666","64","64","62","59","4","1","0","0","0","1","6BDB8E074049DAF6344D26424FA51834","13181","13201","11150","11279","https://moitt.gov.pk/Detail/OTJlYjhjZGEtNGIwMS00YzFjLTg1MzQtMTVlY2NhODA0NDRj","17","0","99947FA2E8D99F3021CD7704788F4A84","https://moitt.gov.pk/Detail/OTJlYjhjZGEtNGIwMS00YzFjLTg1MzQtMTVlY2NhODA0NDRj","10227.899999999","10228","10228","10285","11150","21","7","4423","12","25","37","31","-1","100","-1","-1","100","-1","-1","3533279","2464340","-1","-1","163168","0","","173","","","0","","","","","","","","","","","","","","","","","","","","","","0","0","","0","","","","","","","","","","","","","","","","","","","","","","","","","","","","","","","","","","","","","","","","","","0","","","","0","0","0","0","","4","0","303","452","25","150","211","0","0","0","0","0","0","22","0","0","0","0","0","415","74","25","136","0","0","0","0","396","6","314","6","","","14880","mukeet-ThinkPad-T490-192.168.0.112","1680188826.6045","","","92.0.4515.131","92.0.4515.131","1680188845.241","https://moitt.gov.pk/Detail/OTJlYjhjZGEtNGIwMS00YzFjLTg1MzQtMTVlY2NhODA0NDRj","moitt.gov.pk","https://moitt.gov.pk","376","13181","10227.899999999","10227.899999999","","","ns3.rapidcompute.com","android - chrome","Step_1","29720","https://moitt.gov.pk/Detail/OTJlYjhjZGEtNGIwMS00YzFjLTg1MzQtMTVlY2NhODA0NDRj","11553","10253","10651","11095","11126","11553","11553","10408","text","P","","0","46","4503","4503","4506","4507","4458","10227","10227","10227","10227","10284","11455","11150","11151","11279","11453","13181","13182","13201","10228","10228","11079","0.2440552385604","0.2440552385604","","425","20825","15927","","","1009","230330_66_C0","1","1","290229","0","0","0","0","0","1","431289","144072","7","370153","2315163","23","2739071","1082687","21","1124452","163168","7","163168","0","0","0","116532","2","116532","0","1","0","406","3","759","230330_66_C0","","","","","",
"14153","14153","15845","123112","117058","4989836","4945190","65","65","62","60","4","1","0","0","0","1","56696DC0B36CB12385997E66C1081F49","14153","14206","12950","13136","https://moitt.gov.pk/ProfileDetail/ZTRiMTFkZDUtMjQwZi00NzMzLWE3NWItOGVhM2MwOGRlYzBj","17","0","D6E1B679A4AF4A2146E7D8DA807C8244","https://moitt.gov.pk/ProfileDetail/ZTRiMTFkZDUtMjQwZi00NzMzLWE3NWItOGVhM2MwOGRlYzBj","10070.199999999","10070","10070","10691","12948","21","7","4262","15","24","36","31","-1","100","-1","-1","100","-1","-1","3534017","2465139","-1","-1","1330238","0","","114","","","0","","","","","","","","","","","","","","","","","","","","","","0","0","","0","","","","","","","","","","","","","","","","","","","","","","","","","","","","","","","","","","","","","","","","","","0","","","","0","0","0","0","","10","0","522","517","52","128","254","0","0","3","0","1","0","28","1","2","0","0","0","406","85","15","66","0","0","0","0","659","3","83","8","","","12886","mukeet-ThinkPad-T490-192.168.0.112","1680188876.249","","","92.0.4515.131","92.0.4515.131","1680188892.962","https://moitt.gov.pk/ProfileDetail/ZTRiMTFkZDUtMjQwZi00NzMzLWE3NWItOGVhM2MwOGRlYzBj","moitt.gov.pk","https://moitt.gov.pk","384","14146","10070.199999999","10070.199999999","","","ns5.ntc.net.pk","android - chrome","Step_1","32783","https://moitt.gov.pk/ProfileDetail/ZTRiMTFkZDUtMjQwZi00NzMzLWE3NWItOGVhM2MwOGRlYzBj","13646","10067","13646","13646","13646","13646","13646","12243","image","IMG","https://moitt.gov.pk/SiteImage/Profiles/mian-muhammad-shahbaz-shareef.png","0","45","4337","4337","4340","4341","4296","10070","10070","10070","10070","10691","13307","12948","12950","13136","","14146","14153","14206","10070","13634","13634","0.2410348028604","0.15799202123082","","413","19107","15568","","","1097","230330_7M_C1","1","1","430789","0","0","0","0","0","1","499968","144810","7","370890","2315163","23","2739071","1082687","21","1124452","1330238","8","1330238","0","0","0","116532","2","116532","0","1","0","406","3","759","230330_7M_C1","","","","","",
"14252","14252","19204","123067","112976","3692303","3647941","65","65","60","54","4","7","0","0","0","1","C4EA2E121DECC586B19868300EE9986E","14252","14286","12104","12273","https://moitt.gov.pk/ProfileDetail/YzgxZGFkYjEtZDY5My00NWE1LThkY2YtZDBhYTAyYTNjYjUx","17","0","3386E6F0192BEA25EA1622BD03496D23","https://moitt.gov.pk/ProfileDetail/YzgxZGFkYjEtZDY5My00NWE1LThkY2YtZDBhYTAyYTNjYjUx","10343.399999999","10343","10343","11026","12103","21","7","4586","11","16","36","30","-1","100","-1","-1","85","-1","0","3258248","2289434","-1","-1","308474","49285","","213","","","3","","","","","","","","","","","","","","","","","","","","","","0","0","","0","","","","","","","","","","","","","","","","","","","","","","","","","","","","","","","","","","","","","","","","","","0","","","","0","0","0","0","","13","1","539","558","43","145","260","0","0","0","0","1","0","25","0","0","0","0","0","529","89","34","118","0","0","0","0","602","5","45","7","","","15972","mukeet-ThinkPad-T490-192.168.0.112","1680188927.886","","","92.0.4515.131","92.0.4515.131","1680188946.5886","https://moitt.gov.pk/ProfileDetail/YzgxZGFkYjEtZDY5My00NWE1LThkY2YtZDBhYTAyYTNjYjUx","moitt.gov.pk","https://moitt.gov.pk","391","14252","10343.399999999","10343.399999999","","","ns4.rapidcompute.com","android - chrome","Step_1","31132","https://moitt.gov.pk/ProfileDetail/YzgxZGFkYjEtZDY5My00NWE1LThkY2YtZDBhYTAyYTNjYjUx","12451","10341","11339","11339","11397","12451","12451","11008","image","IMG","https://moitt.gov.pk/SiteImage/Profiles/Minister%20IT.jpeg","0","36","4679","4679","4683","4684","4625","10343","10343","10343","10343","11026","12400","12103","12104","12273","","14252","14252","14287","10343","11331","11331","0.25800697072625","0.15799202123082","","473","19269","14635","","","1026","230330_P5_C2","1","1","252586","0","0","0","0","0","1","377399","145043","7","371125","2039161","23","2463069","1082687","21","1124452","308474","7","308474","0","0","0","116532","2","116532","0","1","0","406","4","759","230330_P5_C2","","","","","",
"13832","13832","18465","123052","111127","3594557","3550195","65","65","59","54","4","7","0","0","0","1","06C3E91F2F8E4659E5311F1B7F705E5E","13831","13847","11694","11884","https://moitt.gov.pk/ProfileDetail/N2FhMWYxNGEtNjA4YS00M2VjLWExZWUtYzRlYWUxOWU2NzM4","17","0","26C532274A5A84B1ED7C34B47EA4EBEB","https://moitt.gov.pk/ProfileDetail/N2FhMWYxNGEtNjA4YS00M2VjLWExZWUtYzRlYWUxOWU2NzM4","9814.200000003","9814","9814","9854","11693","21","7","4461","13","16","36","30","-1","100","-1","-1","89","-1","0","3258134","2289293","-1","-1","210842","23592","","254","","","0","","","","","","","","","","","","","","","","","","","","","","0","0","","0","","","","","","","","","","","","","","","","","","","","","","","","","","","","","","","","","","","","","","","","","","0","","","","0","0","0","0","","9","1","516","587","45","153","232","0","0","0","0","0","0","28","0","0","0","0","0","627","102","41","154","0","0","0","0","582","9","77","8","","","15041","mukeet-ThinkPad-T490-192.168.0.112","1680188978.8053","","","92.0.4515.131","92.0.4515.131","1680188996.2387","https://moitt.gov.pk/ProfileDetail/N2FhMWYxNGEtNjA4YS00M2VjLWExZWUtYzRlYWUxOWU2NzM4","moitt.gov.pk","https://moitt.gov.pk","388","13831","9814.200000003","9814.200000003","","","ns.cyber.net.pk","android - chrome","Step_1","30765","https://moitt.gov.pk/ProfileDetail/N2FhMWYxNGEtNjA4YS00M2VjLWExZWUtYzRlYWUxOWU2NzM4","12114","9823","11305","11305","11305","12114","12114","10663","image","IMG","https://moitt.gov.pk/SiteImage/Profiles/MOS%20Pic.jpg","0","42","4541","4541","4543","4545","4481","9814","9814","9814","9814","9853","12037","11694","11695","11884","","13831","13832","13848","9814","11285","11285","0.24790883542191","0.15799202123082","","526","18512","14235","","","1173","230330_KG_C3","1","1","256680","0","0","0","0","0","1","378849","144929","7","371007","2039161","23","2463069","1082687","21","1124452","210842","7","210842","0","0","0","116532","2","116532","0","1","0","406","4","759","230330_KG_C3","","","","","",
"13029","13029","16258","123070","119063","3859960","3815598","65","65","63","60","4","1","0","0","0","1","B0D31DBDD46972E91D53F8B409363DD4","13029","13096","11131","11305","https://moitt.gov.pk/ProfileDetail/YmFhZmNkYWQtM2U4Mi00ZjRlLTlkNzAtM2EwYzIyYzZmYWY4","17","0","C8F6FCFA96E1C8DE43D1F6D6BACF3BB3","https://moitt.gov.pk/ProfileDetail/YmFhZmNkYWQtM2U4Mi00ZjRlLTlkNzAtM2EwYzIyYzZmYWY4","10010.800000001","10011","10011","10596","11129","21","7","4183","17","24","36","31","-1","100","-1","-1","100","-1","100","3536977","2467219","-1","-1","197402","0","","161","","","0","","","","","","","","","","","","","","","","","","","","","","0","0","","0","","","","","","","","","","","","","","","","","","","","","","","","","","","","","","","","","","","","","","","","","","0","","","","0","0","0","1","","5","0","468","496","48","148","237","0","0","0","0","1","0","26","1","0","0","0","0","467","89","20","87","0","0","0","0","626","7","73","7","","","13291","mukeet-ThinkPad-T490-192.168.0.112","1680189029.1031","","","92.0.4515.131","92.0.4515.131","1680189048.502","https://moitt.gov.pk/ProfileDetail/YmFhZmNkYWQtM2U4Mi00ZjRlLTlkNzAtM2EwYzIyYzZmYWY4","moitt.gov.pk","https://moitt.gov.pk","415","13028","10010.800000001","10010.800000001","","","ns5.ntc.net.pk","android - chrome","Step_1","36192","https://moitt.gov.pk/ProfileDetail/YmFhZmNkYWQtM2U4Mi00ZjRlLTlkNzAtM2EwYzIyYzZmYWY4","11504","10002","10803","10803","10892","11504","11504","10554","image","IMG","https://moitt.gov.pk/SiteImage/Profiles/Navid%20Shaikh.jpeg","0","44","4272","4272","4277","4281","4222","10010","10010","10010","10010","10596","11446","11129","11131","11305","13107","13028","13029","13096","10011","10805","10805","0.2410348028604","0.2410348028604","","398","19502","16082","","","1030","230330_1K_C4","1","1","319665","0","0","0","0","0","1","431335","147770","7","373851","2315163","23","2739071","1082687","21","1124452","197402","8","197402","0","0","0","116532","2","116532","0","1","0","406","3","759","230330_1K_C4","","","","","",
"26485","26485","35877","173257","126374","4784463","4521885","83","83","66","78","4","1","0","0","0","1","D849466D8AE9A64C413D76AAC269E74D","26486","26519","19091","19258","https://moitt.gov.pk/Overview","18","0","29ED49770649E8A5E59BE5EA774E0B45","https://moitt.gov.pk/Overview","13973.199999999","13973","13973","14001","19076","21","7","4538","44","26","52","32","-1","100","-1","-1","100","-1","0","3694607","2529395","-1","-1","305100","0","","487","","","0","","","","","","","","","","","","","","","","","","","","","","0","0","","0","","","","","","","","","","","","","","","","","","","","","","","","","","","","","","","","","","","","","","","","","","0","","","","0","0","0","0","","15","1","337","558","30","137","254","0","0","0","0","0","0","5","0","0","0","0","0","861","82","67","257","0","0","0","0","494","20","352","10","","","31911","mukeet-ThinkPad-T490-192.168.0.112","1680189086.2234","","","92.0.4515.131","92.0.4515.131","1680189107.0845","https://moitt.gov.pk/Overview","moitt.gov.pk","https://moitt.gov.pk","376","26467","13973.199999999","13973.199999999","","","ns4.ntc.net.pk","android - chrome","Step_1","49896","https://moitt.gov.pk/Overview","19620","13984","15163","16434","19620","19620","19620","14624","text","P","","0","44","4642","4642","4648","4650","4638","13973","13973","13973","13973","14001","19460","19076","19091","19258","32617","26467","26485","26519","13973","13973","15233","0.27446094102127","0.17916508187016","26444","532","39107","34730","","26444","1510","230330_87_C5","1","1","152668","0","0","0","0","0","1","206036","146576","8","376073","2470959","30","3040926","1084397","23","1149609","305426","14","305426","0","0","0","116532","2","116532","658849","1","658849","1724","5","5671","230330_87_C5","","","","","",
"11106","11106","11106","2122","2122","0","0","1","1","1","0","0","1","0","0","0","1","AB3728BCA5921FA64C493C563BEAFDC9","11106","11106","11097","11099","https://moitt.gov.pk/TopStoryDetail","1","","","","0","11200","","11200","11097","0","0","0","","-1","-1","-1","-1","-1","-1","-1","-1","-1","-1","0","0","-1","-1","0","0","","0","","","","","","","","","","","","","","","","","","","","","","","","","","","","","","","","","","","","","","","","","","","","","","","","","","","","","","","","","","","","","","","","","","","","","","","","","","","","","","","0","0","19","32","10","3","","","","","","","","","","","","","","3","1","","0","","0","0","0","1","","","","","","11038","mukeet-ThinkPad-T490-192.168.0.112","1680189159.2996","","","92.0.4515.131","92.0.4515.131","1680189179.1777","","","","","","","","","","","android - chrome","Step_1","17714","https://moitt.gov.pk/TopStoryDetail","11255","11255","11255","11255","11255","11255","11255","11255","text","DIV","","10972","37","10983","10983","10984","10985","11009","11200","11200","11200","","11200","","11097","11097","11099","","11106","11106","11106","11200","11200","","0","0","","0","11255","11255","","","0","230330_7E_C6","1","1","","0","0","0","0","0","1","","0","0","0","0","0","0","0","0","0","0","0","0","0","0","0","0","0","0","0","0","0","0","1","0","230330_7E_C6","","","","10984","Internal Server Error",
"1652","1652","1652","2257","2257","0","0","1","1","1","0","0","1","0","0","0","1","93ED38790A2D75A93EAB160981324627","1652","1652","1645","1646","https://moitt.gov.pk/NewsDetail/ZWFmMjdhZDEtYTFiYS00MTdlLTk3OGQtMGQ5YzcwYmI0YjFh","1","","","","0","","","","1644","0","0","0","","-1","-1","-1","-1","-1","-1","-1","-1","-1","-1","0","0","-1","-1","0","0","","1","","","","","","","","","","","","","","","","","","","","","","","","","","","","","","","","","","","","","","","","","","","","","","","","","","","","","","","","","","","","","","","","","","","","","","","","","","","","","","","1","0","31","46","18","3","","","","","","","","","","","","","","6","26","","0","","","0","0","1","","","","","","1519","mukeet-ThinkPad-T490-192.168.0.112","1680189197.8682","","","92.0.4515.131","92.0.4515.131","1680189215.1477","","","","","","","","","","","android - chrome","Step_1","7757","https://moitt.gov.pk/NewsDetail/ZWFmMjdhZDEtYTFiYS00MTdlLTk3OGQtMGQ5YzcwYmI0YjFh","1753","1753","1753","1753","1753","1753","1753","1753","","","","1429","45","1446","1446","1447","1448","1480","","","","","","1659","1644","1645","1646","","1652","1652","1652","","","","0.0070709174207716","0.0070709174207716","","0","1753","1753","","","0","230330_E4_C7","1","1","","0","0","0","0","0","1","","0","0","0","0","0","0","0","0","0","0","0","0","0","0","0","0","0","0","0","0","0","0","1","0","230330_E4_C7","","","","1446","Internal Server Error",
"19429","19429","22981","123175","113084","3426486","3382124","65","65","60","53","4","8","0","0","0","1","AC017E03FA79902CE4E80D658A7DEF46","19429","19488","11394","11557","https://moitt.gov.pk/NewsDetail/MjM3NzUyODUtMDc5My00N2EyLWFmYjItZmQyMzY0MTcyYzBh","17","0","F830D04AE679FA67145D33CEDABAEEF4","https://moitt.gov.pk/NewsDetail/MjM3NzUyODUtMDc5My00N2EyLWFmYjItZmQyMzY0MTcyYzBh","9865","9865","9865","9876","11393","21","7","4520","12","14","36","30","-1","100","-1","-1","100","-1","100","2982318","2091095","-1","-1","318587","0","","285","","","0","","","","","","","","","","","","","","","","","","","","","","0","0","","0","","","","","","","","","","","","","","","","","","","","","","","","","","","","","","","","","","","","","","","","","","0","","","","0","0","0","0","","10","0","322","543","43","134","228","1","0","1","1","1","0","18","0","0","0","0","0","575","81","34","145","0","0","0","0","487","13","351","10","","","19697","mukeet-ThinkPad-T490-192.168.0.112","1680189224.9663","","","92.0.4515.131","92.0.4515.131","1680189241.658","https://moitt.gov.pk/NewsDetail/MjM3NzUyODUtMDc5My00N2EyLWFmYjItZmQyMzY0MTcyYzBh","moitt.gov.pk","https://moitt.gov.pk","389","19415","9865","9865","","","ns3.rapidcompute.com","android - chrome","Step_1","36765","https://moitt.gov.pk/NewsDetail/MjM3NzUyODUtMDc5My00N2EyLWFmYjItZmQyMzY0MTcyYzBh","11776","9869","11283","11283","11735","11776","11776","10365","text","P","","0","47","4603","4603","4607","4608","4554","9864","9864","9864","9864","9875","11684","11394","11394","11557","19497","19415","19429","19488","9865","9865","11284","0.2548387202954","0.2548387202954","19489","505","26226","19489","19489","19489","1200","230330_JT_C8","1","1","185606","0","0","0","0","0","1","226851","145961","7","372042","1762313","23","2186221","1082687","21","1124452","318587","7","318587","0","0","0","116532","2","116532","0","1","0","406","4","759","230330_JT_C8","","","","","",
"13370","13370","15537","123046","112955","3898954","3810601","65","65","60","60","4","1","0","0","0","1","EEBB344A20570E9F635768F87196027A","13369","13404","11255","11440","https://moitt.gov.pk/NewsDetail/MmFkODJiNjItYzhjNC00NjU0LWFiNWYtZmM1YTY0MjBiODEw","17","0","328EB9CD3A8259AD10BC1F6B1A19A79C","https://moitt.gov.pk/NewsDetail/MmFkODJiNjItYzhjNC00NjU0LWFiNWYtZmM1YTY0MjBiODEw","10127.399999999","10127","10127","10764","11254","21","7","3989","13","24","36","31","-1","100","-1","-1","100","-1","-1","3533986","2465012","-1","-1","163168","0","","153","","","0","","","","","","","","","","","","","","","","","","","","","","0","0","","0","","","","","","","","","","","","","","","","","","","","","","","","","","","","","","","","","","","","","","","","","","0","","","","0","0","0","0","","5","0","548","529","43","151","238","0","0","0","0","0","0","26","0","0","0","0","0","457","80","16","78","0","0","0","0","528","4","49","7","","","12623","mukeet-ThinkPad-T490-192.168.0.112","1680189279.6102","","","92.0.4515.131","92.0.4515.131","1680189297.4016","https://moitt.gov.pk/NewsDetail/MmFkODJiNjItYzhjNC00NjU0LWFiNWYtZmM1YTY0MjBiODEw","moitt.gov.pk","https://moitt.gov.pk","384","13369","10127.399999999","10127.399999999","","","ns4.ntc.net.pk","android - chrome","Step_1","31726","https://moitt.gov.pk/NewsDetail/MmFkODJiNjItYzhjNC00NjU0LWFiNWYtZmM1YTY0MjBiODEw","11624","10135","10983","11056","11232","11624","11624","10404","text","P","","0","49","4066","4066","4069","4070","4025","10127","10127","10127","10127","10763","11572","11254","11255","11441","","13369","13370","13404","10127","10127","11050","0.30985244952889","0.30985244952889","","442","18763","14544","","","1022","230330_VG_C9","1","1","337630","0","0","0","0","0","1","406204","144779","7","370859","2315163","23","2739071","1082687","21","1124452","239387","8","239387","0","0","0","116532","2","116532","0","1","0","406","3","759","230330_VG_C9","","","","","",
"14236","14236","15310","123172","117118","4021822","3977176","65","65","62","60","4","1","0","0","0","1","3DC80FBB0A99ABBAE92F4025D20F22B5","14237","14273","13129","13316","https://moitt.gov.pk/NewsDetail/NTMzZjBmZmMtMDY3YS00NTI1LWJkNTEtNWRlNTJhZjU0MWM1","17","0","1B6D402D00FC0042C5C5BDE0DD628B3A","https://moitt.gov.pk/NewsDetail/NTMzZjBmZmMtMDY3YS00NTI1LWJkNTEtNWRlNTJhZjU0MWM1","11257","11257","11257","11280","13128","21","7","5748","15","24","36","31","-1","100","-1","-1","100","-1","100","3534681","2465335","-1","-1","361560","0","","100","","","0","","","","","","","","","","","","","","","","","","","","","","0","0","","0","","","","","","","","","","","","","","","","","","","","","","","","","","","","","","","","","","","","","","","","","","0","","","","0","0","0","0","","5","0","538","549","43","149","230","0","0","0","0","0","0","30","0","0","0","0","0","334","87","9","42","0","0","0","0","588","3","28","18","","","12555","mukeet-ThinkPad-T490-192.168.0.112","1680189331.2067","","","92.0.4515.131","92.0.4515.131","1680189350.7901","https://moitt.gov.pk/NewsDetail/NTMzZjBmZmMtMDY3YS00NTI1LWJkNTEtNWRlNTJhZjU0MWM1","moitt.gov.pk","https://moitt.gov.pk","386","14235","11257","11257","","","ns4.rapidcompute.com","android - chrome","Step_1","30445","https://moitt.gov.pk/NewsDetail/NTMzZjBmZmMtMDY3YS00NTI1LWJkNTEtNWRlNTJhZjU0MWM1","13529","11282","12956","12956","12956","13529","13529","11852","text","P","","0","47","5830","5830","5833","5834","5783","11257","11257","11257","11257","11279","13462","13128","13129","13315","","14235","14236","14273","11257","11257","12990","0.28438306411633","0.15799202123082","","584","18533","15280","","","1195","230330_GM_CA","1","1","420604","0","0","0","0","0","1","468564","145474","7","371554","2315163","23","2739071","1082687","21","1124452","361560","8","361560","0","0","0","116532","2","116532","0","1","0","406","3","759","230330_GM_CA","","","","","",
"16203","16203","17414","123172","119165","4109287","4064925","65","65","63","60","4","1","0","0","0","1","F85B6AE3F857203208A7F65340A58509","16203","16223","14468","14627","https://moitt.gov.pk/NewsDetail/ZDhkZTYxZmQtMWM2YS00MmJlLWIzZmYtZjE4NDJmZDVhN2E4","17","0","110DD1FA4F5668E0E6F2E62D66A742E4","https://moitt.gov.pk/NewsDetail/ZDhkZTYxZmQtMWM2YS00MmJlLWIzZmYtZjE4NDJmZDVhN2E4","13232.699999999","13233","13233","13714","14467","21","7","4437","9","24","36","31","-1","100","-1","-1","87","-1","0","3535890","2466128","-1","-1","447816","58530","","164","","","0","","","","","","","","","","","","","","","","","","","","","","12","0","","0","","","","","","","","","","","","","","","","","","","","","","","","","","","","","","","","","","","","","","","","","","0","","","","0","0","0","0","","3","0","267","497","48","123","224","0","0","0","0","0","0","19","0","0","0","0","0","306","93","17","74","0","0","0","0","377","3","246","10","","","14928","mukeet-ThinkPad-T490-192.168.0.112","1680189382.561","","","92.0.4515.131","92.0.4515.131","1680189400.9821","https://moitt.gov.pk/NewsDetail/ZDhkZTYxZmQtMWM2YS00MmJlLWIzZmYtZjE4NDJmZDVhN2E4","moitt.gov.pk","https://moitt.gov.pk","389","16202","13232.699999999","13232.699999999","","","ns.cyber.net.pk","android - chrome","Step_1","30598","https://moitt.gov.pk/NewsDetail/ZDhkZTYxZmQtMWM2YS00MmJlLWIzZmYtZjE4NDJmZDVhN2E4","15502","13215","15461","15461","15502","15502","15502","13770","text","P","","0","48","4521","4521","4527","4528","4474","13232","13232","13232","13232","13714","15279","14467","14468","14628","","16203","16203","16223","13233","13233","15502","0.25582657649205","0.25582657649205","","347","20687","17115","","","948","230330_MF_CB","1","1","316659","0","0","0","0","0","1","345480","146683","7","372765","2315163","23","2739071","1082687","21","1124452","447816","8","447816","0","0","0","116532","2","116532","0","1","0","406","3","759","230330_MF_CB","","","","","",
"13118","13118","14041","123175","117121","4119330","4074684","65","65","62","60","4","1","0","0","0","1","B9C75D01CBAB058B4B1208BFB2B6BB3B","13118","13177","11825","12032","https://moitt.gov.pk/NewsDetail/NDA0NTQwODYtMGI0Ny00ODQ5LThjMTMtMWNmZWViYzJjN2Nk","17","0","D47F1822286C0E843596469EB88DEE9A","https://moitt.gov.pk/NewsDetail/NDA0NTQwODYtMGI0Ny00ODQ5LThjMTMtMWNmZWViYzJjN2Nk","9314.8999999985","9315","9315","9346","11824","21","7","4261","12","24","36","31","-1","100","-1","-1","86","-1","0","3536006","2466194","-1","-1","457743","67370","","98","","","0","","","","","","","","","","","","","","","","","","","","","","0","0","","0","","","","","","","","","","","","","","","","","","","","","","","","","","","","","","","","","","","","","","","","","","0","","","","0","0","0","0","","8","0","514","586","45","162","221","0","0","0","0","0","0","25","0","0","0","0","0","394","91","11","57","0","0","0","0","567","2","62","8","","","11188","mukeet-ThinkPad-T490-192.168.0.112","1680189433.8907","","","92.0.4515.131","92.0.4515.131","1680189451.761","https://moitt.gov.pk/NewsDetail/NDA0NTQwODYtMGI0Ny00ODQ5LThjMTMtMWNmZWViYzJjN2Nk","moitt.gov.pk","https://moitt.gov.pk","394","13118","9314.8999999985","9314.8999999985","","","ns.cyber.net.pk","android - chrome","Step_1","29028","https://moitt.gov.pk/NewsDetail/NDA0NTQwODYtMGI0Ny00ODQ5LThjMTMtMWNmZWViYzJjN2Nk","12269","9320","11459","11517","11517","12269","12269","9841","text","H3","","0","41","4325","4325","4330","4331","4300","9314","9314","9314","9314","9345","12188","11824","11825","12032","","13117","13118","13176","9315","9315","11455","0.24926707172739","0.16323636423933","","591","17354","13825","","","1173","230330_HF_CC","1","1","421199","0","0","0","0","0","1","460052","146799","7","372878","2315163","23","2739071","1082687","21","1124452","457743","8","457743","0","0","0","116532","2","116532","0","1","0","406","3","759","230330_HF_CC","","","","","",
"16841","16841","17758","123076","119069","3874591","3830229","65","65","63","60","4","1","0","0","0","1","957E5F5F14F3A80DC8D08EB36C7E5B9C","16841","16862","15216","15416","https://moitt.gov.pk/ProjectDetail/MTYxOGVmNjktZjMwYS00OWZhLTkyYjktNzdhZWM0NWViYzMx","17","0","306683786AB0A5427EE7024BE4F250B1","https://moitt.gov.pk/ProjectDetail/MTYxOGVmNjktZjMwYS00OWZhLTkyYjktNzdhZWM0NWViYzMx","13828.699999999","13829","13829","14361","15215","21","7","4858","12","24","36","31","-1","100","-1","-1","100","-1","0","3533309","2464496","-1","-1","215701","0","","99","","","0","","","","","","","","","","","","","","","","","","","","","","0","0","","0","","","","","","","","","","","","","","","","","","","","","","","","","","","","","","","","","","","","","","","","","","0","","","","0","0","0","0","","3","0","232","501","42","125","217","0","0","0","0","0","0","24","0","0","0","0","0","346","72","16","83","0","0","0","0","438","1","256","6","","","15299","mukeet-ThinkPad-T490-192.168.0.112","1680189481.8786","","","92.0.4515.131","92.0.4515.131","1680189500.3806","https://moitt.gov.pk/ProjectDetail/MTYxOGVmNjktZjMwYS00OWZhLTkyYjktNzdhZWM0NWViYzMx","moitt.gov.pk","https://moitt.gov.pk","375","16841","13828.699999999","13828.699999999","","","ns4.rapidcompute.com","android - chrome","Step_1","31434","https://moitt.gov.pk/ProjectDetail/MTYxOGVmNjktZjMwYS00OWZhLTkyYjktNzdhZWM0NWViYzMx","15651","13835","15108","15108","15651","15651","15651","14581","image","IMG","https://moitt.gov.pk/SiteImage/Projects/onlinerecruitment.jpg","0","41","4939","4939","4942","4943","4875","13828","13828","13828","13828","14360","15561","15214","15215","15416","","16841","16841","16861","13829","15103","15103","0.2410348028604","0.15799202123082","","391","20999","16785","","","1000","230330_XJ_CD","1","1","300355","0","0","0","0","0","1","319638","144102","7","370181","2315163","23","2739071","1082687","21","1124452","215701","8","215701","0","0","0","116532","2","116532","0","1","0","406","3","759","230330_XJ_CD","","","","","",
"13106","13106","14092","123040","119033","3870614","3826252","65","65","63","60","4","1","0","0","0","1","9D32DBA897034015D858EEF6E25CC34A","13105","13157","11151","11339","https://moitt.gov.pk/ProjectDetail/MDUyYjI5YmMtM2U0ZC00ODBiLThiMGMtNDdhMmJiNGExOWI0","17","0","08BB5DED1EEE7342C2816D5E2096A73F","https://moitt.gov.pk/ProjectDetail/MDUyYjI5YmMtM2U0ZC00ODBiLThiMGMtNDdhMmJiNGExOWI0","10108.900000002","10109","10109","10180","11150","21","7","4470","20","24","36","31","-1","100","-1","-1","100","-1","-1","3534057","2464920","-1","-1","210976","0","","96","","","0","","","","","","","","","","","","","","","","","","","","","","0","0","","0","","","","","","","","","","","","","","","","","","","","","","","","","","","","","","","","","","","","","","","","","","0","","","","0","0","0","0","","6","0","506","494","59","140","235","0","0","0","0","0","0","20","0","0","0","0","0","409","92","11","54","0","0","0","0","673","4","66","7","","","11218","mukeet-ThinkPad-T490-192.168.0.112","1680189534.0555","","","92.0.4515.131","92.0.4515.131","1680189552.4954","https://moitt.gov.pk/ProjectDetail/MDUyYjI5YmMtM2U0ZC00ODBiLThiMGMtNDdhMmJiNGExOWI0","moitt.gov.pk","https://moitt.gov.pk","381","13105","10108.900000002","10108.900000002","","","ns.cyber.net.pk","android - chrome","Step_1","28934","https://moitt.gov.pk/ProjectDetail/MDUyYjI5YmMtM2U0ZC00ODBiLThiMGMtNDdhMmJiNGExOWI0","11568","10137","11055","11146","11304","11568","11568","10751","image","IMG","https://moitt.gov.pk/SiteImage/Projects/NJP-1.png","0","43","4550","4550","4555","4557","4505","10108","10108","10108","10108","10179","11499","11151","11152","11339","","13105","13106","13157","10109","11038","11038","0.2410348028604","0.2410348028604","","478","17296","13768","","","1022","230330_GZ_CE","1","1","402267","0","0","0","0","0","1","443058","144850","7","370930","2315163","23","2739071","1082687","21","1124452","210976","8","210976","0","0","0","116532","2","116532","0","1","0","406","3","759","230330_GZ_CE","","","","","",
"13161","13161","14601","123052","119045","3834363","3790001","65","65","63","60","4","1","0","0","0","1","4E05905A9F25422FE46E3504C8B6E4EA","13162","13181","11271","11455","https://moitt.gov.pk/ProjectDetail/OWY2ZTNlY2ItMDRiYi00NDY5LWFjNzctZjg4MWFiMTRkNmY1","17","0","BB1C1FC1157F750D3AD8E2B958666D2A","https://moitt.gov.pk/ProjectDetail/OWY2ZTNlY2ItMDRiYi00NDY5LWFjNzctZjg4MWFiMTRkNmY1","10177.600000001","10178","10178","10207","11270","21","7","4541","10","24","36","31","-1","100","-1","-1","100","-1","0","3534926","2465556","-1","-1","173856","0","","118","","","0","","","","","","","","","","","","","","","","","","","","","","0","0","","0","","","","","","","","","","","","","","","","","","","","","","","","","","","","","","","","","","","","","","","","","","0","","","","0","0","0","0","","5","1","508","485","73","175","258","0","0","0","0","0","0","23","0","0","0","0","0","396","78","13","63","0","0","0","0","586","6","32","9","","","11773","mukeet-ThinkPad-T490-192.168.0.112","1680189582.5147","","","92.0.4515.131","92.0.4515.131","1680189601.0889","https://moitt.gov.pk/ProjectDetail/OWY2ZTNlY2ItMDRiYi00NDY5LWFjNzctZjg4MWFiMTRkNmY1","moitt.gov.pk","https://moitt.gov.pk","387","13161","10177.600000001","10177.600000001","","","ns5.ntc.net.pk","android - chrome","Step_1","29485","https://moitt.gov.pk/ProjectDetail/OWY2ZTNlY2ItMDRiYi00NDY5LWFjNzctZjg4MWFiMTRkNmY1","11644","10162","11163","11163","11223","11644","11644","11011","image","IMG","https://moitt.gov.pk/SiteImage/Projects/COVID-APP.jpg","0","50","4624","4625","4628","4629","4577","10177","10177","10177","10177","10206","11600","11270","11271","11455","","13161","13161","13181","10178","11173","11173","0.24481289170529","0.24481289170529","","454","17812","14005","","","1106","230330_GQ_CF","1","1","381149","0","0","0","0","0","1","439675","145719","7","371799","2315163","23","2739071","1082687","21","1124452","173856","8","173856","0","0","0","116532","2","116532","0","1","0","406","3","759","230330_GQ_CF","","","","","",
"13221","13221","16115","123049","117196","3830993","3783842","65","65","62","60","4","1","0","0","0","1","4B31898FDA693129CC5BA564A1B5DCF0","13221","13234","11450","11664","https://moitt.gov.pk/ProjectDetail/ZDZjYzY3ZDAtZTQ2OS00NGRhLTliNmItMzJmMzdiYTY3ZDE0","17","0","E4DE4CAE94E90C9EE8E8DAF356ADAB5A","https://moitt.gov.pk/ProjectDetail/ZDZjYzY3ZDAtZTQ2OS00NGRhLTliNmItMzJmMzdiYTY3ZDE0","9925.3999999985","9925","9925","9973","11448","21","7","3939","9","24","36","31","-1","100","-1","-1","100","-1","0","3533541","2464605","-1","-1","171871","0","","185","","","0","","","","","","","","","","","","","","","","","","","","","","0","0","","0","","","","","","","","","","","","","","","","","","","","","","","","","","","","","","","","","","","","","","","","","","0","","","","0","0","0","0","","7","0","517","496","60","161","252","0","0","0","0","0","0","22","0","0","0","0","0","521","90","29","132","0","0","0","0","624","7","69","9","","","12933","mukeet-ThinkPad-T490-192.168.0.112","1680189632.7545","","","92.0.4515.131","92.0.4515.131","1680189649.5119","https://moitt.gov.pk/ProjectDetail/ZDZjYzY3ZDAtZTQ2OS00NGRhLTliNmItMzJmMzdiYTY3ZDE0","moitt.gov.pk","https://moitt.gov.pk","376","13221","9925.3999999985","9925.3999999985","","","ns3.rapidcompute.com","android - chrome","Step_1","32987","https://moitt.gov.pk/ProjectDetail/ZDZjYzY3ZDAtZTQ2OS00NGRhLTliNmItMzJmMzdiYTY3ZDE0","11870","9921","11401","11401","11401","11870","11870","10861","image","IMG","https://moitt.gov.pk/SiteImage/Projects/itexport.jpg","0","41","4024","4024","4027","4029","3957","9925","9925","9925","9925","9972","11811","11448","11449","11663","13399","13220","13221","13233","9925","11415","11415","0.25078225035798","0.25078225035798","","530","19438","15491","","","1116","230330_48_CG","1","1","314634","0","0","0","0","0","1","407653","144334","7","370415","2315163","23","2739071","1082687","21","1124452","171871","8","171871","0","0","0","116532","2","116532","0","1","0","406","3","759","230330_48_CG","","","","","",
"14789","14789","16631","123049","116995","3827871","3783225","65","65","62","60","4","1","0","0","0","1","4DA3DC9DD99A31523D859AAE5664F306","14789","14804","13405","13624","https://moitt.gov.pk/ProjectDetail/NWJhZmE3NDAtYWFmZi00NzYwLThhMzEtNTczMjUxMjQ0YmJk","17","0","CDDB46D84D92648E1B4F79AA39F30BB1","https://moitt.gov.pk/ProjectDetail/NWJhZmE3NDAtYWFmZi00NzYwLThhMzEtNTczMjUxMjQ0YmJk","10782.5","10783","10783","10832","13404","21","7","5549","11","24","36","31","-1","100","-1","-1","100","-1","0","3533312","2464482","-1","-1","168978","0","","145","","","0","","","","","","","","","","","","","","","","","","","","","","0","0","","0","","","","","","","","","","","","","","","","","","","","","","","","","","","","","","","","","","","","","","","","","","0","","","","0","0","0","0","","5","0","496","592","43","160","234","0","0","0","0","0","0","25","0","0","0","0","0","445","76","21","95","0","0","0","0","591","3","39","9","","","13651","mukeet-ThinkPad-T490-192.168.0.112","1680189683.5892","","","92.0.4515.131","92.0.4515.131","1680189701.4865","https://moitt.gov.pk/ProjectDetail/NWJhZmE3NDAtYWFmZi00NzYwLThhMzEtNTczMjUxMjQ0YmJk","moitt.gov.pk","https://moitt.gov.pk","374","14789","10782.5","10782.5","","","ns5.ntc.net.pk","android - chrome","Step_1","32807","https://moitt.gov.pk/ProjectDetail/NWJhZmE3NDAtYWFmZi00NzYwLThhMzEtNTczMjUxMjQ0YmJk","13820","10779","11243","11392","11866","13820","13820","11001","text","H3","","0","42","5641","5641","5646","5647","5581","10782","10782","10782","10782","10832","13776","13403","13404","13624","","14789","14789","14804","10783","10783","11527","0.25405289656342","0.15799202123082","","529","19893","16108","","","1108","230330_5Y_CH","1","1","345413","0","0","0","0","0","1","409439","144105","7","370188","2315163","23","2739071","1082687","21","1124452","168978","8","168978","0","0","0","116532","2","116532","0","1","0","406","3","759","230330_5Y_CH","","","","","",
"15029","15029","15851","123073","117019","3835791","3791145","65","65","62","60","4","1","0","0","0","1","EAEE024A4A6EF3BDB0B6404152ABBE60","15029","15079","13865","14050","https://moitt.gov.pk/ProjectDetail/M2QzOWJmMjUtZTU3MC00NmFkLWE4YmMtZDFhMmRlOGU2NGRh","17","0","F974763CB78555184BE5A8E37981E87C","https://moitt.gov.pk/ProjectDetail/M2QzOWJmMjUtZTU3MC00NmFkLWE4YmMtZDFhMmRlOGU2NGRh","8869.0999999978","8869","8869","8909","13865","21","7","3451","15","24","36","31","-1","100","-1","-1","100","-1","0","3533560","2464611","-1","-1","176650","0","","200","","","0","","","","","","","","","","","","","","","","","","","","","","0","0","","0","","","","","","","","","","","","","","","","","","","","","","","","","","","","","","","","","","","","","","","","","","0","","","","0","0","0","0","","5","0","536","565","48","146","229","0","0","0","0","0","0","31","0","0","0","0","0","476","95","25","132","0","0","0","0","493","4","55","9","","","12799","mukeet-ThinkPad-T490-192.168.0.112","1680189736.4368","","","92.0.4515.131","92.0.4515.131","1680189755.4358","https://moitt.gov.pk/ProjectDetail/M2QzOWJmMjUtZTU3MC00NmFkLWE4YmMtZDFhMmRlOGU2NGRh","moitt.gov.pk","https://moitt.gov.pk","376","15029","8869.0999999978","8869.0999999978","","","ns4.rapidcompute.com","android - chrome","Step_1","31540","https://moitt.gov.pk/ProjectDetail/M2QzOWJmMjUtZTU3MC00NmFkLWE4YmMtZDFhMmRlOGU2NGRh","14273","8865","9594","9594","9594","14273","14273","9422","image","IMG","https://moitt.gov.pk/SiteImage/Projects/pm%20secretariat.jpg","0","43","3540","3540","3542","3543","3468","8869","8869","8869","8869","8909","14216","13864","13865","14050","","15028","15029","15079","8869","9596","9596","0.25405289656342","0.15799202123082","","553","19065","15024","","","1205","230330_R0_CJ","1","1","309337","0","0","0","0","0","1","327443","144353","7","370433","2315163","23","2739071","1082687","21","1124452","176650","8","176650","0","0","0","116532","2","116532","0","1","0","406","3","759","230330_R0_CJ","","","","","",
"13193","13193","15003","124889","118835","4156423","4111777","66","66","63","61","4","1","0","0","0","1","6B146B493CF8EF6ED19CBDF002F55BFD","13193","13215","12189","12380","https://moitt.gov.pk/Gallery","17","0","6A8530ED00C6E9AD83F903A43A695180","https://moitt.gov.pk/Gallery","9851","9851","9851","9902","12187","21","7","4846","12","24","36","31","-1","100","-1","-1","89","-1","100","3535745","2466756","-1","-1","495097","56751","","172","","","0","","","","","","","","","","","","","","","","","","","","","","0","0","","0","","","","","","","","","","","","","","","","","","","","","","","","","","","","","","","","","","","","","","","","","","0","","","","0","0","0","0","","11","0","527","580","44","151","245","0","0","0","0","0","0","21","0","0","0","0","0","487","85","20","103","0","0","0","0","558","4","70","7","","","11918","mukeet-ThinkPad-T490-192.168.0.112","1680189788.3079","","","92.0.4515.131","92.0.4515.131","1680189806.9642","https://moitt.gov.pk/Gallery","moitt.gov.pk","https://moitt.gov.pk","407","13188","9851","9851","","","ns4.rapidcompute.com","android - chrome","Step_1","31255","https://moitt.gov.pk/Gallery","12576","9840","10993","10993","11824","12576","12576","10207","image","IMG","https://moitt.gov.pk/SiteImage/Gallery/gov-logo.png","0","40","4928","4928","4932","4934","4880","9851","9851","9851","9851","9901","12516","12187","12189","12381","","13188","13193","13215","9851","10998","10998","0.26436334242332","0.15799202123082","","541","18306","14754","","","1144","230330_Z4_CK","1","1","409217","0","0","0","0","0","1","492605","146538","7","372617","2315163","23","2739071","1082687","21","1124452","495097","9","495097","0","0","0","116532","2","116532","0","1","0","406","3","759","230330_Z4_CK","","","","","",
"11702","11702","14273","120870","116863","3825777","3781415","64","64","62","59","4","1","0","0","0","1","6640007E7A0E6D02694CFA804A87238C","11702","11756","9861","10009","https://moitt.gov.pk/Download","17","0","3B81D344179236E1BC2977F530A73373","https://moitt.gov.pk/Download","8449.9000000022","8450","8450","8690","9860","21","7","3218","14","25","37","31","-1","100","-1","-1","100","-1","-1","3537008","2467612","-1","-1","163168","0","","154","","","0","","","","","","","","","","","","","","","","","","","","","","0","0","","0","","","","","","","","","","","","","","","","","","","","","","","","","","","","","","","","","","","","","","","","","","0","","","","0","0","0","0","","5","0","560","513","37","154","246","0","0","0","0","0","0","32","0","0","0","0","0","457","92","18","157","0","0","0","0","521","9","57","6","","","11254","mukeet-ThinkPad-T490-192.168.0.112","1680189840.3559","","","92.0.4515.131","92.0.4515.131","1680189859.3025","https://moitt.gov.pk/Download","moitt.gov.pk","https://moitt.gov.pk","429","11701","8449.9000000022","8449.9000000022","","","ns4.ntc.net.pk","android - chrome","Step_1","27912","https://moitt.gov.pk/Download","10153","8441","8441","9082","9618","10153","10153","8581","image","DIV","https://moitt.gov.pk/images/1.png","0","46","3299","3299","3302","3303","3251","8449","8449","8449","8449","8689","10146","9860","9861","10009","11762","11701","11702","11756","8450","9614","9614","0.25091713954048","0.15799202123082","","444","17561","13715","","","964","230330_TF_CM","1","1","346067","0","0","0","0","0","1","445711","147801","7","373882","2315163","23","2739071","1082687","21","1124452","163168","7","163168","0","0","0","116532","2","116532","0","1","0","426","3","787","230330_TF_CM","","","","","",
"13083","13083","18226","162807","114975","4018060","3776988","79","79","61","74","4","1","0","0","0","1","EB79D13587E4ECB943C2987CBEA64145","13083","13135","11994","12220","https://moitt.gov.pk/TenderDetail/MjI5MGQzYTctYzM0Yi00ZWFmLWI5NjEtZDM5ZjQ3NjhkMWZh","17","0","4EE14D9D3B49C53E755D1407E563B177","https://moitt.gov.pk/TenderDetail/MjI5MGQzYTctYzM0Yi00ZWFmLWI5NjEtZDM5ZjQ3NjhkMWZh","9473.3999999985","9473","9473","9473","11993","21","7","4583","15","27","50","31","-1","100","-1","-1","100","-1","0","3633139","2528761","-1","-1","259014","0","","191","","","0","","","","","","","","","","","","","","","","","","","","","","0","0","","0","","","","","","","","","","","","","","","","","","","","","","","","","","","","","","","","","","","","","","","","","","0","","","","0","0","0","0","","4","0","340","557","34","124","241","0","0","0","0","0","0","21","0","0","0","0","0","459","84","20","149","0","0","0","0","465","6","269","7","","","15254","mukeet-ThinkPad-T490-192.168.0.112","1680189888.3398","","","92.0.4515.131","92.0.4515.131","1680189906.7067","https://moitt.gov.pk/TenderDetail/MjI5MGQzYTctYzM0Yi00ZWFmLWI5NjEtZDM5ZjQ3NjhkMWZh","moitt.gov.pk","https://moitt.gov.pk","372","13083","9473.3999999985","9473.3999999985","","","ns4.rapidcompute.com","android - chrome","Step_1","31670","https://moitt.gov.pk/TenderDetail/MjI5MGQzYTctYzM0Yi00ZWFmLWI5NjEtZDM5ZjQ3NjhkMWZh","17152","9484","12432","14924","14924","17152","17152","10468","text","H3","","0","43","4656","4656","4660","4661","4618","9473","9473","9473","9473","9473","12354","11993","11994","12220","13638","13082","13083","13134","9473","9473","10455","0.28711659069444","0.15799202123082","","525","21499","16999","","","1387","230330_EM_CN","1","1","294514","0","0","0","0","0","1","444351","143678","7","369756","2412361","29","2856450","1084397","23","1149609","259340","13","259340","0","0","0","116532","2","116532","0","1","0","1752","4","5338","230330_EM_CN","","","","","",
"11677","11677","19649","162807","114975","4018073","3777001","79","79","61","74","4","1","0","0","0","1","F661683D22217CEEB78B01453DF86692","11677","11725","10399","10587","https://moitt.gov.pk/TenderDetail/YTdlZThmNzctMjBjYy00NzU1LTgxOWEtZmRjNmI4OGJiMTQy","17","0","363EDAC3D022AC1409FA370A65C149A4","https://moitt.gov.pk/TenderDetail/YTdlZThmNzctMjBjYy00NzU1LTgxOWEtZmRjNmI4OGJiMTQy","7895","7895","7895","7895","10396","21","7","2906","8","27","50","31","-1","100","-1","-1","100","-1","0","3633152","2528773","-1","-1","259014","0","","279","","","0","","","","","","","","","","","","","","","","","","","","","","0","0","","0","","","","","","","","","","","","","","","","","","","","","","","","","","","","","","","","","","","","","","","","","","0","","","","0","0","0","0","","11","1","339","556","27","129","233","0","0","0","0","0","0","18","0","0","0","0","0","577","65","33","200","0","0","0","0","524","9","313","12","","","16325","mukeet-ThinkPad-T490-192.168.0.112","1680189940.5449","","","92.0.4515.131","92.0.4515.131","1680189958.4597","https://moitt.gov.pk/TenderDetail/YTdlZThmNzctMjBjYy00NzU1LTgxOWEtZmRjNmI4OGJiMTQy","moitt.gov.pk","https://moitt.gov.pk","372","11674","7895","7895","","","ns.cyber.net.pk","android - chrome","Step_1","43554","https://moitt.gov.pk/TenderDetail/YTdlZThmNzctMjBjYy00NzU1LTgxOWEtZmRjNmI4OGJiMTQy","17691","7884","10757","14286","14286","17691","17691","9053","text","H3","","0","41","2986","2986","2989","2990","2937","7894","7894","7894","7894","7894","10723","10396","10399","10588","12593","11674","11677","11725","7895","7895","9185","0.24562921440388","0.15799202123082","","528","23001","18320","","","1479","230330_JC_CP","1","1","239985","0","0","0","0","0","1","430623","143691","7","369770","2412361","29","2856450","1084397","23","1149609","259340","13","259340","0","0","0","116532","2","116532","0","1","0","1752","4","5338","230330_JC_CP","","","","","",
"13362","13362","21335","160952","113120","4016946","3775874","78","78","60","74","3","1","0","0","0","1","612E20F881FDE6C70201D3467F3C8091","13363","13404","12145","12332","https://moitt.gov.pk/JobDetail/NjViNDBmZGUtNmNkNy00ZjZhLWJiZTctZmFjZDZmOTY4NGZm","17","0","7FA3DDA0882DB7874F78945895F293FB","https://moitt.gov.pk/JobDetail/NjViNDBmZGUtNmNkNy00ZjZhLWJiZTctZmFjZDZmOTY4NGZm","9776.5999999978","9777","9777","9777","12143","21","6","4487","56","27","50","31","-1","100","-1","-1","100","-1","0","3633270","2528858","-1","-1","259014","0","","376","","","0","","","","","","","","","","","","","","","","","","","","","","0","0","","0","","","","","","","","","","","","","","","","","","","","","","","","","","","","","","","","","","","","","","","","","","0","","","","0","0","0","0","","12","0","335","564","35","127","208","2","0","2","2","0","0","21","0","0","0","0","0","699","81","43","258","0","0","0","0","390","9","258","5","","","17907","mukeet-ThinkPad-T490-192.168.0.112","1680190007.8618","","","92.0.4515.131","92.0.4515.131","1680190032.3295","https://moitt.gov.pk/JobDetail/NjViNDBmZGUtNmNkNy00ZjZhLWJiZTctZmFjZDZmOTY4NGZm","moitt.gov.pk","https://moitt.gov.pk","376","13362","9776.5999999978","9776.5999999978","","","ns5.ntc.net.pk","android - chrome","Step_1","35326","https://moitt.gov.pk/JobDetail/NjViNDBmZGUtNmNkNy00ZjZhLWJiZTctZmFjZDZmOTY4NGZm","20482","9757","17581","17581","17581","20482","20482","11365","image","DIV","https://moitt.gov.pk/images/1.png","0","49","4568","4568","4571","4572","4503","9776","9776","9776","9776","9776","12467","12143","12145","12332","14115","13361","13362","13404","9777","10627","10627","0.24861449732884","0.15799202123082","","584","24580","20593","","","1488","230330_C1_CQ","1","1","238422","0","0","0","0","0","1","425450","142564","6","368645","2412361","29","2856450","1084397","23","1149609","259340","13","259340","0","0","0","116532","2","116532","0","1","0","1752","4","5338","230330_C1_CQ","","","","","",
