"loadTime","docTime","fullyLoaded","bytesOut","bytesOutDoc","bytesIn","bytesInDoc","requests","requestsFull","requestsDoc","responses_200","responses_404","responses_other","result","testStartOffset","cached","optimization_checked","main_frame","loadEventStart","loadEventEnd","domContentLoadedEventStart","domContentLoadedEventEnd","URL","connections","final_base_page_request","final_base_page_request_id","final_url","firstPaint","firstContentfulPaint","firstMeaningfulPaint","firstImagePaint","domInteractive","renderBlockingCSS","renderBlockingJS","TTFB","score_cache","score_cdn","score_gzip","score_cookies","score_keep-alive","score_minify","score_combine","score_compress","score_etags","score_progressive_jpeg","gzip_total","gzip_savings","minify_total","minify_savings","image_total","image_savings","base_page_cdn","cpu.UpdateLayerTree","cpu.EventDispatch","cpu.CommitLoad","cpu.EvaluateScript","cpu.v8.compile","cpu.ParseHTML","cpu.ResourceFetcher::requestResource","cpu.ParseAuthorStyleSheet","cpu.MinorGC","cpu.V8.GC_HEAP_PROLOGUE","cpu.V8.GC_HEAP_EXTERNAL_PROLOGUE","cpu.V8.GC_SCAVENGER_COMPLETE_SWEEP_ARRAY_BUFFERS","cpu.V8.GC_SCAVENGER","cpu.V8.GC_TIME_TO_SAFEPOINT","cpu.V8.GC_HEAP_PROLOGUE_SAFEPOINT","cpu.V8.GC_SCAVENGER_SCAVENGE","cpu.V8.GC_SCAVENGER_SCAVENGE_WEAK_GLOBAL_HANDLES_IDENTIFY","cpu.V8.GC_SCAVENGER_SCAVENGE_ROOTS","cpu.V8.GC_SCAVENGER_SCAVENGE_PARALLEL","cpu.V8.GC_SCAVENGER_SCAVENGE_WEAK_GLOBAL_HANDLES_PROCESS","cpu.V8.GC_SCAVENGER_SCAVENGE_FINALIZE","cpu.V8.GC_SCAVENGER_SCAVENGE_UPDATE_REFS","cpu.V8.GC_SCAVENGER_FREE_REMEMBERED_SET","cpu.V8.GC_SCAVENGER_SWEEP_ARRAY_BUFFERS","cpu.V8.GC_HEAP_EXTERNAL_WEAK_GLOBAL_HANDLES","cpu.V8.GC_HEAP_EPILOGUE_SAFEPOINT","cpu.V8.GC_HEAP_EPILOGUE_REDUCE_NEW_SPACE","cpu.V8.GC_HEAP_EXTERNAL_EPILOGUE","cpu.V8.GC_HEAP_EPILOGUE","cpu.UpdateLayoutTree","cpu.Layout","cpu.IntersectionObserverController::computeIntersections","cpu.Paint","cpu.ResourceChangePriority","cpu.largestContentfulPaint::Candidate","cpu.HitTest","cpu.FunctionCall","cpu.FireAnimationFrame","cpu.XHRReadyStateChange","cpu.MarkDOMContent","cpu.TimerFire","cpu.XHRLoad","cpu.MajorGC","cpu.V8.GC_MC_COMPLETE_SWEEPING","cpu.V8.GC_MC_COMPLETE_SWEEP_ARRAY_BUFFERS","cpu.V8.GC_MARK_COMPACTOR","cpu.V8.GC_MC_MARK_EMBEDDER_PROLOGUE","cpu.BlinkGC.IncrementalMarkingStartMarking","cpu.BlinkGC.VisitRoots","cpu.V8.GC_MC_PROLOGUE","cpu.V8.GC_MC_MARK","cpu.V8.GC_MC_MARK_FINISH_INCREMENTAL","cpu.BlinkGC.AtomicPauseMarkPrologue","cpu.BlinkGC.AtomicPauseMarkRoots","cpu.V8.GC_MC_MARK_ROOTS","cpu.V8.GC_MC_MARK_MAIN","cpu.V8.GC_MC_MARK_WEAK_CLOSURE","cpu.V8.GC_MC_MARK_EMBEDDER_TRACING_CLOSURE","cpu.V8.GC_MC_MARK_EMBEDDER_TRACING","cpu.BlinkGC.AtomicPauseMarkTransitiveClosure","cpu.BlinkGC.IncrementalMarkingWithDeadline","cpu.BlinkGC.MarkFlushEphemeronPairs","cpu.BlinkGC.MarkProcessWorklists","cpu.BlinkGC.MarkBailOutObjects","cpu.BlinkGC.MarkFlushV8References","cpu.BlinkGC.MarkProcessNotFullyconstructeddWorklist","cpu.BlinkGC.MarkProcessMarkingWorklist","cpu.BlinkGC.MarkProcessWriteBarrierWorklist","cpu.BlinkGC.MarkInvokeEphemeronCallbacks","cpu.V8.GC_MC_MARK_WEAK_CLOSURE_EPHEMERON","cpu.V8.GC_MC_MARK_WEAK_CLOSURE_EPHEMERON_MARKING","cpu.V8.GC_MC_MARK_WEAK_CLOSURE_WEAK_HANDLES","cpu.V8.GC_MC_MARK_WEAK_CLOSURE_WEAK_ROOTS","cpu.V8.GC_MC_MARK_WEAK_CLOSURE_HARMONY","cpu.V8.GC_MC_CLEAR","cpu.V8.GC_MC_CLEAR_STRING_TABLE","cpu.V8.GC_MC_CLEAR_FLUSHABLE_BYTECODE","cpu.V8.GC_MC_CLEAR_FLUSHED_JS_FUNCTIONS","cpu.V8.GC_MC_CLEAR_WEAK_LISTS","cpu.V8.GC_MC_CLEAR_MAPS","cpu.V8.GC_MC_CLEAR_WEAK_REFERENCES","cpu.V8.GC_MC_CLEAR_WEAK_COLLECTIONS","cpu.V8.GC_MC_SWEEP","cpu.V8.GC_MC_EVACUATE","cpu.V8.GC_MC_EVACUATE_PROLOGUE","cpu.V8.GC_MC_EVACUATE_COPY","cpu.V8.GC_MC_EVACUATE_COPY_PARALLEL","cpu.V8.GC_MC_EVACUATE_UPDATE_POINTERS","cpu.V8.GC_MC_EVACUATE_UPDATE_POINTERS_TO_NEW_ROOTS","cpu.V8.GC_MC_EVACUATE_UPDATE_POINTERS_SLOTS_MAIN","cpu.V8.GC_MC_EVACUATE_UPDATE_POINTERS_PARALLEL","cpu.V8.GC_MC_EVACUATE_UPDATE_POINTERS_WEAK","cpu.V8.GC_MC_EVACUATE_REBALANCE","cpu.V8.GC_MC_EVACUATE_CLEAN_UP","cpu.V8.GC_MC_EVACUATE_EPILOGUE","cpu.V8.GC_MC_FINISH","cpu.V8.GC_MC_FINISH_SWEEP_ARRAY_BUFFERS","cpu.V8.GC_MC_EPILOGUE","cpu.V8.GC_HEAP_EMBEDDER_TRACING_EPILOGUE","cpu.BlinkGC.AtomicPauseMarkEpilogue","cpu.BlinkGC.AtomicPauseSweepAndCompact","cpu.BlinkGC.LazySweepOnAllocation","cpu.MarkLoad","cpu.BlinkGC.LazySweepInIdle","cpu.Idle","tester","start_epoch","osVersion","os_version","browserVersion","browser_version","date","document_URL","document_hostname","document_origin","domElements","domComplete","PerformancePaintTiming.first-paint","PerformancePaintTiming.first-contentful-paint","base_page_ip_ptr","base_page_cname","base_page_dns_server","browser_name","eventName","test_run_time_ms","testUrl","lastVisualChange","render","visualComplete85","visualComplete90","visualComplete95","visualComplete99","visualComplete","SpeedIndex","LargestContentfulPaintType","LargestContentfulPaintNodeType","LargestContentfulPaintImageURL","chromeUserTiming.navigationStart","chromeUserTiming.fetchStart","chromeUserTiming.responseEnd","chromeUserTiming.unloadEventStart","chromeUserTiming.unloadEventEnd","chromeUserTiming.commitNavigationEnd","chromeUserTiming.domLoading","chromeUserTiming.firstPaint","chromeUserTiming.firstContentfulPaint","chromeUserTiming.firstMeaningfulPaintCandidate","chromeUserTiming.firstMeaningfulPaint","chromeUserTiming.firstImagePaint","chromeUserTiming.LayoutShift","chromeUserTiming.domInteractive","chromeUserTiming.domContentLoadedEventStart","chromeUserTiming.domContentLoadedEventEnd","chromeUserTiming.domComplete","chromeUserTiming.loadEventStart","chromeUserTiming.loadEventEnd","chromeUserTiming.InteractiveTime","chromeUserTiming.LargestTextPaint","chromeUserTiming.LargestContentfulPaint","chromeUserTiming.LargestImagePaint","chromeUserTiming.TotalLayoutShift","chromeUserTiming.CumulativeLayoutShift","maxFID","TTIMeasurementEnd","LastInteractive","TotalBlockingTime","testID","run","step","effectiveBps","domTime","aft","titleTime","domLoading","server_rtt","edge-processed","effectiveBpsDoc","smallImageCount","bigImageCount","maybeCaptcha","bytes.html","requests.html","bytesUncompressed.html","bytes.js","requests.js","bytesUncompressed.js","bytes.css","requests.css","bytesUncompressed.css","bytes.image","requests.image","bytesUncompressed.image","bytes.flash","requests.flash","bytesUncompressed.flash","bytes.font","requests.font","bytesUncompressed.font","bytes.video","requests.video","bytesUncompressed.video","bytes.other","requests.other","bytesUncompressed.other","id","FirstInteractive","TimeToInteractive","FirstCPUIdle","cpu.V8.GC_MC_INCREMENTAL_START","cpu.V8.GC_MC_INCREMENTAL_EXTERNAL_PROLOGUE","cpu.V8.GC_MC_INCREMENTAL_EMBEDDER_PROLOGUE","cpu.V8.GC_MC_INCREMENTAL_EXTERNAL_EPILOGUE","cpu.V8.GC_MC_INCREMENTAL","cpu.V8.GC_MC_INCREMENTAL_EMBEDDER_TRACING","cpu.BlinkGC.UnifiedMarkingStep","cpu.BlinkGC.IncrementalMarkingStep","cpu.V8.GC_MC_INCREMENTAL_FINALIZE","cpu.V8.GC_MC_INCREMENTAL_FINALIZE_BODY","axe_failed",
"16022","16022","25457","313925","159544","10518052","7954945","159","159","89","159","0","0","0","0","0","1","405F4047B1492AD9A9CC24B42984FF4F","16022","16197","7701","7958","http://www.mofept.gov.pk/","27","0","6E7514451613090B606BDA56D55F9FC7","http://www.mofept.gov.pk/","6728.3999999985","6728","6728","6963","7700","21","18","2456","56","62","47","-1","100","-1","-1","85","-1","47","4185221","2259413","-1","-1","6071435","913559","","582","12","1","284","514","22","104","208","0","0","0","0","0","0","0","0","0","0","4","0","0","0","0","0","0","0","0","0","0","521","330","349","120","0","0","17","2759","2479","0","0","33","3","0","0","0","0","0","0","0","0","0","0","0","0","0","12","0","0","0","0","0","0","0","0","0","0","12","0","0","0","0","0","0","0","0","0","0","0","0","0","0","0","0","0","0","0","0","0","0","0","0","0","0","0","0","0","0","0","0","1","0","3","0","7","17081","mukeet-ThinkPad-T490-192.168.0.112","1680232315.1862","","","92.0.4515.131","92.0.4515.131","1680232334.0615","http://www.mofept.gov.pk/","www.mofept.gov.pk","http://www.mofept.gov.pk","914","16021","6728.3999999985","6728.3999999985","","","ns3.rapidcompute.com","android - chrome","Step_1","47021","http://www.mofept.gov.pk/","25634","6731","12412","12412","25618","25634","25634","13439","background-image","DIV","http://www.mofept.gov.pk/SiteImage/Slider/kashmir-810x400.jpg","0","45","2473","2534","2534","2538","2539","6728","6728","6728","6728","6963","13639","7701","7701","7959","16022","16022","16198","16199","6728","11348","11348","0.76339106306774","0.76319733334739","2825","29000","24656","5894","230331_14_8A","1","1","457286","0","0","0","0","0","1","586388","12","18","0","306182","7","683668","2856820","56","5522256","1101774","22","1167782","6075905","67","6081014","0","0","0","175088","3","175088","0","0","0","2283","4","25027","230331_14_8A","","","","","","","","","","","","","","",
"9561","9561","10291","96919","93464","3643495","3599133","56","56","54","56","0","0","0","0","0","1","728CB43CA7E35D6DFA98D9AE0F04E852","9561","9579","8293","8504","http://www.mofept.gov.pk/Detail/NDM1NDI0ZTQtZmFjMy00ZTVlLWE5M2YtYjgxOTE4YTkyYWNi","18","0","A127EA69E96EA5503464683DCB29EE34","http://www.mofept.gov.pk/Detail/NDM1NDI0ZTQtZmFjMy00ZTVlLWE5M2YtYjgxOTE4YTkyYWNi","6761.200000003","6761","6761","7423","8292","19","5","2617","29","42","33","-1","100","-1","-1","100","-1","-1","3275201","2211893","-1","-1","163777","0","","23","5","0","468","587","22","106","224","0","0","0","0","0","0","0","0","0","0","21","0","0","0","0","0","0","0","0","0","0","162","133","3","17","0","0","1","292","7","","0","3","","","","","","","","","","","","","","","","","","","","","","","","","","","","","","","","","","","","","","","","","","","","","","","","","","","","","","","","","","","","","","0","","8215","mukeet-ThinkPad-T490-192.168.0.112","1680232399.9999","","","92.0.4515.131","92.0.4515.131","1680232418.7292","http://www.mofept.gov.pk/Detail/NDM1NDI0ZTQtZmFjMy00ZTVlLWE5M2YtYjgxOTE4YTkyYWNi","www.mofept.gov.pk","http://www.mofept.gov.pk","359","9561","6761.200000003","6761.200000003","","","ns3.rapidcompute.com","android - chrome","Step_1","26832","http://www.mofept.gov.pk/Detail/NDM1NDI0ZTQtZmFjMy00ZTVlLWE5M2YtYjgxOTE4YTkyYWNi","8732","6777","6777","7720","8732","8732","8732","7002","text","P","","0","48","2630","2688","2688","2691","2692","6761","6761","6761","6761","7423","8685","8292","8292","8504","9560","9561","9578","","6761","6761","7701","0.42812546895282","0.23063544241429","745","13061","10129","1104","230331_1Q_8C","1","1","474784","0","0","0","0","0","1","518308","","","","221884","4","448742","2050541","23","2720005","1090375","19","1127147","163777","5","163777","0","0","0","116532","2","116532","0","0","0","386","3","735","230331_1Q_8C","","","","","","","","","","","","","","",
"7377","7377","14881","148944","91417","3893082","3601643","73","73","53","73","0","0","0","0","0","1","6928F429871AB0E6891698FDB29F4C7C","7377","7445","6147","6342","http://www.mofept.gov.pk/Detail/NWJmMmM2YTQtM2YzYi00NjJkLTgzNDEtYzMxMTI4MTllY2Qw","18","0","C3B83869BEC5C2C0903713390D4AD467","http://www.mofept.gov.pk/Detail/NWJmMmM2YTQtM2YzYi00NjJkLTgzNDEtYzMxMTI4MTllY2Qw","5134.6999999955","5135","5135","6662","6146","19","5","944","30","56","33","-1","100","-1","-1","100","-1","0","3379015","2279856","-1","-1","309224","0","","22","4","0","468","507","21","91","211","0","0","0","0","0","0","0","0","0","0","25","0","0","0","0","0","0","0","0","0","0","166","118","2","26","0","0","1","319","13","","0","4","","","","","","","","","","","","","","","","","","","","","","","","","","","","","","","","","","","","","","","","","","","","","","","","","","","","","","","","","","","","","","0","","12883","mukeet-ThinkPad-T490-192.168.0.112","1680232447.6708","","","92.0.4515.131","92.0.4515.131","1680232465.6177","http://www.mofept.gov.pk/Detail/NWJmMmM2YTQtM2YzYi00NjJkLTgzNDEtYzMxMTI4MTllY2Qw","www.mofept.gov.pk","http://www.mofept.gov.pk","549","7376","5134.6999999955","5134.6999999955","","","ns3.rapidcompute.com","android - chrome","Step_1","33349","http://www.mofept.gov.pk/Detail/NWJmMmM2YTQtM2YzYi00NjJkLTgzNDEtYzMxMTI4MTllY2Qw","6679","5152","6679","6679","6679","6679","6679","6481","text","P","","0","44","959","1024","1024","1028","1030","5134","5134","5134","5134","6662","6544","6146","6147","6342","7376","7377","7445","7456","5135","5135","6662","0.3343885570047","0.24322733285912","729","18181","12503","1400","230331_5K_8D","1","1","279334","0","0","0","0","0","1","559869","","","","224678","4","451538","2147888","29","2838431","1092085","21","1152279","309550","13","309550","0","0","0","116532","2","116532","0","0","0","2349","4","9107","230331_5K_8D","12503","12503","12503","","","","","","","","","","","",
"10182","10182","10948","98681","93179","3711570","3666924","57","57","54","57","0","0","0","0","0","1","E80D0808B6BAEE1621A58E68E34AAF72","10183","10225","9178","9387","http://www.mofept.gov.pk/ProfileDetail/ZTRiMTFkZDUtMjQwZi00NzMzLWE3NWItOGVhM2MwOGRlYzBj","18","0","F1DC78349ACF32A593E4B89872DC6277","http://www.mofept.gov.pk/ProfileDetail/ZTRiMTFkZDUtMjQwZi00NzMzLWE3NWItOGVhM2MwOGRlYzBj","7534.5","7535","7535","8519","9177","19","5","3448","29","41","33","-1","100","-1","-1","100","-1","100","3274682","2211900","-1","-1","232371","0","","21","5","1","449","512","21","99","236","0","0","0","0","0","0","0","0","0","0","24","0","0","0","0","0","0","0","0","0","0","147","166","2","15","0","0","1","347","8","","0","2","","","","","","","","","","","","","","","","","","","","","","","","","","","","","","","","","","","","","","","","","","","","","","","","","","","","","","","","","","","","","","0","","8888","mukeet-ThinkPad-T490-192.168.0.112","1680232500.097","","","92.0.4515.131","92.0.4515.131","1680232516.6261","http://www.mofept.gov.pk/ProfileDetail/ZTRiMTFkZDUtMjQwZi00NzMzLWE3NWItOGVhM2MwOGRlYzBj","www.mofept.gov.pk","http://www.mofept.gov.pk","351","10182","7534.5","7534.5","","","ns5.ntc.net.pk","android - chrome","Step_1","26132","http://www.mofept.gov.pk/ProfileDetail/ZTRiMTFkZDUtMjQwZi00NzMzLWE3NWItOGVhM2MwOGRlYzBj","9626","7522","8510","8510","9626","9626","9626","8374","image","IMG","http://www.mofept.gov.pk/SiteImage/Profiles/minister.jpg","0","41","3463","3533","3533","3537","3538","7534","7534","7534","7534","8518","9581","9177","9177","9386","10182","10182","10224","","7535","8519","8519","0.25605845193794","0.19749002653853","699","14047","10797","1134","230331_8Q_8E","1","1","494876","0","0","0","0","0","1","544538","","","","221365","4","448224","2050541","23","2720005","1090375","19","1127147","232371","6","232371","0","0","0","116532","2","116532","0","0","0","386","3","735","230331_8Q_8E","","","","","","","","","","","","","","",
"7963","7963","8981","98774","89235","3902753","3809862","57","57","52","57","0","0","0","0","0","1","C98745CE68C0DAD112DC0D5745152B47","7963","8022","6604","6814","http://www.mofept.gov.pk/ProfileDetail/ZWZhNzlhNmYtODgxMi00YmZkLWE2NDktNmVhZTE1MDJhOGJj","18","0","5C8C571294E989CDBAFB53CC7D8495FA","http://www.mofept.gov.pk/ProfileDetail/ZWZhNzlhNmYtODgxMi00YmZkLWE2NDktNmVhZTE1MDJhOGJj","5811.3999999985","5811","5811","7254","6603","19","5","1579","29","41","33","-1","100","-1","-1","100","-1","100","3281139","2216899","-1","-1","417097","0","","17","3","0","492","559","24","105","227","0","0","0","0","0","0","0","0","0","1","22","0","0","0","0","0","0","0","0","0","0","167","136","2","12","0","0","1","334","12","","0","2","","","","","","","","","","","","","","","","","","","","","","","","","","","","","","","","","","","","","","","","","","","","","","","","","","","","","","","","","","","","","","0","","6864","mukeet-ThinkPad-T490-192.168.0.112","1680232544.886","","","92.0.4515.131","92.0.4515.131","1680232561.7099","http://www.mofept.gov.pk/ProfileDetail/ZWZhNzlhNmYtODgxMi00YmZkLWE2NDktNmVhZTE1MDJhOGJj","www.mofept.gov.pk","http://www.mofept.gov.pk","432","7962","5811.3999999985","5811.3999999985","","","ns5.ntc.net.pk","android - chrome","Step_1","27177","http://www.mofept.gov.pk/ProfileDetail/ZWZhNzlhNmYtODgxMi00YmZkLWE2NDktNmVhZTE1MDJhOGJj","7508","5814","7265","7265","7265","7508","7508","6914","image","IMG","http://www.mofept.gov.pk/SiteImage/Profiles/Addl%20Sec%20Incharge%20Waseem%20Ajmal.jpeg","0","41","1587","1636","1636","1639","1640","5811","5811","5811","5811","7254","7100","6603","6604","6814","7963","7963","8022","","5811","7453","7453","0.18072839473571","0.18072839473571","787","12020","8882","1224","230331_JF_8F","1","1","527256","0","0","0","0","0","1","596782","","","","227822","4","454681","2050541","23","2720005","1090375","19","1127147","417097","6","417097","0","0","0","116532","2","116532","0","0","0","386","3","735","230331_JF_8F","","","","","","","","","","","","","","",
"13774","13774","15912","98711","93209","3744583","3699937","57","57","54","57","0","0","0","0","0","1","6C0620C6AB90884383FC47EA0F41D472","13773","13819","11709","11919","http://www.mofept.gov.pk/Detail/MTM2MjU3MDctYWZkMC00MzJmLTlhZjMtNmNlZTA4YThiOTgx","18","0","2171D19F204BB7228A7155F527D7D90D","http://www.mofept.gov.pk/Detail/MTM2MjU3MDctYWZkMC00MzJmLTlhZjMtNmNlZTA4YThiOTgx","7297.5","7298","7298","8415","11707","19","5","2010","29","41","33","-1","100","-1","-1","94","-1","0","3272087","2209997","-1","-1","267979","18305","","25","5","0","533","558","20","114","228","0","0","0","0","0","0","0","0","0","0","32","0","0","0","0","0","0","0","0","0","0","161","171","3","17","0","0","3","382","15","","0","3","","","","","","","","","","","","","","","","","","","","","","","","","","","","","","","","","","","","","","","","","","","","","","","","","","","","","","","","","","","","","","0","","13640","mukeet-ThinkPad-T490-192.168.0.112","1680232589.994","","","92.0.4515.131","92.0.4515.131","1680232608.9072","http://www.mofept.gov.pk/Detail/MTM2MjU3MDctYWZkMC00MzJmLTlhZjMtNmNlZTA4YThiOTgx","www.mofept.gov.pk","http://www.mofept.gov.pk","329","13772","7297.5","7297.5","","","ns3.rapidcompute.com","android - chrome","Step_1","37985","http://www.mofept.gov.pk/Detail/MTM2MjU3MDctYWZkMC00MzJmLTlhZjMtNmNlZTA4YThiOTgx","12156","7285","9950","9950","9950","12156","12156","8574","image","IMG","http://www.mofept.gov.pk/SiteImage/Misc/images/Organogram%2027-9-2021.JPG","0","42","2025","2085","2085","2089","2090","7297","7297","7297","7297","8415","12129","11708","11710","11919","13773","13774","13819","","7298","9947","9947","0.61067333070237","0.41288270122287","513","17377","15944","1355","230331_9P_8G","1","1","269355","0","0","0","0","0","1","314513","","","","218770","4","445627","2050541","23","2720005","1090375","19","1127147","267979","6","267979","0","0","0","116532","2","116532","0","0","0","386","3","735","230331_9P_8G","","","","","","","","","","","","","","",
"7989","7989","8690","96919","91417","3641395","3596749","58","58","55","58","0","0","0","0","0","1","CA03B7C1613EEFD2DDDA662F14407744","7989","8019","6896","7102","http://www.mofept.gov.pk/Detail/NWNmYmVjMmQtODM1Yy00Y2RjLWE1YjEtYjYwZjVkODBlYWU4","18","0","48BEA7DD4B87DB842DF73DCFD4F580E6","http://www.mofept.gov.pk/Detail/NWNmYmVjMmQtODM1Yy00Y2RjLWE1YjEtYjYwZjVkODBlYWU4","5067.299999997","5067","5067","5621","6895","19","5","901","29","42","33","-1","100","-1","-1","100","-1","-1","3273101","2210835","-1","-1","163777","0","","23","3","0","498","607","21","101","249","0","0","0","0","0","0","0","0","0","0","24","0","0","0","0","0","0","0","0","0","0","155","113","3","23","0","0","1","303","11","","0","3","","","","","","","","","","","","","","","","","","","","","","","","","","","","","","","","","","","","","","","","","","","","","","","","","","","","","","","","","","","","","","0","","6551","mukeet-ThinkPad-T490-192.168.0.112","1680232649.5826","","","92.0.4515.131","92.0.4515.131","1680232671.1753","http://www.mofept.gov.pk/Detail/NWNmYmVjMmQtODM1Yy00Y2RjLWE1YjEtYjYwZjVkODBlYWU4","www.mofept.gov.pk","http://www.mofept.gov.pk","350","7989","5067.299999997","5067.299999997","","","ns4.ntc.net.pk","android - chrome","Step_1","24161","http://www.mofept.gov.pk/Detail/NWNmYmVjMmQtODM1Yy00Y2RjLWE1YjEtYjYwZjVkODBlYWU4","7299","5075","5075","5966","6435","7299","7299","5286","image","DIV","http://www.mofept.gov.pk/images/1.png","0","38","912","966","966","971","972","5067","5067","5067","5067","5621","7266","6895","6895","7101","7988","7989","8019","","5067","5956","5956","0.34898789222106","0.19749002653853","792","11494","8355","1114","230331_5V_8H","1","1","467504","0","0","0","0","0","1","507442","","","","219784","4","446640","2050541","23","2720005","1090375","19","1127147","163777","5","163777","0","0","0","116532","2","116532","0","0","0","386","3","735","230331_5V_8H","","","","","","","","","","","","","","",
"8753","8753","10953","142071","91417","3877072","3603573","70","70","53","70","0","0","0","0","0","1","7DD417E9374EA37BC62FE83098E6F79E","8753","8784","7586","7834","http://www.mofept.gov.pk/Detail/MDEwYjNkZDEtY2RhMy00ZDU3LTg3OTEtNTI2ZTIxYzYwMDAz","18","0","49504A4A68E2B06C0277595CA0C14EEF","http://www.mofept.gov.pk/Detail/MDEwYjNkZDEtY2RhMy00ZDU3LTg3OTEtNTI2ZTIxYzYwMDAz","5594.1000000015","5594","5594","6117","7585","19","5","1761","29","54","33","-1","100","-1","-1","100","-1","-1","3378955","2281475","-1","-1","293274","0","","24","3","0","502","583","21","100","229","0","0","0","0","0","0","0","0","0","0","25","0","0","0","0","0","0","0","0","0","0","167","128","2","26","0","0","2","335","10","","0","2","","","","","","","","","","","","","","","","","","","","","","","","","","","","","","","","","","","","","","","","","","","","","","","","","","","","","","","","","","","","","","0","","8793","mukeet-ThinkPad-T490-192.168.0.112","1680232696.4345","","","92.0.4515.131","92.0.4515.131","1680232714.1476","http://www.mofept.gov.pk/Detail/MDEwYjNkZDEtY2RhMy00ZDU3LTg3OTEtNTI2ZTIxYzYwMDAz","www.mofept.gov.pk","http://www.mofept.gov.pk","463","8752","5594.1000000015","5594.1000000015","","","ns5.ntc.net.pk","android - chrome","Step_1","24975","http://www.mofept.gov.pk/Detail/MDEwYjNkZDEtY2RhMy00ZDU3LTg3OTEtNTI2ZTIxYzYwMDAz","8008","5592","5862","5887","6981","8008","8008","5804","text","P","","0","44","1776","1833","1833","1837","1838","5594","5594","5594","5594","6116","7998","7585","7586","7834","8752","8753","8784","","5594","5594","6885","0.34612944348479","0.19749002653853","1001","14243","11222","1561","230331_AW_8J","1","1","421787","0","0","0","0","0","1","515385","","","","226608","4","453466","2145898","27","2831363","1092085","21","1152279","293600","12","293600","0","0","0","116532","2","116532","0","0","0","2349","4","9107","230331_AW_8J","","","","","","","","","","","","","","",
"8501","8501","14108","148944","93464","3902183","3611028","73","73","54","73","0","0","0","0","0","1","75D7F472F119EC3949474FEDA6526E73","8501","8532","7323","7565","http://www.mofept.gov.pk/Detail/OTk4ZjM0YjAtMjM0Zi00Yjk5LThkZjQtNTYyMDYyMzM2Njc1","18","0","B3B421F0B4D2A82D659DDDF9DF72166C","http://www.mofept.gov.pk/Detail/OTk4ZjM0YjAtMjM0Zi00Yjk5LThkZjQtNTYyMDYyMzM2Njc1","5757.1000000015","5757","5757","7875","7322","19","5","1585","30","56","33","-1","100","-1","-1","100","-1","0","3388116","2287971","-1","-1","309224","0","","24","3","0","498","587","23","89","216","0","0","0","0","0","1","0","0","0","0","22","0","0","0","0","0","0","0","0","0","0","179","143","2","22","0","0","1","345","10","","0","5","","","","","","","","","","","","","","","","","","","","","","","","","","","","","","","","","","","","","","","","","","","","","","","","","","","","","","","","","","","","","","0","","11937","mukeet-ThinkPad-T490-192.168.0.112","1680232741.2446","","","92.0.4515.131","92.0.4515.131","1680232757.1977","http://www.mofept.gov.pk/Detail/OTk4ZjM0YjAtMjM0Zi00Yjk5LThkZjQtNTYyMDYyMzM2Njc1","www.mofept.gov.pk","http://www.mofept.gov.pk","596","8500","5757.1000000015","5757.1000000015","","","ns4.ntc.net.pk","android - chrome","Step_1","29409","http://www.mofept.gov.pk/Detail/OTk4ZjM0YjAtMjM0Zi00Yjk5LThkZjQtNTYyMDYyMzM2Njc1","7868","5746","7868","7868","7868","7868","7868","7592","text","P","","0","45","1600","1664","1664","1667","1669","5757","5757","5757","5757","7874","7760","7322","7322","7564","8500","8501","8532","9039","5757","5757","7875","0.16983422887053","0.091161224145587","1019","17373","12574","1607","230331_RV_8K","1","1","311601","0","0","0","0","0","1","522126","","","","233779","4","460637","2147888","29","2838431","1092085","21","1152279","309550","13","309550","0","0","0","116532","2","116532","0","0","0","2349","4","9107","230331_RV_8K","","","","","","","","","","","","","","",
"11449","11449","14936","142071","91417","3880348","3606849","70","70","53","70","0","0","0","0","0","1","385F1CB51A98B65A07F5584254F9C258","11449","11487","10288","10517","http://www.mofept.gov.pk/Detail/YWUyZTdlM2QtNjQ1ZS00MTJlLWIwYjktYjk0N2E3NmU3YmNj","18","0","650DCA749EC9A5C71CB920C8591606E1","http://www.mofept.gov.pk/Detail/YWUyZTdlM2QtNjQ1ZS00MTJlLWIwYjktYjk0N2E3NmU3YmNj","8080.200000003","8080","8080","8864","10288","19","5","2560","29","54","33","-1","100","-1","-1","100","-1","-1","3382231","2284475","-1","-1","293274","0","","25","4","1","470","565","25","86","241","0","0","0","0","0","0","0","0","0","0","24","0","0","0","0","0","0","0","0","0","0","174","157","2","28","0","0","18","341","9","","0","4","","","","","","","","","","","","","","","","","","","","","","","","","","","","","","","","","","","","","","","","","","","","","","","","","","","","","","","","","","","","","","0","","12764","mukeet-ThinkPad-T490-192.168.0.112","1680232787.7312","","","92.0.4515.131","92.0.4515.131","1680232804.2098","http://www.mofept.gov.pk/Detail/YWUyZTdlM2QtNjQ1ZS00MTJlLWIwYjktYjk0N2E3NmU3YmNj","www.mofept.gov.pk","http://www.mofept.gov.pk","519","11448","8080.200000003","8080.200000003","","","ns3.rapidcompute.com","android - chrome","Step_1","30362","http://www.mofept.gov.pk/Detail/YWUyZTdlM2QtNjQ1ZS00MTJlLWIwYjktYjk0N2E3NmU3YmNj","10719","8064","8064","8082","9705","10719","10719","8214","text","P","","0","42","2574","2637","2637","2641","2643","8080","8080","8080","8080","8864","10701","10288","10289","10517","11448","11449","11488","11939","8080","8080","9724","0.34614587120811","0.19749002653853","494","18216","15191","1578","230331_3S_8M","1","1","313538","0","0","0","0","0","1","405765","","","","229884","4","456740","2145898","27","2831363","1092085","21","1152279","293600","12","293600","0","0","0","116532","2","116532","0","0","0","2349","4","9107","230331_3S_8M","","","","","","","","","","","","","","",
"10695","10695","12054","96919","91417","3655859","3611213","56","56","53","56","0","0","0","0","0","1","838544C244894519B934065FB0E543D0","10695","10729","9585","9809","http://www.mofept.gov.pk/Detail/YThkNmUzYWYtNDBhZC00MDc0LTkxMzYtM2RiZTJkMWM4YTE1","18","0","7C5E8D4D5DEF9A79C63AC23DD6D873F0","http://www.mofept.gov.pk/Detail/YThkNmUzYWYtNDBhZC00MDc0LTkxMzYtM2RiZTJkMWM4YTE1","6883.299999997","6883","6883","7754","9585","19","5","2004","29","42","33","-1","100","-1","-1","100","-1","-1","3287565","2224617","-1","-1","163777","0","","39","3","0","475","553","24","99","224","1","0","0","0","0","0","0","0","0","0","28","0","0","0","0","0","0","0","0","0","0","171","202","3","41","0","0","3","317","13","","0","2","","","","","","","","","","","","","","","","","","","","","","","","","","","","","","","","","","","","","","","","","","","","","","","","","","","","","","","","","","","","","","0","","9854","mukeet-ThinkPad-T490-192.168.0.112","1680232836.6878","","","92.0.4515.131","92.0.4515.131","1680232855.4134","http://www.mofept.gov.pk/Detail/YThkNmUzYWYtNDBhZC00MDc0LTkxMzYtM2RiZTJkMWM4YTE1","www.mofept.gov.pk","http://www.mofept.gov.pk","585","10694","6883.299999997","6883.299999997","","","ns3.rapidcompute.com","android - chrome","Step_1","26795","http://www.mofept.gov.pk/Detail/YThkNmUzYWYtNDBhZC00MDc0LTkxMzYtM2RiZTJkMWM4YTE1","10004","6862","6862","7786","8499","10004","10004","7102","text","LI","","0","40","2017","2077","2077","2080","2082","6883","6883","6883","6883","7753","9992","9585","9585","9809","10694","10695","10729","9991","6883","6883","8522","0.54894849796918","0.35145847143065","518","14341","10692","1149","230331_GV_8N","1","1","363767","0","0","0","0","0","1","415511","","","","235709","4","462567","2049080","23","2714671","1090375","19","1127147","163777","5","163777","0","0","0","116532","2","116532","0","0","0","386","3","735","230331_GV_8N","","","","","","","","","","","","","","",
"23654","23654","24794","96919","91417","4047922","4003276","56","56","53","56","0","0","0","0","0","1","0026B8877B1191560CF8D2F8E6C7786F","23654","23693","22150","22872","http://www.mofept.gov.pk/Detail/YWQ3Y2MxMzItMTZkMC00OWNhLTkwYTQtMjU0ZDI2ODM2NmY0","18","0","0D4659A1D088F839646E279C94CD08ED","http://www.mofept.gov.pk/Detail/YWQ3Y2MxMzItMTZkMC00OWNhLTkwYTQtMjU0ZDI2ODM2NmY0","11597","11597","11597","12383","22150","19","5","6304","29","42","30","-1","100","-1","-1","100","-1","-1","3679628","2611952","-1","-1","163777","0","","109","5","0","261","549","73","97","227","0","0","0","0","0","0","0","0","0","0","17","0","0","0","0","0","0","0","0","0","0","474","318","2","147","0","0","4","505","7","","0","10","","0","0","0","0","","0","0","0","0","0","0","0","0","0","0","0","0","0","0","0","0","0","0","0","0","0","0","0","0","0","0","0","0","0","0","0","0","0","0","0","0","0","0","0","0","0","0","0","0","0","0","0","0","0","0","0","0","0","0","0","0","0","21988","mukeet-ThinkPad-T490-192.168.0.112","1680232883.3148","","","92.0.4515.131","92.0.4515.131","1680232901.944","http://www.mofept.gov.pk/Detail/YWQ3Y2MxMzItMTZkMC00OWNhLTkwYTQtMjU0ZDI2ODM2NmY0","www.mofept.gov.pk","http://www.mofept.gov.pk","6092","23654","11597","11597","","","ns4.ntc.net.pk","android - chrome","Step_1","69724","http://www.mofept.gov.pk/Detail/YWQ3Y2MxMzItMTZkMC00OWNhLTkwYTQtMjU0ZDI2ODM2NmY0","23072","11585","23072","23072","23072","23072","23072","21350","image","DIV","http://www.mofept.gov.pk/images/1.png","0","48","6342","6394","6394","6397","6399","11597","11597","11597","11597","12382","23010","22149","22150","22872","23654","23654","23693","22872","11597","13107","13107","0.35480020761973","0.33704508215357","162","28994","24225","377","230331_ZV_8P","1","1","218924","0","0","0","0","0","1","230736","","","","627772","4","854629","2049080","23","2714671","1090375","19","1127147","163777","5","163777","0","0","0","116532","2","116532","0","0","0","386","3","735","230331_ZV_8P","22872","22872","22872","0","0","0","0","0","0","0","0","0","0","1",
"10148","10148","11012","96778","91276","3633484","3588838","56","56","53","56","0","0","0","0","0","1","A66D4E09C74D42AA34B288227F5DEFF3","10148","10180","9159","9366","http://www.mofept.gov.pk/Policies","18","0","7537D00DA92805AD557D577797B11B4C","http://www.mofept.gov.pk/Policies","6531.400000006","6531","6531","7046","9158","19","5","1670","29","42","33","-1","100","-1","-1","100","-1","-1","3279870","2217706","-1","-1","163777","0","","32","4","0","567","571","22","99","236","0","0","0","0","0","0","0","0","0","0","22","0","0","0","0","0","0","0","0","0","0","201","113","2","30","0","0","3","324","13","","0","3","","","","","","","","","","","","","","","","","","","","","","","","","","","","","","","","","","","","","","","","","","","","","","","","","","","","","","","","","","","","","","0","","8770","mukeet-ThinkPad-T490-192.168.0.112","1680232973.7917","","","92.0.4515.131","92.0.4515.131","1680232991.7751","http://www.mofept.gov.pk/Policies","www.mofept.gov.pk","http://www.mofept.gov.pk","451","10147","6531.400000006","6531.400000006","","","ns5.ntc.net.pk","android - chrome","Step_1","24455","http://www.mofept.gov.pk/Policies","9572","6521","6521","6758","7150","9572","9572","6646","image","DIV","http://www.mofept.gov.pk/images/1.png","0","54","1690","1748","1748","1752","1753","6531","6531","6531","6531","7046","9553","9157","9158","9366","10147","10148","10180","","6531","7716","7716","0.35077567122039","0.19749002653853","796","13682","10773","1275","230331_Q1_8Q","1","1","388940","0","0","0","0","0","1","423311","","","","213309","4","440167","2049081","23","2714671","1090375","19","1127147","163777","5","163777","0","0","0","116532","2","116532","0","0","0","410","3","763","230331_Q1_8Q","","","","","","","","","","","","","","",
"9654","9654","10855","96790","91288","3644236","3599590","56","56","53","56","0","0","0","0","0","1","E93D37056B2BADEA41E2CCA3E9B7F96E","9654","9681","8534","8757","http://www.mofept.gov.pk/Publications","18","0","18663DB4D59FAE50775FBCEA20286C69","http://www.mofept.gov.pk/Publications","6097.8999999985","6098","6098","6698","8533","19","5","1937","29","42","33","-1","100","-1","-1","100","-1","-1","3275918","2214359","-1","-1","163777","0","","31","4","0","484","574","25","106","221","0","0","0","0","0","2","0","0","0","0","25","0","0","0","0","0","0","0","0","0","0","197","129","3","22","0","0","5","305","16","","0","2","","","","","","","","","","","","","","","","","","","","","","","","","","","","","","","","","","","","","","","","","","","","","","","","","","","","","","","","","","","","","","0","","8703","mukeet-ThinkPad-T490-192.168.0.112","1680233017.3084","","","92.0.4515.131","92.0.4515.131","1680233035.8009","http://www.mofept.gov.pk/Publications","www.mofept.gov.pk","http://www.mofept.gov.pk","413","9653","6097.8999999985","6097.8999999985","","","ns3.rapidcompute.com","android - chrome","Step_1","26261","http://www.mofept.gov.pk/Publications","8949","6084","6084","6084","7139","8949","8949","6238","image","DIV","http://www.mofept.gov.pk/images/1.png","0","44","1945","2003","2003","2008","2009","6097","6097","6097","6097","6697","8935","8533","8534","8758","9653","9654","9682","","6098","7153","7153","0.43701105686347","0.23952103032494","738","13138","9653","1086","230331_0B_8R","1","1","408638","0","0","0","0","0","1","466449","","","","224061","4","450920","2049081","23","2714671","1090375","19","1127147","163777","5","163777","0","0","0","116532","2","116532","0","0","0","410","3","763","230331_0B_8R","","","","","","","","","","","","","","",
"9465","9465","10661","96919","91417","3639854","3595208","56","56","53","56","0","0","0","0","0","1","DFDFBBCAE4D184676AAD40DFBC856646","9464","9495","8366","8570","http://www.mofept.gov.pk/Detail/ZWM5YmFmOTItZDZjMS00Y2Y3LWJiYjgtMzQ0Nzc5M2NmYWQ4","18","0","B180C1BD4849C77E7F170F127D789850","http://www.mofept.gov.pk/Detail/ZWM5YmFmOTItZDZjMS00Y2Y3LWJiYjgtMzQ0Nzc5M2NmYWQ4","5653.1999999955","5653","5653","6435","8366","19","5","1740","29","42","33","-1","100","-1","-1","100","-1","-1","3271560","2210577","-1","-1","163777","0","","21","4","0","478","571","24","115","244","0","0","0","0","0","1","0","0","0","0","32","0","0","0","0","0","0","0","0","0","0","157","121","2","15","0","0","2","333","17","","0","3","","","","","","","","","","","","","","","","","","","","","","","","","","","","","","","","","","","","","","","","","","","","","","","","","","","","","","","","","","","","","","0","","8521","mukeet-ThinkPad-T490-192.168.0.112","1680233064.1632","","","92.0.4515.131","92.0.4515.131","1680233082.0213","http://www.mofept.gov.pk/Detail/ZWM5YmFmOTItZDZjMS00Y2Y3LWJiYjgtMzQ0Nzc5M2NmYWQ4","www.mofept.gov.pk","http://www.mofept.gov.pk","342","9464","5653.1999999955","5653.1999999955","","","ns4.ntc.net.pk","android - chrome","Step_1","29133","http://www.mofept.gov.pk/Detail/ZWM5YmFmOTItZDZjMS00Y2Y3LWJiYjgtMzQ0Nzc5M2NmYWQ4","8795","5636","5896","6416","7146","8795","8795","5888","text","P","","0","40","1761","1825","1825","1827","1829","5653","5653","5653","5653","6434","8783","8366","8367","8570","9464","9465","9495","","5653","5653","6921","0.40512107636269","0.20763104982416","779","12866","9953","1208","230331_ET_8S","1","1","408009","0","0","0","0","0","1","465399","","","","219703","4","446562","2049081","23","2714671","1090375","19","1127147","163777","5","163777","0","0","0","116532","2","116532","0","0","0","386","3","735","230331_ET_8S","","","","","","","","","","","","","","",
"11674","11674","12507","96919","91417","3777243","3732597","56","56","53","56","0","0","0","0","0","1","903DEB98FF46E4EA5CB74B14F24F362A","11674","11708","10444","10895","http://www.mofept.gov.pk/Detail/Zjk0OGQ2NTgtZGVlZi00NmFiLWFiNzgtNDg5YThkOTQ0OWU0","18","0","27A53C54CB3DAE7945983C8785C043DB","http://www.mofept.gov.pk/Detail/Zjk0OGQ2NTgtZGVlZi00NmFiLWFiNzgtNDg5YThkOTQ0OWU0","7661.5","7661","7661","8302","10444","19","5","3404","29","42","32","-1","100","-1","-1","100","-1","-1","3408949","2342499","-1","-1","163777","0","","60","4","0","486","571","44","104","240","0","0","0","0","0","0","0","0","1","1","27","0","0","0","0","0","0","0","0","0","0","317","232","3","31","0","0","3","454","14","","0","2","","","","","","","","","","","","","","","","","","","","","","","","","","","","","","","","","","","","","","","","","","","","","","","","","","","","","","","","","","","","","","0","","9914","mukeet-ThinkPad-T490-192.168.0.112","1680233112.2314","","","92.0.4515.131","92.0.4515.131","1680233129.9578","http://www.mofept.gov.pk/Detail/Zjk0OGQ2NTgtZGVlZi00NmFiLWFiNzgtNDg5YThkOTQ0OWU0","www.mofept.gov.pk","http://www.mofept.gov.pk","2657","11673","7661.5","7661.5","","","ns5.ntc.net.pk","android - chrome","Step_1","39212","http://www.mofept.gov.pk/Detail/Zjk0OGQ2NTgtZGVlZi00NmFiLWFiNzgtNDg5YThkOTQ0OWU0","11059","7654","7837","8337","11059","11059","11059","7934","image","DIV","http://www.mofept.gov.pk/images/1.png","0","42","3428","3494","3494","3498","3499","7661","7661","7661","7661","8302","11026","10443","10444","10895","11673","11674","11708","","7661","8692","8692","0.40001311076714","0.20252308422861","1064","15181","12291","1546","230331_Z0_8T","1","1","414944","0","0","0","0","0","1","451341","","","","357092","4","583951","2049081","23","2714671","1090375","19","1127147","163777","5","163777","0","0","0","116532","2","116532","0","0","0","386","3","735","230331_Z0_8T","","","","","","","","","","","","","","",
"9010","9010","14150","148944","96033","3899499","3611471","73","73","55","73","0","0","0","0","0","1","0C7E4F4E0F1A2DAF0E2F189BAE442429","9010","9042","7954","8211","http://www.mofept.gov.pk/Detail/ODJlMmMyYTktN2QxYy00Y2Y0LWIwYjYtZmYxMDNlYmRkNmQw","18","0","E1799224CC5539ABD0AA397D1047EF65","http://www.mofept.gov.pk/Detail/ODJlMmMyYTktN2QxYy00Y2Y0LWIwYjYtZmYxMDNlYmRkNmQw","5069.6000000015","5070","5070","5863","7953","19","5","1026","30","56","33","-1","100","-1","-1","100","-1","0","3385432","2286714","-1","-1","309224","0","","26","3","0","479","562","24","108","229","0","0","0","0","0","0","0","0","0","0","23","0","0","0","0","0","0","0","0","0","0","180","150","2","45","0","0","3","333","12","","0","4","","","","","","","","","","","","","","","","","","","","","","","","","","","","","","","","","","","","","","","","","","","","","","","","","","","","","","","","","","","","","","0","","11966","mukeet-ThinkPad-T490-192.168.0.112","1680233171.3434","","","92.0.4515.131","92.0.4515.131","1680233189.2738","http://www.mofept.gov.pk/Detail/ODJlMmMyYTktN2QxYy00Y2Y0LWIwYjYtZmYxMDNlYmRkNmQw","www.mofept.gov.pk","http://www.mofept.gov.pk","580","9009","5069.6000000015","5069.6000000015","","","ns5.ntc.net.pk","android - chrome","Step_1","31298","http://www.mofept.gov.pk/Detail/ODJlMmMyYTktN2QxYy00Y2Y0LWIwYjYtZmYxMDNlYmRkNmQw","8444","5061","8444","8444","8444","8444","8444","8038","text","TD","","0","43","1045","1100","1100","1103","1105","5069","5069","5069","5069","5863","8369","7954","7954","8211","9010","9010","9042","8368","5070","5070","6398","0.26205066522599","0.24429553975983","461","17521","12442","1453","230331_6M_8V","1","1","297127","0","0","0","0","0","1","452338","","","","232555","4","459412","2146428","29","2833097","1092085","21","1152279","309550","13","309550","0","0","0","116532","2","116532","0","0","0","2349","4","9107","230331_6M_8V","12442","12442","12442","","","","","","","","","","","",
"12138","12138","13427","96919","91417","3848584","3803938","56","56","53","56","0","0","0","0","0","1","15DE593C1803B928B52F7CEB5662F1A0","12139","12174","10844","11346","http://www.mofept.gov.pk/Detail/NzU2Zjc3MDItZmZkZS00NjkwLWI3NjMtZTEzZmUzODI0YWM0","18","0","D9A6C9C45EB2E7B195F4C0A93543708E","http://www.mofept.gov.pk/Detail/NzU2Zjc3MDItZmZkZS00NjkwLWI3NjMtZTEzZmUzODI0YWM0","7591.1000000015","7591","7591","8376","10843","19","5","3456","29","42","31","-1","100","-1","-1","100","-1","-1","3480290","2413034","-1","-1","163777","0","","59","4","0","479","554","47","104","216","0","0","0","0","0","0","0","0","0","0","37","1","0","0","0","0","0","0","0","0","0","336","274","2","50","0","0","2","490","16","","0","3","","","","","","","","","","","","","","","","","","","","","","","","","","","","","","","","","","","","","","","","","","","","","","","","","","","","","","","","","","","","","","0","","10752","mukeet-ThinkPad-T490-192.168.0.112","1680233221.7097","","","92.0.4515.131","92.0.4515.131","1680233240.3282","http://www.mofept.gov.pk/Detail/NzU2Zjc3MDItZmZkZS00NjkwLWI3NjMtZTEzZmUzODI0YWM0","www.mofept.gov.pk","http://www.mofept.gov.pk","2912","12138","7591.1000000015","7591.1000000015","","","ns3.rapidcompute.com","android - chrome","Step_1","41327","http://www.mofept.gov.pk/Detail/NzU2Zjc3MDItZmZkZS00NjkwLWI3NjMtZTEzZmUzODI0YWM0","11544","7584","11544","11544","11544","11544","11544","11151","text","TD","","0","50","3480","3536","3537","3540","3541","7591","7591","7591","7591","8375","11481","10843","10844","11346","12138","12138","12174","","7591","7591","8858","0.21973539462096","0.20198026915479","1121","15809","12907","1642","230331_GK_8W","1","1","385977","0","0","0","0","0","1","438140","","","","428433","4","655291","2049081","23","2714671","1090375","19","1127147","163777","5","163777","0","0","0","116532","2","116532","0","0","0","386","3","735","230331_GK_8W","","","","","","","","","","","","","","",
"8937","8937","9614","105135","99633","3754734","3710088","61","61","58","60","0","1","0","0","0","1","561A5ED4E034C900821CE3F6E81A5AB8","8937","8990","7974","8189","http://www.mofept.gov.pk/Detail/ODdkNDM2YmMtNTNkOS00NzFiLThmODMtNTlmMTJkZmEzZTA0","19","0","B8F311B59774EE8A068D005B4B13F3C1","http://www.mofept.gov.pk/Detail/ODdkNDM2YmMtNTNkOS00NzFiLThmODMtNTlmMTJkZmEzZTA0","4872.799999997","4873","4873","5515","7973","19","5","955","27","39","33","-1","100","-1","-1","73","-1","27","3272424","2211306","-1","-1","292497","79730","","40","4","0","474","566","23","108","213","0","0","0","0","0","0","0","0","0","0","25","0","0","0","0","0","0","0","0","0","0","158","158","7","30","0","0","2","373","15","","0","4","","","","","","","","","","","","","","","","","","","","","","","","","","","","","","","","","","","","","","","","","","","","","","","","","","","","","","","","","","","","","","0","","7413","mukeet-ThinkPad-T490-192.168.0.112","1680233283.821","","","92.0.4515.131","92.0.4515.131","1680233301.6489","http://www.mofept.gov.pk/Detail/ODdkNDM2YmMtNTNkOS00NzFiLThmODMtNTlmMTJkZmEzZTA0","www.mofept.gov.pk","http://www.mofept.gov.pk","357","8936","4872.799999997","4872.799999997","","","ns5.ntc.net.pk","android - chrome","Step_1","23741","http://www.mofept.gov.pk/Detail/ODdkNDM2YmMtNTNkOS00NzFiLThmODMtNTlmMTJkZmEzZTA0","8445","4879","4879","5520","6211","8445","8445","5132","image","DIV","http://www.mofept.gov.pk/images/1.png","0","43","971","1044","1044","1048","1049","4872","4872","4872","4872","5515","8404","7973","7973","8189","8936","8937","8990","","4873","6205","6205","0.53414697127209","0.33665694473356","768","12410","9489","1233","230331_Q9_8X","1","1","433622","0","0","0","0","0","1","464806","","","","205863","4","432719","2049081","23","2714671","1090375","19","1127147","292497","10","292497","0","0","0","116532","2","116532","0","0","0","386","3","735","230331_Q9_8X","","","","","","","","","","","","","","",
"10099","10099","11214","96919","91417","3642794","3598148","56","56","53","56","0","0","0","0","0","1","C7DB56A2A89894368B7960CB13C18EC1","10098","10153","8974","9205","http://www.mofept.gov.pk/Detail/NDJmOGM0OTYtMTM3ZC00ZDhmLWE1YzYtOTcxMzRkY2E3MGQ2","18","0","E472A9FEB292DEFED2568BA69CBC5F82","http://www.mofept.gov.pk/Detail/NDJmOGM0OTYtMTM3ZC00ZDhmLWE1YzYtOTcxMzRkY2E3MGQ2","6188.1000000015","6188","6188","7758","8973","19","5","1827","29","42","33","-1","100","-1","-1","100","-1","-1","3274500","2211686","-1","-1","163777","0","","31","3","0","528","563","19","116","217","0","0","0","0","0","0","0","0","0","0","37","0","0","0","0","0","0","0","0","0","0","163","123","3","19","0","0","4","343","12","","0","3","","","","","","","","","","","","","","","","","","","","","","","","","","","","","","","","","","","","","","","","","","","","","","","","","","","","","","","","","","","","","","0","","9029","mukeet-ThinkPad-T490-192.168.0.112","1680233326.4921","","","92.0.4515.131","92.0.4515.131","1680233344.1814","http://www.mofept.gov.pk/Detail/NDJmOGM0OTYtMTM3ZC00ZDhmLWE1YzYtOTcxMzRkY2E3MGQ2","www.mofept.gov.pk","http://www.mofept.gov.pk","390","10098","6188.1000000015","6188.1000000015","","","ns5.ntc.net.pk","android - chrome","Step_1","25782","http://www.mofept.gov.pk/Detail/NDJmOGM0OTYtMTM3ZC00ZDhmLWE1YzYtOTcxMzRkY2E3MGQ2","9456","6185","6455","7762","9456","9456","9456","6568","text","P","","0","47","1842","1901","1901","1905","1906","6188","6188","6188","6188","7758","9384","8974","8974","9206","10098","10099","10153","","6188","6188","7758","0.63972982755449","0.47792586422324","906","13615","10154","1247","230331_8Q_8Y","1","1","388067","0","0","0","0","0","1","434979","","","","221180","4","448039","2050544","23","2720009","1090375","19","1127147","163777","5","163777","0","0","0","116532","2","116532","0","0","0","386","3","735","230331_8Q_8Y","","","","","","","","","","","","","","",
"9955","9955","14276","184037","163495","4205363","4048858","95","95","85","95","0","0","0","0","0","1","30BE7749704818D3BC11F0D8FF4290F7","9954","9988","9017","9230","http://www.mofept.gov.pk/Detail/ZjBhMDA4MGItNmE2MC00NTE5LThiYTAtOWUyODk0Yzc5OWQ1","18","0","D5E1F89CD60D83D5135A5A40B94B183D","http://www.mofept.gov.pk/Detail/ZjBhMDA4MGItNmE2MC00NTE5LThiYTAtOWUyODk0Yzc5OWQ1","5450.700000003","5451","5451","6296","9017","19","5","1483","23","43","33","-1","100","-1","-1","81","-1","0","3392318","2291585","-1","-1","608202","115650","","50","6","0","453","577","24","111","219","0","0","0","0","0","0","0","0","0","0","19","0","0","0","0","0","0","0","0","0","0","170","234","9","115","1","0","5","316","12","","0","4","","","","","","","","","","","","","","","","","","","","","","","","","","","","","","","","","","","","","","","","","","","","","","","","","","","","","","","","","","","","","","0","","11953","mukeet-ThinkPad-T490-192.168.0.112","1680233372.064","","","92.0.4515.131","92.0.4515.131","1680233390.2044","http://www.mofept.gov.pk/Detail/ZjBhMDA4MGItNmE2MC00NTE5LThiYTAtOWUyODk0Yzc5OWQ1","www.mofept.gov.pk","http://www.mofept.gov.pk","606","9954","5450.700000003","5450.700000003","","","ns3.rapidcompute.com","android - chrome","Step_1","31095","http://www.mofept.gov.pk/Detail/ZjBhMDA4MGItNmE2MC00NTE5LThiYTAtOWUyODk0Yzc5OWQ1","9487","5460","9487","9487","9487","9487","9487","8851","text","P","","0","46","1491","1549","1549","1553","1554","5450","5450","5450","5450","6295","9396","9017","9018","9230","9954","9955","9988","10444","5451","5451","6648","0.16641097013575","0.14865584466958","765","17419","12886","1535","230331_K7_8Z","1","1","328723","0","0","0","0","0","1","477910","","","","237978","4","464835","2147891","29","2838435","1092085","21","1152279","608528","33","608528","0","0","0","116532","2","116532","0","0","0","2349","4","9107","230331_K7_8Z","","","","","","","","","","","","","","",
"10672","10672","11454","98684","93182","3677921","3633275","57","57","54","57","0","0","0","0","0","1","BF8E79928C2062FC1E9E9E40A9DA75C0","10672","10712","9765","9978","http://www.mofept.gov.pk/ProfileDetail/M2IwZmUyOGUtZGRkZC00ZWExLWIxMmMtMmIyOGJkOWEyMTU5","18","0","C54C21FF5BCCF1F4C53CF9FE618E5B39","http://www.mofept.gov.pk/ProfileDetail/M2IwZmUyOGUtZGRkZC00ZWExLWIxMmMtMmIyOGJkOWEyMTU5","5178.8999999985","5179","5179","5722","9764","19","5","1393","29","41","33","-1","100","-1","-1","99","-1","-1","3274558","2211652","-1","-1","198846","3158","","24","4","0","467","577","19","103","229","0","0","0","0","0","0","0","0","0","1","29","0","0","0","0","0","0","0","0","0","0","156","131","3","13","0","0","3","332","11","","0","3","","","","","","","","","","","","","","","","","","","","","","","","","","","","","","","","","","","","","","","","","","","","","","","","","","","","","","","","","","","","","","0","","9347","mukeet-ThinkPad-T490-192.168.0.112","1680233422.4385","","","92.0.4515.131","92.0.4515.131","1680233438.8077","http://www.mofept.gov.pk/ProfileDetail/M2IwZmUyOGUtZGRkZC00ZWExLWIxMmMtMmIyOGJkOWEyMTU5","www.mofept.gov.pk","http://www.mofept.gov.pk","349","10672","5178.8999999985","5178.8999999985","","","ns5.ntc.net.pk","android - chrome","Step_1","26070","http://www.mofept.gov.pk/ProfileDetail/M2IwZmUyOGUtZGRkZC00ZWExLWIxMmMtMmIyOGJkOWEyMTU5","10198","5176","6002","6002","6104","10198","10198","5927","image","IMG","http://www.mofept.gov.pk/SiteImage/Profiles/picture3.jpeg","0","45","1409","1471","1471","1474","1476","5178","5178","5178","5178","5721","10158","9764","9764","9977","10671","10672","10712","","5179","6014","6014","0.50772865294509","0.31023862640656","811","14179","10670","1320","230331_Z7_90","1","1","365562","0","0","0","0","0","1","391558","","","","221238","4","448095","2050544","23","2720009","1090375","19","1127147","198846","6","198846","0","0","0","116532","2","116532","0","0","0","386","3","735","230331_Z7_90","","","","","","","","","","","","","","",
"8906","8906","9872","96778","91276","3564220","3519574","56","56","53","56","0","0","0","0","0","1","018CC48424D0031AEE70A0A6BFF41EEF","8906","8944","7797","8000","http://www.mofept.gov.pk/Overview","18","0","1F86B30A0B9C19C07434546A4EF40C4F","http://www.mofept.gov.pk/Overview","5403.099999994","5403","5403","6079","7796","19","5","1363","29","42","33","-1","100","-1","-1","100","-1","-1","3276166","2212808","-1","-1","163777","0","","33","4","0","521","589","22","91","234","0","0","0","0","0","0","0","0","0","0","24","0","0","0","0","0","0","0","0","0","0","164","146","8","19","0","0","3","305","14","","0","3","","","","","","","","","","","","","","","","","","","","","","","","","","","","","","","","","","","","","","","","","","","","","","","","","","","","","","","","","","","","","","0","","7691","mukeet-ThinkPad-T490-192.168.0.112","1680233467.1581","","","92.0.4515.131","92.0.4515.131","1680233486.8369","http://www.mofept.gov.pk/Overview","www.mofept.gov.pk","http://www.mofept.gov.pk","365","8906","5403.099999994","5403.099999994","","","ns5.ntc.net.pk","android - chrome","Step_1","21870","http://www.mofept.gov.pk/Overview","8225","5411","5411","6629","6868","8225","8225","5645","text","P","","0","43","1378","1447","1447","1451","1452","5403","5403","5403","5403","6079","8181","7796","7796","7999","8905","8906","8943","","5403","5403","6740","0.43271478704942","0.23522476051089","814","12385","8904","1153","230331_2W_91","1","1","418876","0","0","0","0","0","1","466601","","","","142606","4","369462","2050544","23","2720009","1090375","19","1127147","163777","5","163777","0","0","0","116532","2","116532","0","0","0","386","3","735","230331_2W_91","","","","","","","","","","","","","","",
"16072","16072","18153","96796","89667","3643712","3569599","56","56","52","56","0","0","0","0","0","1","81F33C6415B6E2B46A67F751CFC3E076","16072","16121","13767","13910","http://www.mofept.gov.pk/TopStoryDetail","18","0","C0B81CCFE932077F48D2BDF6F82E5419","http://www.mofept.gov.pk/TopStoryDetail","9903","9903","9903","10525","13766","19","5","1441","29","42","33","-1","100","-1","-1","100","-1","-1","3275418","2212027","-1","-1","163777","0","","22","3","0","444","530","21","100","235","0","0","0","0","0","0","0","0","0","0","19","0","0","0","0","0","0","0","0","0","0","145","146","3","15","0","0","2","294","15","","0","2","","","","","","","","","","","","","","","","","","","","","","","","","","","","","","","","","","","","","","","","","","","","","","","","","","","","","","","","","","","","","","0","","16155","mukeet-ThinkPad-T490-192.168.0.112","1680233510.1757","","","92.0.4515.131","92.0.4515.131","1680233532.6978","http://www.mofept.gov.pk/TopStoryDetail","www.mofept.gov.pk","http://www.mofept.gov.pk","354","16072","9903","9903","","","ns5.ntc.net.pk","android - chrome","Step_1","40662","http://www.mofept.gov.pk/TopStoryDetail","14103","9891","9891","9891","11836","14103","14103","10095","text","H2","","0","52","1461","1533","1533","1536","1538","9902","9902","9902","9902","10525","14082","13766","13767","13910","16072","16072","16121","","9903","9903","12568","0.61067333070237","0.40412369121848","692","19550","18196","1136","230331_12_92","1","1","218029","0","0","0","0","0","1","243975","","","","222098","4","448957","2050544","23","2720009","1090375","19","1127147","163777","5","163777","0","0","0","116532","2","116532","0","0","0","386","3","735","230331_12_92","","","","","","","","","","","","","","",
"18243","18243","19072","107531","104076","7680908","7636546","63","63","61","63","0","0","0","0","0","1","73A95329EEA4EE96B0D5BA21544ADFE6","18243","18262","11034","11554","http://www.mofept.gov.pk/LatestNews","15","0","B73B0EC4E3EEEC56D48EB6F1FB12EE55","http://www.mofept.gov.pk/LatestNews","9199.6000000015","9200","9200","9811","11033","19","5","4529","13","18","29","-1","100","-1","-1","91","-1","24","2763363","1982175","-1","-1","4713004","458137","","939","5","0","278","484","43","127","190","0","0","0","0","0","0","0","0","0","0","20","0","0","0","0","0","0","0","0","0","0","371","869","178","86","0","0","19","352","13","","0","17","","","","","","","","","","","","","","","","","","","","","","","","","","","","","","","","","","","","","","","","","","","","","","","","","","","","","","","","","","","","","","0","","15081","mukeet-ThinkPad-T490-192.168.0.112","1680233575.4505","","","92.0.4515.131","92.0.4515.131","1680233592.2299","http://www.mofept.gov.pk/LatestNews","www.mofept.gov.pk","http://www.mofept.gov.pk","2730","18232","9199.6000000015","9199.6000000015","","","ns4.ntc.net.pk","android - chrome","Step_1","45194","http://www.mofept.gov.pk/LatestNews","13724","9205","13691","13691","13691","13724","13724","11405","image","IMG","http://www.mofept.gov.pk/SiteImage/NewsEvents/mou.jpg","0","51","4562","4616","4616","4619","4620","9199","9199","9199","9199","9811","13456","11033","11034","11554","18233","18243","18262","","9200","13733","13733","0.54975582834258","0.20487646586749","1085","23001","18124","1544","230331_1C_93","1","1","528151","0","0","0","0","0","1","556843","","","","551782","3","775102","1208828","15","1759614","1090375","19","1127147","4713004","22","4713004","0","0","0","116532","2","116532","0","0","0","387","2","760","230331_1C_93","","","","","","","","","","","","","","",
"9828","9828","10860","98663","89124","3921186","3828295","57","57","52","57","0","0","0","0","0","1","5430F6ACFFCA1A2463C9FAA3FFAB06A1","9828","9853","7949","8154","http://www.mofept.gov.pk/NewsDetail/MTA2NjRkZDctZjA4YS00ZTZiLWFlOTgtMDRlNmUzZGE1N2M2","18","0","4C18B064F3FC61298CE5CA3CB30C553C","http://www.mofept.gov.pk/NewsDetail/MTA2NjRkZDctZjA4YS00ZTZiLWFlOTgtMDRlNmUzZGE1N2M2","5681.6999999955","5682","5682","6309","7949","19","5","1362","29","41","33","-1","100","-1","-1","100","-1","100","3272901","2210627","-1","-1","443768","0","","26","4","0","494","546","20","101","228","0","0","0","0","0","0","0","0","0","0","26","0","0","0","0","0","0","0","0","0","0","151","134","4","19","0","0","2","282","13","","0","4","","","","","","","","","","","","","","","","","","","","","","","","","","","","","","","","","","","","","","","","","","","","","","","","","","","","","","","","","","","","","","0","","8805","mukeet-ThinkPad-T490-192.168.0.112","1680233639.68","","","92.0.4515.131","92.0.4515.131","1680233658.1878","http://www.mofept.gov.pk/NewsDetail/MTA2NjRkZDctZjA4YS00ZTZiLWFlOTgtMDRlNmUzZGE1N2M2","www.mofept.gov.pk","http://www.mofept.gov.pk","341","9827","5681.6999999955","5681.6999999955","","","ns3.rapidcompute.com","android - chrome","Step_1","25465","http://www.mofept.gov.pk/NewsDetail/MTA2NjRkZDctZjA4YS00ZTZiLWFlOTgtMDRlNmUzZGE1N2M2","8506","5690","6363","8506","8506","8506","8506","6141","text","H3","","0","44","1376","1441","1441","1444","1445","5681","5681","5681","5681","6309","8328","7949","7950","8154","9827","9828","9854","8441","5682","5682","8564","0.39195098690383","0.25052190719432","931","13320","10725","1267","230331_0F_94","1","1","412843","0","0","0","0","0","1","452196","","","","219581","4","446440","2050544","23","2720009","1090375","19","1127147","443768","6","443768","0","0","0","116532","2","116532","0","0","0","386","3","735","230331_0F_94","","","","","","","","","","","","","","",
"8506","8506","9192","98792","93290","3794998","3750352","57","57","54","57","0","0","0","0","0","1","7CC4FCE459F9BA6DBB25F805D06C2D95","8506","8540","7413","7627","http://www.mofept.gov.pk/NewsDetail/MGMxNjcwOTMtMThkZS00YmUyLWJmM2UtYzk5NDcyZGU4ZDZj","18","0","A5D7BEEA61A1BF5DF794C7C410A2C2F8","http://www.mofept.gov.pk/NewsDetail/MGMxNjcwOTMtMThkZS00YmUyLWJmM2UtYzk5NDcyZGU4ZDZj","5053.3999999985","5053","5053","5537","7411","19","5","1196","29","41","33","-1","100","-1","-1","95","-1","100","3272865","2210594","-1","-1","317616","16124","","28","3","0","531","593","21","104","222","0","0","0","0","0","0","0","0","0","0","27","0","0","0","0","0","0","0","0","0","0","158","121","3","28","0","0","2","316","16","","0","2","","","","","","","","","","","","","","","","","","","","","","","","","","","","","","","","","","","","","","","","","","","","","","","","","","","","","","","","","","","","","","0","","7014","mukeet-ThinkPad-T490-192.168.0.112","1680233684.7496","","","92.0.4515.131","92.0.4515.131","1680233703.1973","http://www.mofept.gov.pk/NewsDetail/MGMxNjcwOTMtMThkZS00YmUyLWJmM2UtYzk5NDcyZGU4ZDZj","www.mofept.gov.pk","http://www.mofept.gov.pk","341","8505","5053.3999999985","5053.3999999985","","","ns4.ntc.net.pk","android - chrome","Step_1","26238","http://www.mofept.gov.pk/NewsDetail/MGMxNjcwOTMtMThkZS00YmUyLWJmM2UtYzk5NDcyZGU4ZDZj","7841","5059","5443","5541","7841","7841","7841","5324","text","H3","","0","43","1205","1253","1253","1258","1259","5053","5053","5053","5053","5537","7808","7411","7414","7627","8506","8506","8541","","5053","5053","7833","0.306301591514","0.19749002653853","832","11994","8505","1229","230331_14_95","1","1","474612","0","0","0","0","0","1","513044","","","","219545","4","446404","2050544","23","2720009","1090375","19","1127147","317616","6","317616","0","0","0","116532","2","116532","0","0","0","386","3","735","230331_14_95","","","","","","","","","","","","","","",
"10651","10651","11713","98708","95253","4801707","4757345","57","57","55","57","0","0","0","0","0","1","E86BC8168D15280CF32456D904353785","10652","10667","8417","8632","http://www.mofept.gov.pk/NewsDetail/ZTY2NjI1MDktOWFjNS00ZjVlLThiODktMzAyYzY2OGIwYzFk","18","0","49872234ADC8F1888EADD08C4AD47802","http://www.mofept.gov.pk/NewsDetail/ZTY2NjI1MDktOWFjNS00ZjVlLThiODktMzAyYzY2OGIwYzFk","5505.1999999955","5505","5505","6039","8416","19","5","1749","29","41","33","-1","100","-1","-1","100","-1","0","3273944","2211295","-1","-1","1323246","0","","53","4","1","529","565","22","119","240","0","0","0","0","0","0","0","0","0","0","35","0","0","0","0","0","0","0","0","0","0","160","135","4","43","0","0","6","319","14","","0","4","","","","","","","","","","","","","","","","","","","","","","","","","","","","","","","","","","","","","","","","","","","","","","","","","","","","","","","","","","","","","","0","","9460","mukeet-ThinkPad-T490-192.168.0.112","1680233731.5665","","","92.0.4515.131","92.0.4515.131","1680233748.6454","http://www.mofept.gov.pk/NewsDetail/ZTY2NjI1MDktOWFjNS00ZjVlLThiODktMzAyYzY2OGIwYzFk","www.mofept.gov.pk","http://www.mofept.gov.pk","350","10651","5505.1999999955","5505.1999999955","","","ns4.ntc.net.pk","android - chrome","Step_1","26690","http://www.mofept.gov.pk/NewsDetail/ZTY2NjI1MDktOWFjNS00ZjVlLThiODktMzAyYzY2OGIwYzFk","11111","5491","11111","11111","11111","11111","11111","6686","text","H3","","0","51","1764","1830","1830","1834","1835","5505","5505","5505","5505","6038","10589","8416","8417","8631","10651","10651","10667","","5505","5505","11117","0.51547632042534","0.25505283232121","549","13312","10397","1168","230331_FE_96","1","1","481905","0","0","0","0","0","1","534413","","","","220624","4","447482","2050544","23","2720009","1090375","19","1127147","1323246","6","1323246","0","0","0","116532","2","116532","0","0","0","386","3","735","230331_FE_96","","","","","","","","","","","","","","",
"8590","8590","10835","98792","93290","3772200","3727554","57","57","54","57","0","0","0","0","0","1","8ABD2636970A9036DC1898C30A38A672","8590","8631","7454","7655","http://www.mofept.gov.pk/NewsDetail/MzRiNjY0ZGEtY2Y2ZS00ZjcxLTg0MDQtYjk4ZmI1NTZhOTlm","18","0","1BCA82C6CD0A8A094DB1A2E4B459B3D6","http://www.mofept.gov.pk/NewsDetail/MzRiNjY0ZGEtY2Y2ZS00ZjcxLTg0MDQtYjk4ZmI1NTZhOTlm","5321","5321","5321","5931","7454","19","5","1404","29","41","33","-1","100","-1","-1","100","-1","100","3272728","2210465","-1","-1","294955","0","","29","4","0","504","538","26","106","229","0","0","0","0","0","0","0","0","0","0","22","0","0","0","0","0","0","0","0","0","0","165","125","3","21","0","0","3","319","12","","0","3","","","","","","","","","","","","","","","","","","","","","","","","","","","","","","","","","","","","","","","","","","","","","","","","","","","","","","","","","","","","","","0","","8726","mukeet-ThinkPad-T490-192.168.0.112","1680233776.4663","","","92.0.4515.131","92.0.4515.131","1680233793.1077","http://www.mofept.gov.pk/NewsDetail/MzRiNjY0ZGEtY2Y2ZS00ZjcxLTg0MDQtYjk4ZmI1NTZhOTlm","www.mofept.gov.pk","http://www.mofept.gov.pk","338","8590","5321","5321","","","ns3.rapidcompute.com","android - chrome","Step_1","24229","http://www.mofept.gov.pk/NewsDetail/MzRiNjY0ZGEtY2Y2ZS00ZjcxLTg0MDQtYjk4ZmI1NTZhOTlm","7873","5311","5580","5918","7873","7873","7873","5547","text","H3","","0","46","1418","1486","1486","1490","1491","5321","5321","5321","5321","5931","7860","7454","7454","7655","8590","8590","8631","7858","5321","5321","6890","0.35979237126562","0.19749002653853","948","11990","8888","1223","230331_8Y_97","1","1","399978","0","0","0","0","0","1","518724","","","","219408","4","446266","2050544","23","2720009","1090375","19","1127147","294955","6","294955","0","0","0","116532","2","116532","0","0","0","386","3","735","230331_8Y_97","","","","","","","","","","","","","","",
"9117","9117","9956","98717","93215","3751747","3707101","57","57","54","57","0","0","0","0","0","1","34B8C82E159B5837F3C44AB48B4F74CB","9117","9146","7922","8146","http://www.mofept.gov.pk/NewsDetail/ZmUxNmVhNjgtM2I1OC00ZmIzLThlNTItZWZkNzE3ODliMzhh","18","0","129E271A8BF73AFFB9A86CDC1A52CE81","http://www.mofept.gov.pk/NewsDetail/ZmUxNmVhNjgtM2I1OC00ZmIzLThlNTItZWZkNzE3ODliMzhh","5728.1999999955","5728","5728","6257","7921","19","5","1841","29","41","33","-1","100","-1","-1","100","-1","0","3273230","2210881","-1","-1","274000","0","","32","3","1","514","562","19","104","223","0","0","0","0","0","0","0","0","0","0","20","0","0","0","0","0","0","0","0","0","0","165","154","7","26","0","0","2","312","11","","0","1","","","","","","","","","","","","","","","","","","","","","","","","","","","","","","","","","","","","","","","","","","","","","","","","","","","","","","","","","","","","","","0","","7800","mukeet-ThinkPad-T490-192.168.0.112","1680233819.3881","","","92.0.4515.131","92.0.4515.131","1680233835.5141","http://www.mofept.gov.pk/NewsDetail/ZmUxNmVhNjgtM2I1OC00ZmIzLThlNTItZWZkNzE3ODliMzhh","www.mofept.gov.pk","http://www.mofept.gov.pk","345","9116","5728.1999999955","5728.1999999955","","","ns5.ntc.net.pk","android - chrome","Step_1","23745","http://www.mofept.gov.pk/NewsDetail/ZmUxNmVhNjgtM2I1OC00ZmIzLThlNTItZWZkNzE3ODliMzhh","8327","5738","6074","6265","8327","8327","8327","5998","text","H3","","0","45","1856","1924","1924","1929","1930","5728","5728","5728","5728","6257","8294","7921","7922","8146","9116","9117","9146","","5728","5728","8322","0.27207993671108","0.19749002653853","539","12529","9611","1142","230331_11_98","1","1","462322","0","0","0","0","0","1","509497","","","","219910","4","446768","2050544","23","2720009","1090375","19","1127147","274000","6","274000","0","0","0","116532","2","116532","0","0","0","386","3","735","230331_11_98","","","","","","","","","","","","","","",
"8641","8641","9277","98792","93290","3806689","3762043","57","57","54","57","0","0","0","0","0","1","F09D217681879209E26BD197D89584EF","8641","8667","7552","7694","http://www.mofept.gov.pk/NewsDetail/ODlmMWI4ZGUtOWVkNS00OWYzLTllN2ItY2E1N2FiZTEwYTZi","18","0","2553BC5EE4510E8986861FA730576AF1","http://www.mofept.gov.pk/NewsDetail/ODlmMWI4ZGUtOWVkNS00OWYzLTllN2ItY2E1N2FiZTEwYTZi","5225.200000003","5225","5225","6145","7551","19","5","1547","29","41","33","-1","100","-1","-1","100","-1","100","3272981","2210617","-1","-1","329191","0","","23","3","0","500","572","21","98","221","0","0","0","0","0","0","0","0","0","0","24","0","0","0","0","0","0","0","0","0","0","144","125","3","12","0","0","1","220","15","","0","2","","","","","","","","","","","","","","","","","","","","","","","","","","","","","","","","","","","","","","","","","","","","","","","","","","","","","","","","","","","","","","0","","7293","mukeet-ThinkPad-T490-192.168.0.112","1680233860.3423","","","92.0.4515.131","92.0.4515.131","1680233876.5298","http://www.mofept.gov.pk/NewsDetail/ODlmMWI4ZGUtOWVkNS00OWYzLTllN2ItY2E1N2FiZTEwYTZi","www.mofept.gov.pk","http://www.mofept.gov.pk","335","8641","5225.200000003","5225.200000003","","","ns5.ntc.net.pk","android - chrome","Step_1","24421","http://www.mofept.gov.pk/NewsDetail/ODlmMWI4ZGUtOWVkNS00OWYzLTllN2ItY2E1N2FiZTEwYTZi","7858","5214","5551","6139","7858","7858","7858","5479","text","H3","","0","43","1556","1623","1623","1626","1628","5225","5225","5225","5225","6145","7831","7551","7551","7694","8640","8641","8667","","5225","5225","7862","0.27207993671108","0.19749002653853","747","12030","8639","1113","230331_CG_99","1","1","492456","0","0","0","0","0","1","530313","","","","219661","4","446519","2050544","23","2720009","1090375","19","1127147","329191","6","329191","0","0","0","116532","2","116532","0","0","0","386","3","735","230331_CG_99","","","","","","","","","","","","","","",
"9179","9179","9950","105936","100434","4313888","4269242","61","61","58","61","0","0","0","0","0","1","3459EBCBF2978A1640E0C6E4F73C83CD","9179","9210","7968","8215","http://www.mofept.gov.pk/ProjectDetail/ZDZjYzY3ZDAtZTQ2OS00NGRhLTliNmItMzJmMzdiYTY3ZDE0","18","0","ADB32BA38AA34EE90EE7F376E673453A","http://www.mofept.gov.pk/ProjectDetail/ZDZjYzY3ZDAtZTQ2OS00NGRhLTliNmItMzJmMzdiYTY3ZDE0","5801.3000000045","5801","5801","6259","7968","19","5","1768","27","38","33","-1","100","-1","-1","99","-1","0","3289549","2224140","-1","-1","819822","12158","","46","4","0","510","590","24","128","227","0","0","0","0","0","0","0","0","0","0","25","0","0","0","0","0","0","0","0","0","0","178","155","7","26","0","0","4","339","14","","0","3","","","","","","","","","","","","","","","","","","","","","","","","","","","","","","","","","","","","","","","","","","","","","","","","","","","","","","","","","","","","","","0","","7668","mukeet-ThinkPad-T490-192.168.0.112","1680233903.1224","","","92.0.4515.131","92.0.4515.131","1680233922.8208","http://www.mofept.gov.pk/ProjectDetail/ZDZjYzY3ZDAtZTQ2OS00NGRhLTliNmItMzJmMzdiYTY3ZDE0","www.mofept.gov.pk","http://www.mofept.gov.pk","554","9178","5801.3000000045","5801.3000000045","","","ns4.ntc.net.pk","android - chrome","Step_1","25726","http://www.mofept.gov.pk/ProjectDetail/ZDZjYzY3ZDAtZTQ2OS00NGRhLTliNmItMzJmMzdiYTY3ZDE0","8440","5798","7158","7158","8440","8440","8440","6920","image","IMG","http://www.mofept.gov.pk/SiteImage/Projects/Digital%20Innovation%20in%20Education.jpg","0","48","1784","1843","1843","1846","1848","5801","5801","5801","5801","6259","8401","7968","7968","8215","9178","9179","9210","","5801","7202","7202","0.27205582348615","0.19749002653853","952","12735","9815","1363","230331_W6_9A","1","1","527241","0","0","0","0","0","1","576068","","","","236229","4","463089","2050544","23","2720009","1090375","19","1127147","819822","10","819822","0","0","0","116532","2","116532","0","0","0","386","3","735","230331_W6_9A","","","","","","","","","","","","","","",
"9162","9162","10220","98717","93215","3893870","3849224","59","59","56","59","0","0","0","0","0","1","6B292942BCD54E0D946646AA06E0D3BE","9162","9197","8010","8200","http://www.mofept.gov.pk/ProjectDetail/MDJmZWYzOWMtMjA0NC00Yjg3LWE2MGUtOTAxYWU5ZTgwMTBj","18","0","7CD4265798E5F2B854050FFAF98B644E","http://www.mofept.gov.pk/ProjectDetail/MDJmZWYzOWMtMjA0NC00Yjg3LWE2MGUtOTAxYWU5ZTgwMTBj","5775.8000000045","5776","5776","6528","8009","19","5","1294","29","41","33","-1","100","-1","-1","85","-1","0","3272680","2210377","-1","-1","416673","62639","","21","4","1","510","595","23","102","214","0","0","0","0","0","0","0","0","0","0","19","0","0","0","0","0","0","0","0","0","0","155","116","7","15","0","0","2","309","15","","0","3","","","","","","","","","","","","","","","","","","","","","","","","","","","","","","","","","","","","","","","","","","","","","","","","","","","","","","","","","","","","","","0","","8108","mukeet-ThinkPad-T490-192.168.0.112","1680233949.6144","","","92.0.4515.131","92.0.4515.131","1680233967.345","http://www.mofept.gov.pk/ProjectDetail/MDJmZWYzOWMtMjA0NC00Yjg3LWE2MGUtOTAxYWU5ZTgwMTBj","www.mofept.gov.pk","http://www.mofept.gov.pk","338","9161","5775.8000000045","5775.8000000045","","","ns3.rapidcompute.com","android - chrome","Step_1","23380","http://www.mofept.gov.pk/ProjectDetail/MDJmZWYzOWMtMjA0NC00Yjg3LWE2MGUtOTAxYWU5ZTgwMTBj","8506","5766","8506","8506","8506","8506","8506","7494","text","P","","0","43","1309","1387","1387","1390","1392","5775","5775","5775","5775","6528","8374","8009","8010","8200","9161","9162","9197","","5776","5776","8518","0.27192320074902","0.19749002653853","780","12634","9724","1175","230331_MH_9B","1","1","436239","0","0","0","0","0","1","489225","","","","219360","4","446219","2050544","23","2720009","1090375","19","1127147","416673","6","416673","0","0","0","116532","2","116532","0","0","0","386","3","735","230331_MH_9B","","","","","","","","","","","","","","",
"8782","8782","9531","80045","74543","3056142","3011496","48","48","45","48","0","0","0","0","0","1","5F4DC50FDB065119D8FDB13FE5C0F642","8782","8821","7795","8094","http://www.mofept.gov.pk/ProjectDetail/YzYxNjUwNDktMjgzMi00YmU3LTkxMzItYWRiZWZjNmU4MDM3","15","0","219EB315594F8B5C3AA11334A5C4FE6B","http://www.mofept.gov.pk/ProjectDetail/YzYxNjUwNDktMjgzMi00YmU3LTkxMzItYWRiZWZjNmU4MDM3","6176.8000000045","6177","6177","7121","7794","19","5","1990","17","24","31","-1","100","-1","-1","73","-1","0","2490955","1724232","-1","-1","360670","97718","","47","4","0","501","574","32","121","205","0","0","0","0","0","0","0","0","0","0","23","0","0","0","0","0","0","0","0","0","0","212","205","3","15","0","0","2","367","14","","0","2","","","","","","","","","","","","","","","","","","","","","","","","","","","","","","","","","","","","","","","","","","","","","","","","","","","","","","","","","","","","","","0","","7203","mukeet-ThinkPad-T490-192.168.0.112","1680233992.8476","","","92.0.4515.131","92.0.4515.131","1680234009.7157","http://www.mofept.gov.pk/ProjectDetail/YzYxNjUwNDktMjgzMi00YmU3LTkxMzItYWRiZWZjNmU4MDM3","www.mofept.gov.pk","http://www.mofept.gov.pk","1029","8782","6176.8000000045","6176.8000000045","","","ns5.ntc.net.pk","android - chrome","Step_1","28505","http://www.mofept.gov.pk/ProjectDetail/YzYxNjUwNDktMjgzMi00YmU3LTkxMzItYWRiZWZjNmU4MDM3","8326","6167","8326","8326","8326","8326","8326","7740","text","P","","0","44","2008","2073","2073","2076","2077","6176","6176","6176","6176","7120","8267","7794","7795","8094","8781","8782","8820","","6177","6177","8334","0.27192320074902","0.19749002653853","893","12933","9438","1133","230331_SH_9C","1","1","405270","0","0","0","0","0","1","443388","","","","279374","3","502694","1208828","15","1759614","1090375","19","1127147","360670","7","360670","0","0","0","116532","2","116532","0","0","0","363","2","732","230331_SH_9C","","","","","","","","","","","","","","",
"8566","8566","9804","98699","93197","3696400","3651754","57","57","54","57","0","0","0","0","0","1","02ED7282EABA6ED49AF96E5CA0CDD648","8566","8597","7425","7682","http://www.mofept.gov.pk/ProjectDetail/NjQ4ZTg2NjItOWM2NC00Y2IxLTkzMDgtMjU2OTFhMjA4NzNh","18","0","903CA7E16BF4C99CE5974F3EBDF69EC3","http://www.mofept.gov.pk/ProjectDetail/NjQ4ZTg2NjItOWM2NC00Y2IxLTkzMDgtMjU2OTFhMjA4NzNh","5601.1000000015","5601","5601","6486","7425","19","5","1601","29","41","33","-1","100","-1","-1","89","-1","100","3294345","2228855","-1","-1","197538","21735","","29","4","0","518","563","26","109","208","0","0","0","0","0","0","0","0","0","0","24","0","0","0","0","0","0","0","0","0","0","186","166","4","15","0","0","4","327","11","","0","2","","","","","","","","","","","","","","","","","","","","","","","","","","","","","","","","","","","","","","","","","","","","","","","","","","","","","","","","","","","","","","0","","7607","mukeet-ThinkPad-T490-192.168.0.112","1680234039.3298","","","92.0.4515.131","92.0.4515.131","1680234056.6378","http://www.mofept.gov.pk/ProjectDetail/NjQ4ZTg2NjItOWM2NC00Y2IxLTkzMDgtMjU2OTFhMjA4NzNh","www.mofept.gov.pk","http://www.mofept.gov.pk","653","8566","5601.1000000015","5601.1000000015","","","ns4.ntc.net.pk","android - chrome","Step_1","29260","http://www.mofept.gov.pk/ProjectDetail/NjQ4ZTg2NjItOWM2NC00Y2IxLTkzMDgtMjU2OTFhMjA4NzNh","7871","5596","6809","6809","7871","7871","7871","6695","image","IMG","http://www.mofept.gov.pk/SiteImage/Projects/adult-literacy.jpg","0","48","1611","1668","1668","1672","1674","5601","5601","5601","5601","6485","7839","7424","7425","7682","8565","8566","8596","7838","5601","6842","6842","0.27316612393904","0.19749002653853","915","12012","8797","1170","230331_XB_9D","1","1","450615","0","0","0","0","0","1","524300","","","","241025","4","467882","2050544","23","2720009","1090375","19","1127147","197538","6","197538","0","0","0","116532","2","116532","0","0","0","386","3","735","230331_XB_9D","","","","","","","","","","","","","","",
"8603","8603","9424","76443","70941","2885916","2841270","46","46","43","46","0","0","0","0","0","1","796D0502E008F1DBEC87313C0FF3CE00","8603","8651","7583","7823","http://www.mofept.gov.pk/ProjectDetail/MzkyNDc2MjMtY2VjYy00ZDA4LTk5OTUtNzUyNDI3ZWMzN2Rm","15","0","F22651DB99AD399E21BC8A54EED8F307","http://www.mofept.gov.pk/ProjectDetail/MzkyNDc2MjMtY2VjYy00ZDA4LTk5OTUtNzUyNDI3ZWMzN2Rm","5786","5786","5786","6305","7579","19","5","1741","18","26","32","-1","100","-1","-1","94","-1","0","2440853","1683516","-1","-1","240546","16727","","47","3","0","470","577","23","98","234","0","0","0","0","0","0","0","0","0","0","27","0","0","0","0","0","0","0","0","0","0","178","249","3","24","0","0","2","341","13","","0","3","","","","","","","","","","","","","","","","","","","","","","","","","","","","","","","","","","","","","","","","","","","","","","","","","","","","","","","","","","","","","","0","","7130","mukeet-ThinkPad-T490-192.168.0.112","1680234088.0483","","","92.0.4515.131","92.0.4515.131","1680234106.7099","http://www.mofept.gov.pk/ProjectDetail/MzkyNDc2MjMtY2VjYy00ZDA4LTk5OTUtNzUyNDI3ZWMzN2Rm","www.mofept.gov.pk","http://www.mofept.gov.pk","520","8602","5786","5786","","","ns4.ntc.net.pk","android - chrome","Step_1","26794","http://www.mofept.gov.pk/ProjectDetail/MzkyNDc2MjMtY2VjYy00ZDA4LTk5OTUtNzUyNDI3ZWMzN2Rm","8019","5777","6940","6974","6974","8019","8019","6740","image","IMG","http://www.mofept.gov.pk/SiteImage/Projects/SNA.jpg","0","44","1756","1826","1826","1830","1831","5786","5786","5786","5786","6304","8005","7579","7583","7823","8602","8603","8651","","5786","6980","6980","0.28636046136901","0.19749002653853","819","12760","8601","1098","230331_3G_9E","1","1","375623","0","0","0","0","0","1","414058","","","","229272","3","452592","1208828","15","1759614","1090375","19","1127147","240546","5","240546","0","0","0","116532","2","116532","0","0","0","363","2","732","230331_3G_9E","","","","","","","","","","","","","","",
"9278","9278","10351","98528","88989","3694049","3601158","57","57","52","57","0","0","0","0","0","1","6EFFDD39FCAB6CBEFD074C8121A87715","9278","9317","7047","7243","http://www.mofept.gov.pk/Gallery","18","0","9A8D2C36C21630F192DCE7A000D5F697","http://www.mofept.gov.pk/Gallery","5252.3000000045","5252","5252","5822","7046","19","5","1228","29","41","33","-1","100","-1","-1","100","-1","0","3273155","2210938","-1","-1","216377","2118","","32","4","0","505","585","19","104","234","0","0","0","0","0","0","0","0","0","0","23","0","0","0","0","0","0","0","0","0","0","154","163","3","21","0","0","2","347","15","","0","2","","","","","","","","","","","","","","","","","","","","","","","","","","","","","","","","","","","","","","","","","","","","","","","","","","","","","","","","","","","","","","0","","8137","mukeet-ThinkPad-T490-192.168.0.112","1680234134.6315","","","92.0.4515.131","92.0.4515.131","1680234152.3139","http://www.mofept.gov.pk/Gallery","www.mofept.gov.pk","http://www.mofept.gov.pk","343","9277","5252.3000000045","5252.3000000045","","","ns5.ntc.net.pk","android - chrome","Step_1","23675","http://www.mofept.gov.pk/Gallery","7467","5260","6328","6328","7372","7467","7467","5983","image","IMG","http://www.mofept.gov.pk/SiteImage/Gallery/FM-04-12-2019.jpg","0","43","1243","1303","1303","1306","1308","5252","5252","5252","5252","5822","7425","7046","7047","7243","9277","9278","9317","7424","5252","6323","6323","0.34630260717017","0.19749002653853","794","12931","10355","1339","230331_PW_9F","1","1","404916","0","0","0","0","0","1","447348","","","","219835","4","446696","2050544","23","2720009","1090375","19","1127147","216377","6","216377","0","0","0","116532","2","116532","0","0","0","386","3","735","230331_PW_9F","","","","","","","","","","","","","","",
"10350","10350","11123","96775","91273","3682202","3637556","56","56","53","56","0","0","0","0","0","1","DD69263FD2650C6F578288F8B46E237E","10351","10381","9366","9624","http://www.mofept.gov.pk/Tenders","18","0","BDAD571A3E95A537ABD66FBA125489ED","http://www.mofept.gov.pk/Tenders","6300.8999999985","6301","6301","6691","9365","19","5","2419","29","42","33","-1","100","-1","-1","100","-1","-1","3313884","2245542","-1","-1","163777","0","","31","3","0","605","547","28","97","211","0","0","0","0","0","0","0","0","0","0","22","0","0","0","0","0","0","0","0","0","0","257","199","2","24","0","0","2","345","14","","0","2","","","","","","","","","","","","","","","","","","","","","","","","","","","","","","","","","","","","","","","","","","","","","","","","","","","","","","","","","","","","","","0","","8733","mukeet-ThinkPad-T490-192.168.0.112","1680234178.0805","","","92.0.4515.131","92.0.4515.131","1680234194.8867","http://www.mofept.gov.pk/Tenders","www.mofept.gov.pk","http://www.mofept.gov.pk","466","10350","6300.8999999985","6300.8999999985","","","ns4.ntc.net.pk","android - chrome","Step_1","25731","http://www.mofept.gov.pk/Tenders","9839","6304","6304","6304","7054","9839","9839","6481","text","TD","","0","43","2433","2492","2492","2495","2496","6301","6301","6301","6301","6691","9812","9365","9366","9624","10350","10350","10381","","6301","6301","7038","0.34630260717017","0.19749002653853","1016","13859","10349","1393","230331_YH_9G","1","1","423047","0","0","0","0","0","1","458650","","","","260564","4","487421","2050544","23","2720009","1090375","19","1127147","163777","5","163777","0","0","0","116532","2","116532","0","0","0","410","3","763","230331_YH_9G","","","","","","","","","","","","","","",
"8992","8992","9846","96937","91435","3641083","3596437","56","56","53","56","0","0","0","0","0","1","45DCA46A4C3B03C1277FC36510F415BD","8992","9023","7826","8038","http://www.mofept.gov.pk/TenderDetail/MjE5NzhiZTctNmU1MC00ODhlLWE5YWItZjU5ZjA3OGY4MTEy","18","0","007AA9351F4C4C8E64BBC810DA7B5A0F","http://www.mofept.gov.pk/TenderDetail/MjE5NzhiZTctNmU1MC00ODhlLWE5YWItZjU5ZjA3OGY4MTEy","5914.700000003","5915","5915","6417","7825","19","5","2129","29","42","33","-1","100","-1","-1","100","-1","-1","3272789","2210484","-1","-1","163777","0","","29","4","0","482","557","23","107","230","0","0","0","0","0","0","0","0","0","0","23","0","0","0","0","0","0","0","0","0","0","152","120","3","23","0","0","3","317","12","","0","1","","","","","","","","","","","","","","","","","","","","","","","","","","","","","","","","","","","","","","","","","","","","","","","","","","","","","","","","","","","","","","0","","7757","mukeet-ThinkPad-T490-192.168.0.112","1680234221.7632","","","92.0.4515.131","92.0.4515.131","1680234240.6618","http://www.mofept.gov.pk/TenderDetail/MjE5NzhiZTctNmU1MC00ODhlLWE5YWItZjU5ZjA3OGY4MTEy","www.mofept.gov.pk","http://www.mofept.gov.pk","343","8992","5914.700000003","5914.700000003","","","ns5.ntc.net.pk","android - chrome","Step_1","22876","http://www.mofept.gov.pk/TenderDetail/MjE5NzhiZTctNmU1MC00ODhlLWE5YWItZjU5ZjA3OGY4MTEy","8228","5918","6426","6426","7284","8228","8228","6121","text","H3","","0","43","2141","2202","2202","2208","2209","5914","5914","5914","5914","6416","8213","7825","7825","8038","8992","8992","9023","","5915","5915","6930","0.41663078069634","0.41663078069634","936","12424","9505","1185","230331_9Z_9H","1","1","471826","0","0","0","0","0","1","524032","","","","219469","4","446328","2050544","23","2720009","1090375","19","1127147","163777","5","163777","0","0","0","116532","2","116532","0","0","0","386","3","735","230331_9Z_9H","","","","","","","","","","","","","","",
"9443","9443","10567","96937","91435","3560436","3515790","56","56","53","56","0","0","0","0","0","1","89A440CA04DD8856DF310F8A9E308F2D","9443","9487","8330","8533","http://www.mofept.gov.pk/TenderDetail/YWVlYzYyZWEtZWQ2ZC00OWMxLWE2NzAtMTcxOGM4MDNkYTMy","18","0","B04C7DB61B5BA41B7CCD5573B022A32B","http://www.mofept.gov.pk/TenderDetail/YWVlYzYyZWEtZWQ2ZC00OWMxLWE2NzAtMTcxOGM4MDNkYTMy","5655.299999997","5655","5655","6355","8329","19","5","1772","29","42","33","-1","100","-1","-1","100","-1","-1","3272382","2210207","-1","-1","163777","0","","21","4","0","401","579","26","99","235","0","0","0","0","0","0","0","0","0","0","23","0","0","0","0","0","0","0","0","0","0","146","121","2","20","0","0","4","338","12","","0","3","","","","","","","","","","","","","","","","","","","","","","","","","","","","","","","","","","","","","","","","","","","","","","","","","","","","","","","","","","","","","","0","","8532","mukeet-ThinkPad-T490-192.168.0.112","1680234265.6317","","","92.0.4515.131","92.0.4515.131","1680234283.3131","http://www.mofept.gov.pk/TenderDetail/YWVlYzYyZWEtZWQ2ZC00OWMxLWE2NzAtMTcxOGM4MDNkYTMy","www.mofept.gov.pk","http://www.mofept.gov.pk","338","9442","5655.299999997","5655.299999997","","","ns5.ntc.net.pk","android - chrome","Step_1","24890","http://www.mofept.gov.pk/TenderDetail/YWVlYzYyZWEtZWQ2ZC00OWMxLWE2NzAtMTcxOGM4MDNkYTMy","8739","5642","6010","6493","7168","8739","8739","5896","text","H3","","0","44","1786","1849","1849","1851","1853","5655","5655","5655","5655","6355","8718","8329","8330","8534","9442","9443","9487","","5655","5655","7189","0.42100570815695","0.22351568161842","667","13107","10171","1090","230331_KK_9J","1","1","404825","0","0","0","0","0","1","458322","","","","138822","4","365679","2050544","23","2720009","1090375","19","1127147","163777","5","163777","0","0","0","116532","2","116532","0","0","0","386","3","735","230331_KK_9J","","","","","","","","","","","","","","",
"8026","8026","9333","96937","91435","3640974","3596328","56","56","53","56","0","0","0","0","0","1","C9EFBE5AA1B98148983633CCBD407255","8026","8066","6970","7167","http://www.mofept.gov.pk/TenderDetail/YzYyNTUwYzAtZTY1OS00YWE0LWFhMjEtYWFhOTU3MTMxMDkx","18","0","82C09A804737EAF3E4E856AC8AA0F260","http://www.mofept.gov.pk/TenderDetail/YzYyNTUwYzAtZTY1OS00YWE0LWFhMjEtYWFhOTU3MTMxMDkx","5398.5","5399","5399","6258","6970","19","5","1484","29","42","33","-1","100","-1","-1","100","-1","-1","3272680","2210393","-1","-1","163777","0","","21","3","0","501","572","22","96","220","0","0","0","0","0","0","0","0","0","0","31","0","0","0","0","0","0","0","0","0","0","149","111","2","13","0","0","1","313","13","","0","2","","","","","","","","","","","","","","","","","","","","","","","","","","","","","","","","","","","","","","","","","","","","","","","","","","","","","","","","","","","","","","0","","7261","mukeet-ThinkPad-T490-192.168.0.112","1680234309.2812","","","92.0.4515.131","92.0.4515.131","1680234325.8302","http://www.mofept.gov.pk/TenderDetail/YzYyNTUwYzAtZTY1OS00YWE0LWFhMjEtYWFhOTU3MTMxMDkx","www.mofept.gov.pk","http://www.mofept.gov.pk","342","8025","5398.5","5398.5","","","ns3.rapidcompute.com","android - chrome","Step_1","26125","http://www.mofept.gov.pk/TenderDetail/YzYyNTUwYzAtZTY1OS00YWE0LWFhMjEtYWFhOTU3MTMxMDkx","7391","5403","5403","6347","7391","7391","7391","5609","text","H3","","0","43","1492","1541","1541","1548","1549","5398","5398","5398","5398","6258","7352","6970","6971","7167","8026","8026","8067","7351","5399","5399","7383","0.46454453923228","0.26705451269376","762","11879","8676","1159","230331_DQ_9K","1","1","463877","0","0","0","0","0","1","549729","","","","219360","4","446218","2050544","23","2720009","1090375","19","1127147","163777","5","163777","0","0","0","116532","2","116532","0","0","0","386","3","735","230331_DQ_9K","","","","","","","","","","","","","","",
"9429","9429","12990","148962","91435","3887490","3596051","73","73","53","73","0","0","0","0","0","1","ED6AEAC68625132F9DF906206AAE0F9D","9429","9461","8287","8540","http://www.mofept.gov.pk/TenderDetail/MTVkNmE1YzItMGUyMi00NmViLWIyNDYtNjA3YWZjMWVjZjM3","18","0","DE5077088DA478031447AFD19AF3404A","http://www.mofept.gov.pk/TenderDetail/MTVkNmE1YzItMGUyMi00NmViLWIyNDYtNjA3YWZjMWVjZjM3","6146.3999999985","6146","6146","6577","8286","19","5","2341","30","56","33","-1","100","-1","-1","100","-1","0","3373423","2274834","-1","-1","309224","0","","27","3","0","477","587","24","104","222","0","0","0","0","0","0","0","0","0","0","22","0","0","0","0","0","0","0","0","0","0","185","135","2","21","0","0","2","345","8","","0","3","","","","","","","","","","","","","","","","","","","","","","","","","","","","","","","","","","","","","","","","","","","","","","","","","","","","","","","","","","","","","","0","","10822","mukeet-ThinkPad-T490-192.168.0.112","1680234354.0484","","","92.0.4515.131","92.0.4515.131","1680234372.5477","http://www.mofept.gov.pk/TenderDetail/MTVkNmE1YzItMGUyMi00NmViLWIyNDYtNjA3YWZjMWVjZjM3","www.mofept.gov.pk","http://www.mofept.gov.pk","340","9428","6146.3999999985","6146.3999999985","","","ns4.ntc.net.pk","android - chrome","Step_1","27357","http://www.mofept.gov.pk/TenderDetail/MTVkNmE1YzItMGUyMi00NmViLWIyNDYtNjA3YWZjMWVjZjM3","8730","6150","6406","6608","7498","8730","8730","6360","image","DIV","http://www.mofept.gov.pk/images/1.png","0","42","2358","2419","2419","2423","2425","6146","6146","6146","6146","6576","8707","8286","8287","8539","9428","9429","9460","9920","6146","7013","7013","0.51924771685052","0.32175769031199","818","16138","11804","1550","230331_13_9M","1","1","365056","0","0","0","0","0","1","507343","","","","219083","4","445940","2147891","29","2838435","1092085","21","1152279","309550","13","309550","0","0","0","116532","2","116532","0","0","0","2349","4","9107","230331_13_9M","","","","","","","","","","","","","","",
"18402","18402","20761","96766","87227","3664569","3571678","58","58","53","58","0","0","0","0","0","1","D0766C1C58CEA789DC6D069CFC1A97CD","18402","18453","14722","14943","http://www.mofept.gov.pk/Jobs","18","0","0C2205D50AD424D7B3844105EA4B51D6","http://www.mofept.gov.pk/Jobs","11674.300000004","11674","11674","13513","14721","19","5","2013","29","42","33","-1","100","-1","-1","100","-1","-1","3296251","2230656","-1","-1","163777","0","","34","6","0","397","542","24","99","226","0","0","0","0","0","0","0","0","0","0","5","0","0","0","0","0","0","0","0","0","0","197","166","3","26","0","0","3","259","18","","0","5","","","","","","","","","","","","","","","","","","","","","","","","","","","","","","","","","","","","","","","","","","","","","","","","","","","","","","","","","","","","","","0","","18752","mukeet-ThinkPad-T490-192.168.0.112","1680234401.0189","","","92.0.4515.131","92.0.4515.131","1680234421.9285","http://www.mofept.gov.pk/Jobs","www.mofept.gov.pk","http://www.mofept.gov.pk","462","18386","11674.300000004","11674.300000004","","","ns3.rapidcompute.com","android - chrome","Step_1","43772","http://www.mofept.gov.pk/Jobs","15387","11678","11678","13533","15284","15387","15387","12046","image","DIV","http://www.mofept.gov.pk/images/1.png","0","48","2029","2104","2104","2107","2109","11674","11674","11674","11674","13512","15295","14721","14722","14943","18386","18402","18453","18955","11674","13599","13599","0.50482332354465","0.49576371059928","875","21882","20802","1226","230331_GP_9N","1","1","195464","0","0","0","0","0","1","217931","","","","242931","4","469790","2050544","23","2720009","1090375","19","1127147","163777","5","163777","0","0","0","116532","2","116532","0","0","0","410","3","763","230331_GP_9N","","","","","","","","","","","","","","",
"8497","8497","9267","96928","91426","3642021","3597375","56","56","53","56","0","0","0","0","0","1","94486F942E01D3DE2A6DCEB8AA80658F","8497","8542","7397","7621","http://www.mofept.gov.pk/JobDetail/ZjVkNWE1NWItZmEyMi00NzY2LTg4YjgtMDkxYTgwM2JlN2Jm","18","0","735F87960E38FDDAB1C090CA06E21DF9","http://www.mofept.gov.pk/JobDetail/ZjVkNWE1NWItZmEyMi00NzY2LTg4YjgtMDkxYTgwM2JlN2Jm","5752.5","5753","5753","6220","7396","19","5","1384","29","42","33","-1","100","-1","-1","100","-1","-1","3273727","2211211","-1","-1","163777","0","","26","4","0","474","566","18","113","218","0","0","0","0","0","0","10","0","0","0","24","0","0","0","0","0","0","0","0","0","0","160","160","2","22","0","0","1","370","8","","0","4","","","","","","","","","","","","","","","","","","","","","","","","","","","","","","","","","","","","","","","","","","","","","","","","","","","","","","","","","","","","","","0","","7085","mukeet-ThinkPad-T490-192.168.0.112","1680234468.2585","","","92.0.4515.131","92.0.4515.131","1680234486.7845","http://www.mofept.gov.pk/JobDetail/ZjVkNWE1NWItZmEyMi00NzY2LTg4YjgtMDkxYTgwM2JlN2Jm","www.mofept.gov.pk","http://www.mofept.gov.pk","359","8496","5752.5","5752.5","","","ns3.rapidcompute.com","android - chrome","Step_1","23887","http://www.mofept.gov.pk/JobDetail/ZjVkNWE1NWItZmEyMi00NzY2LTg4YjgtMDkxYTgwM2JlN2Jm","7865","5757","6217","6351","6809","7865","7865","5959","text","P","","0","42","1407","1460","1460","1467","1468","5752","5752","5752","5752","6219","7830","7396","7397","7621","8496","8497","8542","","5753","5753","7683","0.31226445560845","0.19749002653853","765","12060","9139","1135","230331_W5_9P","1","1","462009","0","0","0","0","0","1","505746","","","","220407","4","447262","2050544","23","2720009","1090375","19","1127147","163777","5","163777","0","0","0","116532","2","116532","0","0","0","386","3","735","230331_W5_9P","","","","","","","","","","","","","","",
"8131","8131","8796","96928","91426","3640693","3596047","56","56","53","56","0","0","0","0","0","1","19AADB5850B36395F1A59D3F95C18D53","8131","8164","7014","7235","http://www.mofept.gov.pk/JobDetail/Y2ZiMzk5ZTEtNDlkMC00NTQwLThlMjYtNWRlYTczNTBkYTQw","18","0","04E3EEB090F3EF32EF9661D03A3F4BEE","http://www.mofept.gov.pk/JobDetail/Y2ZiMzk5ZTEtNDlkMC00NTQwLThlMjYtNWRlYTczNTBkYTQw","5160.3999999985","5160","5160","5735","7014","19","5","1297","29","42","33","-1","100","-1","-1","100","-1","-1","3272399","2210256","-1","-1","163777","0","","25","3","1","492","579","19","98","222","0","0","0","0","0","0","0","0","0","0","22","0","0","0","0","0","0","0","0","0","0","155","141","3","20","0","0","2","352","17","","0","2","","","","","","","","","","","","","","","","","","","","","","","","","","","","","","","","","","","","","","","","","","","","","","","","","","","","","","","","","","","","","","0","","6642","mukeet-ThinkPad-T490-192.168.0.112","1680234511.7505","","","92.0.4515.131","92.0.4515.131","1680234528.4328","http://www.mofept.gov.pk/JobDetail/Y2ZiMzk5ZTEtNDlkMC00NTQwLThlMjYtNWRlYTczNTBkYTQw","www.mofept.gov.pk","http://www.mofept.gov.pk","339","8131","5160.3999999985","5160.3999999985","","","ns4.ntc.net.pk","android - chrome","Step_1","22968","http://www.mofept.gov.pk/JobDetail/Y2ZiMzk5ZTEtNDlkMC00NTQwLThlMjYtNWRlYTczNTBkYTQw","7437","5161","5447","5725","6158","7437","7437","5335","text","H3","","0","44","1305","1358","1358","1362","1363","5160","5160","5160","5160","5734","7416","7014","7014","7235","8131","8131","8164","","5160","5160","6167","0.48043990788096","0.28294988134243","518","11641","8719","1197","230331_09_9Q","1","1","485490","0","0","0","0","0","1","526199","","","","219079","4","445938","2050544","23","2720009","1090375","19","1127147","163777","5","163777","0","0","0","116532","2","116532","0","0","0","386","3","735","230331_09_9Q","","","","","","","","","","","","","","",
"8563","8563","9405","96928","91426","3640711","3596065","56","56","53","56","0","0","0","0","0","1","6B0E9A285F487700CC93C891536EF6A7","8563","8611","7465","7683","http://www.mofept.gov.pk/JobDetail/NjE2YWMxMWMtNGY1Ny00ODQzLTllZjgtZTBjNTRiN2U0NjJm","18","0","A8FDC451662A65EB0946A0FDE9CBA56F","http://www.mofept.gov.pk/JobDetail/NjE2YWMxMWMtNGY1Ny00ODQzLTllZjgtZTBjNTRiN2U0NjJm","5389.799999997","5390","5390","5793","7464","19","5","1190","29","42","33","-1","100","-1","-1","100","-1","-1","3272417","2211507","-1","-1","163777","0","","25","4","0","525","597","20","113","251","1","0","0","0","0","0","0","0","0","0","34","0","0","0","0","0","0","0","0","0","0","155","113","4","24","0","0","1","340","12","","0","3","","","","","","","","","","","","","","","","","","","","","","","","","","","","","","","","","","","","","","","","","","","","","","","","","","","","","","","","","","","","","","0","","7181","mukeet-ThinkPad-T490-192.168.0.112","1680234553.5185","","","92.0.4515.131","92.0.4515.131","1680234570.8999","http://www.mofept.gov.pk/JobDetail/NjE2YWMxMWMtNGY1Ny00ODQzLTllZjgtZTBjNTRiN2U0NjJm","www.mofept.gov.pk","http://www.mofept.gov.pk","369","8562","5389.799999997","5389.799999997","","","ns4.ntc.net.pk","android - chrome","Step_1","22602","http://www.mofept.gov.pk/JobDetail/NjE2YWMxMWMtNGY1Ny00ODQzLTllZjgtZTBjNTRiN2U0NjJm","7896","5403","5797","5871","6401","7896","7896","5614","text","H3","","0","43","1204","1267","1267","1271","1272","5389","5389","5389","5389","5793","7867","7464","7465","7683","8562","8563","8611","","5390","5390","6293","0.47105271784822","0.27356269130969","848","11998","8690","1233","230331_XJ_9R","1","1","443178","0","0","0","0","0","1","487734","","","","220542","4","447400","2049099","23","2714724","1090375","19","1127147","163777","5","163777","0","0","0","116532","2","116532","0","0","0","386","3","735","230331_XJ_9R","","","","","","","","","","","","","","",
"8176","8176","9196","96928","87389","3640213","3547322","56","56","51","56","0","0","0","0","0","1","A811351D084DBEE3567E451D80801236","8176","8231","6947","7134","http://www.mofept.gov.pk/JobDetail/YWU1Y2Y1NDMtZjk0NS00NWE2LWE4NTQtNjA4YzI4NDM2ZTU5","18","0","956F5E4665D0F686FF38B8D9827AD92C","http://www.mofept.gov.pk/JobDetail/YWU1Y2Y1NDMtZjk0NS00NWE2LWE4NTQtNjA4YzI4NDM2ZTU5","5759.599999994","5760","5760","6203","6946","19","5","1587","29","42","33","-1","100","-1","-1","100","-1","-1","3271919","2211069","-1","-1","163777","0","","20","3","0","457","529","20","96","218","0","0","0","0","0","0","0","0","1","0","27","0","0","0","0","0","0","0","0","0","0","160","114","2","14","0","0","1","315","14","","0","2","","","","","","","","","","","","","","","","","","","","","","","","","","","","","","","","","","","","","","","","","","","","","","","","","","","","","","","","","","","","","","0","","7203","mukeet-ThinkPad-T490-192.168.0.112","1680234594.608","","","92.0.4515.131","92.0.4515.131","1680234612.3227","http://www.mofept.gov.pk/JobDetail/YWU1Y2Y1NDMtZjk0NS00NWE2LWE4NTQtNjA4YzI4NDM2ZTU5","www.mofept.gov.pk","http://www.mofept.gov.pk","359","8175","5759.599999994","5759.599999994","","","ns4.ntc.net.pk","android - chrome","Step_1","21786","http://www.mofept.gov.pk/JobDetail/YWU1Y2Y1NDMtZjk0NS00NWE2LWE4NTQtNjA4YzI4NDM2ZTU5","7430","5754","5981","6222","7346","7430","7430","5930","text","H3","","0","44","1601","1665","1665","1667","1669","5759","5759","5759","5759","6202","7356","6946","6946","7134","8175","8176","8231","","5760","5760","7346","0.27207993671108","0.1977906294795","509","12162","9077","1071","230331_9T_9S","1","1","478408","0","0","0","0","0","1","538370","1","0","0","220044","4","446903","2049099","23","2714724","1090375","19","1127147","163777","5","163777","0","0","0","116532","2","116532","0","0","0","386","3","735","230331_9T_9S","","","","","","","","","","","","","","",
"8998","8998","10041","96928","87389","3627190","3534299","56","56","51","56","0","0","0","0","0","1","DB7527ED93DF60DC036D4222BE96CADB","8999","9061","7023","7244","http://www.mofept.gov.pk/JobDetail/NmIwODgyNDktY2ZlNC00NTI0LWI3YzAtOWJhN2Q3MmE4NDgx","18","0","8D32B3A88AE5C2CC95AEAFA97C25A472","http://www.mofept.gov.pk/JobDetail/NmIwODgyNDktY2ZlNC00NTI0LWI3YzAtOWJhN2Q3MmE4NDgx","7130.1000000015","7130","7130","7768","7022","19","5","1224","29","42","33","-1","100","-1","-1","100","-1","-1","3273600","2212528","-1","-1","163777","0","","22","3","1","478","467","32","88","220","0","0","0","0","0","0","0","0","1","0","30","0","0","0","0","0","0","0","0","0","0","157","147","2","15","0","0","1","277","12","","0","3","","","","","","","","","","","","","","","","","","","","","","","","","","","","","","","","","","","","","","","","","","","","","","","","","","","","","","","","","","","","","","0","","8083","mukeet-ThinkPad-T490-192.168.0.112","1680234636.216","","","92.0.4515.131","92.0.4515.131","1680234652.9106","http://www.mofept.gov.pk/JobDetail/NmIwODgyNDktY2ZlNC00NTI0LWI3YzAtOWJhN2Q3MmE4NDgx","www.mofept.gov.pk","http://www.mofept.gov.pk","380","8997","7130.1000000015","7130.1000000015","","","ns5.ntc.net.pk","android - chrome","Step_1","23875","http://www.mofept.gov.pk/JobDetail/NmIwODgyNDktY2ZlNC00NTI0LWI3YzAtOWJhN2Q3MmE4NDgx","8193","7117","7625","7759","8193","8193","8193","7270","text","P","","0","51","1233","1282","1282","1286","1287","7130","7130","7130","7130","7768","7668","7021","7023","7244","8997","8998","9060","","7130","7130","8177","0.29141063471292","0.29141063471292","109","13189","10083","564","230331_1H_9T","1","1","411385","0","0","0","0","0","1","454630","","","","207024","4","433882","2049096","23","2714720","1090375","19","1127147","163777","5","163777","0","0","0","116532","2","116532","0","0","0","386","3","735","230331_1H_9T","","","","","","","","","","","","","","",
