"loadTime","docTime","fullyLoaded","bytesOut","bytesOutDoc","bytesIn","bytesInDoc","requests","requestsFull","requestsDoc","responses_200","responses_404","responses_other","result","testStartOffset","cached","optimization_checked","main_frame","loadEventStart","loadEventEnd","domContentLoadedEventStart","domContentLoadedEventEnd","URL","connections","final_base_page_request","final_base_page_request_id","final_url","firstPaint","firstContentfulPaint","firstImagePaint","firstMeaningfulPaint","domInteractive","renderBlockingCSS","renderBlockingJS","TTFB","basePageSSLTime","score_cache","score_cdn","score_gzip","score_cookies","score_keep-alive","score_minify","score_combine","score_compress","score_etags","score_progressive_jpeg","gzip_total","gzip_savings","minify_total","minify_savings","image_total","image_savings","base_page_cdn","cpu.UpdateLayerTree","cpu.EventDispatch","cpu.CommitLoad","cpu.EvaluateScript","cpu.v8.compile","cpu.ParseHTML","cpu.ResourceFetcher::requestResource","cpu.ParseAuthorStyleSheet","cpu.UpdateLayoutTree","cpu.Layout","cpu.MinorGC","cpu.V8.GC_HEAP_PROLOGUE","cpu.V8.GC_HEAP_EXTERNAL_PROLOGUE","cpu.V8.GC_SCAVENGER_COMPLETE_SWEEP_ARRAY_BUFFERS","cpu.V8.GC_SCAVENGER","cpu.V8.GC_TIME_TO_SAFEPOINT","cpu.V8.GC_HEAP_PROLOGUE_SAFEPOINT","cpu.V8.GC_SCAVENGER_SCAVENGE","cpu.V8.GC_SCAVENGER_SCAVENGE_WEAK_GLOBAL_HANDLES_IDENTIFY","cpu.V8.GC_SCAVENGER_SCAVENGE_ROOTS","cpu.V8.GC_SCAVENGER_SCAVENGE_PARALLEL","cpu.V8.GC_SCAVENGER_SCAVENGE_WEAK_GLOBAL_HANDLES_PROCESS","cpu.V8.GC_SCAVENGER_SCAVENGE_FINALIZE","cpu.V8.GC_SCAVENGER_SCAVENGE_UPDATE_REFS","cpu.V8.GC_SCAVENGER_FREE_REMEMBERED_SET","cpu.V8.GC_SCAVENGER_SWEEP_ARRAY_BUFFERS","cpu.V8.GC_HEAP_EXTERNAL_WEAK_GLOBAL_HANDLES","cpu.V8.GC_HEAP_EPILOGUE_SAFEPOINT","cpu.V8.GC_HEAP_EPILOGUE_REDUCE_NEW_SPACE","cpu.V8.GC_HEAP_EXTERNAL_EPILOGUE","cpu.V8.GC_HEAP_EPILOGUE","cpu.MarkDOMContent","cpu.MarkLoad","cpu.IntersectionObserverController::computeIntersections","cpu.Paint","cpu.largestContentfulPaint::Candidate","cpu.ResourceChangePriority","cpu.FunctionCall","cpu.HitTest","cpu.TimerFire","cpu.FireAnimationFrame","cpu.V8.GC_MC_COMPLETE_SWEEPING","cpu.V8.GC_MC_COMPLETE_SWEEP_ARRAY_BUFFERS","cpu.V8.GC_MC_INCREMENTAL_START","cpu.V8.GC_MC_INCREMENTAL_EXTERNAL_PROLOGUE","cpu.V8.GC_MC_INCREMENTAL_EMBEDDER_PROLOGUE","cpu.BlinkGC.IncrementalMarkingStartMarking","cpu.BlinkGC.VisitRoots","cpu.V8.GC_MC_INCREMENTAL_EXTERNAL_EPILOGUE","cpu.V8.GC_MC_INCREMENTAL","cpu.V8.GC_MC_INCREMENTAL_EMBEDDER_TRACING","cpu.BlinkGC.UnifiedMarkingStep","cpu.BlinkGC.IncrementalMarkingWithDeadline","cpu.BlinkGC.MarkProcessWorklists","cpu.BlinkGC.MarkBailOutObjects","cpu.BlinkGC.MarkFlushV8References","cpu.BlinkGC.MarkProcessNotFullyconstructeddWorklist","cpu.BlinkGC.MarkProcessMarkingWorklist","cpu.BlinkGC.MarkFlushEphemeronPairs","cpu.BlinkGC.MarkProcessWriteBarrierWorklist","cpu.MajorGC","cpu.V8.GC_MC_INCREMENTAL_FINALIZE","cpu.V8.GC_MC_INCREMENTAL_FINALIZE_BODY","cpu.BlinkGC.MarkInvokeEphemeronCallbacks","cpu.V8.GC_MARK_COMPACTOR","cpu.V8.GC_MC_PROLOGUE","cpu.V8.GC_MC_MARK","cpu.V8.GC_MC_MARK_FINISH_INCREMENTAL","cpu.BlinkGC.AtomicPauseMarkPrologue","cpu.BlinkGC.AtomicPauseMarkRoots","cpu.V8.GC_MC_MARK_ROOTS","cpu.V8.GC_MC_MARK_MAIN","cpu.V8.GC_MC_MARK_WEAK_CLOSURE","cpu.V8.GC_MC_MARK_EMBEDDER_TRACING_CLOSURE","cpu.V8.GC_MC_MARK_EMBEDDER_TRACING","cpu.BlinkGC.AtomicPauseMarkTransitiveClosure","cpu.V8.GC_MC_MARK_WEAK_CLOSURE_EPHEMERON","cpu.V8.GC_MC_MARK_WEAK_CLOSURE_EPHEMERON_MARKING","cpu.V8.GC_MC_MARK_WEAK_CLOSURE_WEAK_HANDLES","cpu.V8.GC_MC_MARK_WEAK_CLOSURE_WEAK_ROOTS","cpu.V8.GC_MC_MARK_WEAK_CLOSURE_HARMONY","cpu.V8.GC_MC_CLEAR","cpu.V8.GC_MC_CLEAR_STRING_TABLE","cpu.V8.GC_MC_CLEAR_FLUSHABLE_BYTECODE","cpu.V8.GC_MC_CLEAR_FLUSHED_JS_FUNCTIONS","cpu.V8.GC_MC_CLEAR_WEAK_LISTS","cpu.V8.GC_MC_CLEAR_MAPS","cpu.V8.GC_MC_CLEAR_WEAK_REFERENCES","cpu.V8.GC_MC_CLEAR_WEAK_COLLECTIONS","cpu.V8.GC_MC_SWEEP","cpu.V8.GC_MC_EVACUATE","cpu.V8.GC_MC_EVACUATE_PROLOGUE","cpu.V8.GC_MC_EVACUATE_COPY","cpu.V8.GC_MC_EVACUATE_COPY_PARALLEL","cpu.V8.GC_MC_EVACUATE_UPDATE_POINTERS","cpu.V8.GC_MC_EVACUATE_UPDATE_POINTERS_TO_NEW_ROOTS","cpu.V8.GC_MC_EVACUATE_UPDATE_POINTERS_SLOTS_MAIN","cpu.V8.GC_MC_EVACUATE_UPDATE_POINTERS_PARALLEL","cpu.V8.GC_MC_EVACUATE_UPDATE_POINTERS_WEAK","cpu.V8.GC_MC_EVACUATE_REBALANCE","cpu.V8.GC_MC_EVACUATE_CLEAN_UP","cpu.V8.GC_MC_EVACUATE_EPILOGUE","cpu.V8.GC_MC_FINISH","cpu.V8.GC_MC_FINISH_SWEEP_ARRAY_BUFFERS","cpu.V8.GC_MC_EPILOGUE","cpu.V8.GC_HEAP_EMBEDDER_TRACING_EPILOGUE","cpu.BlinkGC.AtomicPauseMarkEpilogue","cpu.BlinkGC.AtomicPauseSweepAndCompact","cpu.BlinkGC.LazySweepOnAllocation","cpu.XHRReadyStateChange","cpu.BlinkGC.LazySweepInIdle","cpu.XHRLoad","cpu.Idle","tester","start_epoch","osVersion","os_version","browserVersion","browser_version","date","document_URL","document_hostname","document_origin","domElements","domComplete","PerformancePaintTiming.first-paint","PerformancePaintTiming.first-contentful-paint","base_page_ip_ptr","base_page_cname","base_page_dns_server","browser_name","eventName","test_run_time_ms","testUrl","lastVisualChange","render","visualComplete85","visualComplete90","visualComplete95","visualComplete99","visualComplete","SpeedIndex","LargestContentfulPaintType","LargestContentfulPaintNodeType","LargestContentfulPaintImageURL","chromeUserTiming.navigationStart","chromeUserTiming.fetchStart","chromeUserTiming.responseEnd","chromeUserTiming.unloadEventStart","chromeUserTiming.unloadEventEnd","chromeUserTiming.commitNavigationEnd","chromeUserTiming.domLoading","chromeUserTiming.firstPaint","chromeUserTiming.firstContentfulPaint","chromeUserTiming.firstMeaningfulPaintCandidate","chromeUserTiming.firstImagePaint","chromeUserTiming.LayoutShift","chromeUserTiming.firstMeaningfulPaint","chromeUserTiming.domInteractive","chromeUserTiming.domContentLoadedEventStart","chromeUserTiming.domContentLoadedEventEnd","chromeUserTiming.domComplete","chromeUserTiming.loadEventStart","chromeUserTiming.loadEventEnd","chromeUserTiming.LargestTextPaint","chromeUserTiming.LargestContentfulPaint","chromeUserTiming.LargestImagePaint","chromeUserTiming.TotalLayoutShift","chromeUserTiming.CumulativeLayoutShift","FirstInteractive","maxFID","TTIMeasurementEnd","LastInteractive","TimeToInteractive","FirstCPUIdle","TotalBlockingTime","testID","run","step","effectiveBps","domTime","aft","titleTime","domLoading","server_rtt","edge-processed","effectiveBpsDoc","bytes.html","requests.html","bytesUncompressed.html","bytes.js","requests.js","bytesUncompressed.js","bytes.css","requests.css","bytesUncompressed.css","bytes.image","requests.image","bytesUncompressed.image","bytes.flash","requests.flash","bytesUncompressed.flash","bytes.font","requests.font","bytesUncompressed.font","bytes.video","requests.video","bytesUncompressed.video","bytes.other","requests.other","bytesUncompressed.other","id","cpu.BlinkGC.IncrementalMarkingStep",
"22519","22519","22809","135882","128343","11274839","11244934","71","71","68","70","0","1","0","0","0","1","649CEDA592775127C2B462F3C311CB1B","22519","22534","3371","3376","https://www.piac.com.pk/","7","0","2EAA9F01B498E28D39F8FEBBA989D6AB","https://www.piac.com.pk/","3045.4000000022","3045","3045","3278","3371","7","8","1426","277","89","100","92","-1","100","-1","-1","67","-1","0","602301","49928","-1","-1","10591059","3525499","Cloudflare","121","10","1","755","286","49","116","65","75","228","0","0","0","0","0","0","0","0","0","0","12","0","0","0","0","0","0","0","0","0","0","0","0","73","75","0","0","2875","9","114","0","0","0","0","0","0","0","0","0","0","0","0","0","0","3","0","0","0","0","0","0","0","0","0","0","0","0","0","0","0","0","0","0","0","0","0","0","0","0","0","0","0","0","0","0","0","0","1","0","0","0","0","0","0","0","0","0","0","0","0","0","0","0","0","0","0","4","0","2","0","53","0","17883","mukeet-ThinkPad-T490-192.168.0.112","1680191586.366","","","92.0.4515.131","92.0.4515.131","1680191603.0578","https://www.piac.com.pk/","www.piac.com.pk","https://www.piac.com.pk","4209","22519","3045.4000000022","3045.4000000022","","","isaac.ns.cloudflare.com","android - chrome","Step_1","43868","https://www.piac.com.pk/","20507","3054","20507","20507","20507","20507","20507","9700","image","IMG","https://www.piac.com.pk/images/banners/call_fly_banner.jpg","0","45","1461","1503","1504","1508","1510","3045","3045","3045","3045","3903","3277","3371","3371","3377","22519","22519","22534","3045","15603","15603","0.59269438837431","0.59269438837431","10228","843","25888","10228","10228","10228","3030","230330_MD_DR","1","1","527280","0","0","0","0","0","1","533112","84444","3","540258","358312","16","946907","47225","9","307807","10596765","34","10603802","0","0","0","128645","2","216412","0","0","0","59448","7","60487","230330_MD_DR","",
"4232","4232","5575","85710","76886","1311894","1281961","43","43","39","42","0","1","0","0","0","1","C4BA31D9F10E912A440C315FB957083D","4232","4235","2340","2353","https://www.piac.com.pk/travel-advisory-updates","4","0","6941D7E8CB277DB25DF8E8E2FA51D52A","https://www.piac.com.pk/travel-advisory-updates","2319.0999999978","2319","2319","2319","2340","7","9","608","9","92","100","100","-1","100","-1","-1","57","-1","0","233446","0","-1","-1","998424","430632","Cloudflare","38","4","1","201","107","25","95","45","59","114","1","0","0","0","0","0","0","0","0","0","26","0","0","0","0","0","0","0","0","0","0","0","0","12","30","0","0","977","1","2","","","","","","","","","","","","","","","","","","","","","","","","","","","","","","","","","","","","","","","","","","","","","","","","","","","","","","","","","","","","","","","","","","","","","","0","","0","3838","mukeet-ThinkPad-T490-192.168.0.112","1680191649.4675","","","92.0.4515.131","92.0.4515.131","1680191665.4782","https://www.piac.com.pk/travel-advisory-updates","www.piac.com.pk","https://www.piac.com.pk","610","4232","2319.0999999978","2319.0999999978","","","isaac.ns.cloudflare.com","android - chrome","Step_1","18771","https://www.piac.com.pk/travel-advisory-updates","4293","2320","4251","4251","4251","4293","4293","2913","image","IMG","https://www.piac.com.pk/images/plane.jpg","0","42","620","692","692","696","699","2319","2319","2319","2319","4227","2319","2340","2341","2353","4232","4232","4235","4286","4286","4286","0.52937166431279","0.44168181904234","","874","5584","5339","","","895","230330_D8_DS","1","1","264122","0","0","0","0","0","1","353741","56543","3","258600","81719","12","243426","42031","7","262906","1002662","16","1007984","0","0","0","128645","2","216412","0","0","0","294","3","766","230330_D8_DS","",
"3149","3149","5146","87391","74125","754596","385494","42","42","35","41","0","1","0","0","0","1","9B8CB0210B67C27B7B7BB895877C1034","3149","3154","3139","3145","https://www.piac.com.pk/corporate/press-releases","5","0","776A2026AC98FECB9CAC86BFD4911AC9","https://www.piac.com.pk/corporate/press-releases","1533.5","1644","1644","2241","3139","7","18","445","14","93","100","100","-1","100","-1","-1","96","-1","-1","366074","0","-1","-1","350119","16907","Cloudflare","27","2","0","168","337","18","92","78","82","91","0","0","0","0","0","0","0","1","0","0","26","0","0","0","0","0","0","0","0","0","0","0","0","9","17","0","","917","2","3","","","","","","","","","","","","","","","","","","","","","","","","","","","","","","","","","","","","","","","","","","","","","","","","","","","","","","","","","","","","","","","","","","","","","","0","","0","3274","mukeet-ThinkPad-T490-192.168.0.112","1680191685.374","","","92.0.4515.131","92.0.4515.131","1680191702.6631","https://www.piac.com.pk/corporate/press-releases","www.piac.com.pk","https://www.piac.com.pk","550","3149","1533.5","1644.4000000022","","","emerie.ns.cloudflare.com","android - chrome","Step_1","18997","https://www.piac.com.pk/corporate/press-releases","5039","2244","5039","5039","5039","5039","5039","3564","image","IMG","https://www.piac.com.pk/corporate/images/headers/pia_banner_pressreleases.png","0","44","479","508","508","513","515","1533","1644","1533","1644","4923","2241","3138","3138","3145","3149","3149","3154","2241","5045","5045","0.77145650974169","0.32623448477046","","795","5164","4909","","","959","230330_31_DT","1","1","160518","0","0","0","0","0","1","142564","10647","3","54000","276484","22","1024101","74221","9","458399","350677","4","351176","0","0","0","39736","1","39736","0","0","0","117","2","82","230330_31_DT","",
"4043","4043","5278","84909","76202","1502218","1472285","43","43","39","42","0","1","0","0","0","1","F33DE0CD18248DD1A6E2BE7B281E2E0E","4044","4046","1799","1809","https://www.piac.com.pk/contact-us","4","0","02D8938CCB017E82244F2AFA6B94EE25","https://www.piac.com.pk/contact-us","1720.5999999978","1721","1721","1721","1799","7","8","345","15","92","100","100","-1","100","-1","-1","73","-1","0","225551","0","-1","-1","1196594","326506","Cloudflare","53","3","0","153","99","22","100","34","74","174","1","0","0","0","0","0","0","0","0","0","24","0","0","0","0","0","0","0","0","0","0","0","0","8","46","0","0","847","1","1","","","","","","","","","","","","","","","","","","","","","","","","","","","","","","","","","","","","","","","","","","","","","","","","","","","","","","","","","","","","","","","","","","","","","","0","","0","3633","mukeet-ThinkPad-T490-192.168.0.112","1680191723.7539","","","92.0.4515.131","92.0.4515.131","1680191742.8768","https://www.piac.com.pk/contact-us","www.piac.com.pk","https://www.piac.com.pk","579","4043","1720.5999999978","1720.5999999978","","","isaac.ns.cloudflare.com","android - chrome","Step_1","18659","https://www.piac.com.pk/contact-us","4145","1735","4145","4145","4145","4145","4145","2509","image","IMG","https://www.piac.com.pk/images/headers/pia_banner_experience.png","0","39","380","421","421","425","427","1720","1720","1720","1720","4004","1720","1798","1799","1809","4043","4043","4046","1721","4129","4129","0.18475199826455","0.097062152994104","","826","5298","5035","","","863","230330_F9_DV","1","1","304524","0","0","0","0","0","1","398130","52411","3","243584","78005","11","231511","42031","7","262906","1200832","17","1206154","0","0","0","128645","2","216412","0","0","0","294","3","766","230330_F9_DV","",
"9925","9925","15003","94861","90335","1654938","1652196","45","45","42","44","0","1","0","0","0","1","AF8DC9E40BD83268D0F4CE3A0F9EEAC4","9925","9951","5472","5482","https://www.piac.com.pk/corporate/","3","0","26DB77A1C212676E9DA1C6B2ECBBAE20","https://www.piac.com.pk/corporate/","5568.5999999978","5569","5730","5569","5472","7","19","3243","21","94","100","100","-1","100","-1","-1","94","-1","100","311305","0","-1","-1","1305667","89395","Cloudflare","37","2","0","161","167","12","102","57","38","138","0","0","0","0","0","0","0","0","0","0","33","0","0","0","0","0","0","0","0","0","0","0","0","7","26","0","0","984","2","2","","","","","","","","","","","","","","","","","","","","","","","","","","","","","","","","","","","","","","","","","","","","","","","","","","","","","","","","","","","","","","","","","","","","","","0","","0","13232","mukeet-ThinkPad-T490-192.168.0.112","1680191762.6793","","","92.0.4515.131","92.0.4515.131","1680191783.0289","https://www.piac.com.pk/corporate/","www.piac.com.pk","https://www.piac.com.pk","395","9925","5568.5999999978","5568.5999999978","","","isaac.ns.cloudflare.com","android - chrome","Step_1","32694","https://www.piac.com.pk/corporate/","15231","5571","15194","15231","15231","15231","15231","10593","image","IMG","https://www.piac.com.pk/corporate/images/banners/2.png","0","45","3256","3328","3328","3332","3334","5568","5568","5568","5729","9958","5568","5472","5472","5482","9925","9925","9951","5569","10089","10089","1.0931250565316","0.8273855173359","","824","15006","11444","","","833","230330_J4_DW","1","1","140726","0","0","0","0","0","1","247260","7521","1","35804","168662","21","524395","41071","7","258743","1306225","10","1306724","0","0","0","128645","2","216412","0","0","0","100","2","58","230330_J4_DW","",
"4033","4033","5914","84290","75448","1180225","1150292","42","42","38","41","0","1","0","0","0","1","08A5EA1DA1EA77352D3921E451E287B2","4034","4037","2325","2334","https://www.piac.com.pk/where-we-fly/destinations","4","0","4BDFC17D593F1B740A5C367BE773EF11","https://www.piac.com.pk/where-we-fly/destinations","2293.1999999993","2293","2293","2293","2324","7","8","499","14","92","100","100","-1","100","-1","-1","66","-1","0","223342","0","-1","-1","876763","302232","Cloudflare","34","3","1","195","111","21","94","40","68","109","1","0","0","0","0","0","0","0","0","0","28","0","0","0","0","0","0","0","0","0","0","0","0","8","32","0","0","1026","1","1","","","","","","","","","","","","","","","","","","","","","","","","","","","","","","","","","","","","","","","","","","","","","","","","","","","","","","","","","","","","","","","","","","","","","","0","","0","4138","mukeet-ThinkPad-T490-192.168.0.112","1680191818.1018","","","92.0.4515.131","92.0.4515.131","1680191840.032","https://www.piac.com.pk/where-we-fly/destinations","www.piac.com.pk","https://www.piac.com.pk","378","4033","2293.1999999993","2293.1999999993","","","isaac.ns.cloudflare.com","android - chrome","Step_1","18070","https://www.piac.com.pk/where-we-fly/destinations","4112","2291","4112","4112","4112","4112","4112","3137","image","IMG","https://www.piac.com.pk/images/headers/pia_banner_wherewefly.png","0","54","527","574","574","578","580","2293","2293","2293","2293","3982","2293","2324","2324","2334","4033","4033","4036","2293","4119","4119","0.18475199826455","0.097062152994104","","1003","5927","5670","","","1003","230330_42_DX","1","1","217954","0","0","0","0","0","1","325492","50154","3","301267","78100","11","231780","42031","7","262906","881001","16","886323","0","0","0","128645","2","216412","0","0","0","294","3","766","230330_42_DX","",
"3560","3560","4957","91890","83057","1052906","1022973","46","46","42","45","0","1","0","0","0","1","D0B059EB930B7FFCEACC33F098604F4F","3560","3787","1923","1935","https://www.piac.com.pk/where-we-fly/our-network","4","0","DD36AA76BF58C5673E8D636380B89CB2","https://www.piac.com.pk/where-we-fly/our-network","1855.5999999978","1856","2737","1856","1923","7","11","559","17","91","100","100","-1","100","-1","-1","78","-1","0","341065","0","-1","-1","631687","142176","Cloudflare","77","2","0","150","216","28","82","39","59","171","0","0","0","0","0","0","1","0","0","0","29","0","0","0","0","0","0","0","0","0","0","0","0","26","48","0","0","1016","1","2","31","","","","","","","","","","","","","","","","","","","","","","","","","","","","","","","","","","","","","","","","","","","","","","","","","","","","","","","","","","","","","","","","","","","","","0","","0","2978","mukeet-ThinkPad-T490-192.168.0.112","1680191859.1861","","","92.0.4515.131","92.0.4515.131","1680191876.1832","https://www.piac.com.pk/where-we-fly/our-network","www.piac.com.pk","https://www.piac.com.pk","760","3560","1855.5999999978","1855.5999999978","","","emerie.ns.cloudflare.com","android - chrome","Step_1","18174","https://www.piac.com.pk/where-we-fly/our-network","3284","1861","3284","3284","3284","3284","3284","2334","image","IMG","https://www.piac.com.pk/images/headers/pia_banner_wherewefly.png","0","44","580","638","638","641","644","1855","1855","1855","2737","3168","1855","1923","1924","1935","3560","3560","3787","1856","3284","3284","0.61158906067426","0.61158906067426","","718","8508","4562","","","931","230330_Y4_DY","1","1","239405","0","0","0","0","0","1","340877","63884","3","386050","181662","15","535945","42496","8","264254","635925","15","641247","0","0","0","128645","2","216412","0","0","0","294","3","766","230330_Y4_DY","",
"4746","4746","5133","83198","74437","1442202","1412269","42","42","38","41","0","1","0","0","0","1","BFFF1573B6187FEBA17BA5C2FAE10BA2","4746","4747","1688","1698","https://www.piac.com.pk/where-we-fly/map","4","0","187A44F79E11DCAC17CFE070EE12C65E","https://www.piac.com.pk/where-we-fly/map","1675.3999999985","1675","1971","1675","1688","7","8","370","8","92","100","100","-1","100","-1","-1","87","-1","0","222526","0","-1","-1","1139471","156565","Cloudflare","30","3","1","173","112","15","97","41","63","99","0","0","0","0","0","0","0","0","0","0","26","0","0","0","0","0","0","0","0","0","0","0","0","7","32","0","0","1045","1","2","","","","","","","","","","","","","","","","","","","","","","","","","","","","","","","","","","","","","","","","","","","","","","","","","","","","","","","","","","","","","","","","","","","","","","0","","0","3385","mukeet-ThinkPad-T490-192.168.0.112","1680191896.4953","","","92.0.4515.131","92.0.4515.131","1680191913.8784","https://www.piac.com.pk/where-we-fly/map","www.piac.com.pk","https://www.piac.com.pk","274","4746","1675.3999999985","1675.3999999985","","","isaac.ns.cloudflare.com","android - chrome","Step_1","16140","https://www.piac.com.pk/where-we-fly/map","4919","1682","4919","4919","4919","4919","4919","2938","text","P","","0","41","377","443","443","446","448","1675","1675","1675","1971","4754","1675","1688","1688","1698","4746","4746","4747","4904","4904","3254","0.52937166431279","0.34461966604824","","1014","5449","4738","","","1014","230330_WH_DZ","1","1","302792","0","0","0","0","0","1","322730","49308","3","296470","78215","11","232019","42031","7","262906","1143709","16","1149031","0","0","0","128645","2","216412","0","0","0","294","3","766","230330_WH_DZ","",
"3274","3274","4491","71963","63085","1098555","1068622","36","36","32","35","0","1","0","0","0","1","2D91792A2A8DB119E3FBC1A899997F13","3274","3278","1651","1657","https://www.piac.com.pk/experience/special-assistance","4","0","70D023966C1CDE84B833FC1B81DD07CE","https://www.piac.com.pk/experience/special-assistance","1663","1663","1663","1663","1651","7","8","346","15","89","100","100","-1","100","-1","-1","84","-1","0","225475","0","-1","-1","792943","127695","Cloudflare","42","2","0","119","101","20","96","33","54","225","1","0","0","0","1","0","0","0","0","0","23","0","0","0","0","0","0","0","0","0","0","0","0","10","27","0","0","880","1","1","","","","","","","","","","","","","","","","","","","","","","","","","","","","","","","","","","","","","","","","","","","","","","","","","","","","","","","","","","","","","","","","","","","","","","0","","0","2853","mukeet-ThinkPad-T490-192.168.0.112","1680191931.114","","","92.0.4515.131","92.0.4515.131","1680191947.1248","https://www.piac.com.pk/experience/special-assistance","www.piac.com.pk","https://www.piac.com.pk","492","3274","1663","1663","","","emerie.ns.cloudflare.com","android - chrome","Step_1","17735","https://www.piac.com.pk/experience/special-assistance","3307","1668","3307","3307","3307","3307","3307","2174","image","IMG","https://www.piac.com.pk/images/headers/pia_banner_experience.png","0","49","353","420","420","423","425","1662","1662","1662","1662","3175","1662","1650","1651","1657","3274","3274","3278","1663","3309","3309","0.18772327023465","0.097062152994104","","848","4503","4258","","","868","230330_TT_E0","1","1","265031","0","0","0","0","0","1","364966","54938","3","319260","79704","12","234604","42031","7","262906","792943","9","792943","0","0","0","128645","2","216412","0","0","0","294","3","766","230330_TT_E0","",
"3691","3691","5076","84758","75853","1243236","1213303","42","42","38","41","0","1","0","0","0","1","28861186390B57C967F8D6C79F60355A","3691","3695","1894","1905","https://www.piac.com.pk/experience/baggage/baggage-guide","4","0","92A95304A277760615221FB55FBC56C3","https://www.piac.com.pk/experience/baggage/baggage-guide","1856.3999999985","1856","1856","1856","1893","7","8","474","13","92","100","100","-1","100","-1","-1","84","-1","0","225644","0","-1","-1","937338","157945","Cloudflare","43","5","1","179","100","21","97","37","62","161","0","0","0","0","0","0","1","0","0","0","23","0","0","0","0","0","0","0","0","0","0","0","0","9","24","0","0","910","1","2","","","","","","","","","","","","","","","","","","","","","","","","","","","","","","","","","","","","","","","","","","","","","","","","","","","","","","","","","","","","","","","","","","","","","","0","","0","3401","mukeet-ThinkPad-T490-192.168.0.112","1680191966.9791","","","92.0.4515.131","92.0.4515.131","1680191986.9913","https://www.piac.com.pk/experience/baggage/baggage-guide","www.piac.com.pk","https://www.piac.com.pk","450","3691","1856.3999999985","1856.3999999985","","","emerie.ns.cloudflare.com","android - chrome","Step_1","17727","https://www.piac.com.pk/experience/baggage/baggage-guide","3793","1860","3793","3793","3793","3793","3793","2729","image","IMG","https://www.piac.com.pk/images/headers/pia_banner_experience.png","0","44","480","545","545","549","551","1856","1856","1856","1856","3657","1856","1894","1894","1905","3691","3691","3695","1856","3789","3789","0.18926520791825","0.097062152994104","","876","5095","4857","","","883","230330_49_E1","1","1","270151","0","0","0","0","0","1","377153","52032","3","307255","78658","11","233237","42031","7","262906","941576","16","946898","0","0","0","128645","2","216412","0","0","0","294","3","766","230330_49_E1","",
"4656","4656","5061","88557","79490","1233526","1203593","43","43","39","42","0","1","0","0","0","1","F34D373E8C19187DEBB2975BD0725942","4656","4658","2025","2037","https://www.piac.com.pk/experience/baggage/advance-purchase-excess-baggage","4","0","FE515E1374F9BAB1B0C65455709C04FE","https://www.piac.com.pk/experience/baggage/advance-purchase-excess-baggage","2065.0999999978","2065","2065","2065","2024","7","8","540","12","92","100","100","-1","100","-1","-1","84","-1","0","224474","0","-1","-1","928808","157377","Cloudflare","45","5","1","170","99","26","101","33","68","156","0","0","0","0","0","0","1","0","0","0","27","0","0","0","0","0","0","0","0","0","0","0","0","9","33","0","0","805","1","3","","","","","","","","","","","","","","","","","","","","","","","","","","","","","","","","","","","","","","","","","","","","","","","","","","","","","","","","","","","","","","","","","","","","","","0","","0","3478","mukeet-ThinkPad-T490-192.168.0.112","1680192005.841","","","92.0.4515.131","92.0.4515.131","1680192023.6939","https://www.piac.com.pk/experience/baggage/advance-purchase-excess-baggage","www.piac.com.pk","https://www.piac.com.pk","501","4656","2065.0999999978","2065.0999999978","","","isaac.ns.cloudflare.com","android - chrome","Step_1","17736","https://www.piac.com.pk/experience/baggage/advance-purchase-excess-baggage","3675","2058","3675","3675","3675","3675","3675","2392","image","IMG","https://www.piac.com.pk/images/headers/pia_banner_experience.png","0","45","552","626","627","629","632","2065","2065","2065","2065","3580","2065","2024","2025","2037","4656","4656","4658","2065","3680","3680","0.23084480676873","0.13378265377463","","768","4967","4651","","","768","230330_X5_E2","1","1","272843","0","0","0","0","0","1","292418","51504","3","308652","77980","11","230940","42031","7","262906","933046","17","938368","0","0","0","128645","2","216412","0","0","0","320","3","794","230330_X5_E2","",
"5835","5835","6141","91493","84833","2166922","2137017","45","45","42","44","0","1","0","0","0","1","7DC728D84B2B6C1F5D09F7B092939BDF","5836","5840","1910","1923","https://www.piac.com.pk/experience/cabins/executive-economy","4","0","E45BBCA8C2FB4AC3B4C9AFF06DF9DC71","https://www.piac.com.pk/experience/cabins/executive-economy","1874.6999999993","1875","1875","1875","1910","7","8","387","9","92","100","100","-1","100","-1","-1","88","-1","0","224858","0","-1","-1","1861831","232162","Cloudflare","35","3","1","179","98","20","108","35","70","124","1","0","0","0","0","0","0","0","0","0","25","0","0","0","0","0","0","0","0","0","0","0","0","15","28","0","0","949","2","1","","","","","","","","","","","","","","","","","","","","","","","","","","","","","","","","","","","","","","","","","","","","","","","","","","","","","","","","","","","","","","","","","","","","","","0","","0","4447","mukeet-ThinkPad-T490-192.168.0.112","1680192043.5414","","","92.0.4515.131","92.0.4515.131","1680192061.4786","https://www.piac.com.pk/experience/cabins/executive-economy","www.piac.com.pk","https://www.piac.com.pk","407","5836","1874.6999999993","1874.6999999993","","","emerie.ns.cloudflare.com","android - chrome","Step_1","18364","https://www.piac.com.pk/experience/cabins/executive-economy","5922","1889","5922","5922","5922","5922","5922","3103","image","IMG","https://www.piac.com.pk/images/content/pia_inbanner_businessclasslounge.png","0","43","398","469","469","474","479","1874","1874","1874","1874","5742","1874","1910","1910","1922","5835","5835","5840","4111","5793","5793","0.53091922247392","0.34461966604824","","910","5944","5723","","","910","230330_MB_E3","1","1","376594","0","0","0","0","0","1","392257","50980","3","304048","78903","11","233329","42031","7","262906","1866069","19","1871391","0","0","0","128645","2","216412","0","0","0","294","3","766","230330_MB_E3","",
"3561","3561","5184","87204","78263","1184981","1155048","43","43","39","42","0","1","0","0","0","1","1A823B3DEC1F608BD499B9250FC85F9D","3562","3565","1874","1882","https://www.piac.com.pk/experience/seat-select/extra-legroom","4","0","FDE48333420A4A14EEF1CF59A0348957","https://www.piac.com.pk/experience/seat-select/extra-legroom","1840.8000000007","1841","1841","1841","1873","7","8","407","18","92","100","100","-1","100","-1","-1","71","-1","0","227624","0","-1","-1","877214","262361","Cloudflare","54","3","1","182","100","29","107","31","65","186","0","0","0","0","0","0","0","0","0","0","22","0","0","0","0","0","0","0","0","0","0","0","0","7","42","0","0","1108","1","2","","","","","","","","","","","","","","","","","","","","","","","","","","","","","","","","","","","","","","","","","","","","","","","","","","","","","","","","","","","","","","","","","","","","","","0","","0","3243","mukeet-ThinkPad-T490-192.168.0.112","1680192081.0285","","","92.0.4515.131","92.0.4515.131","1680192098.7359","https://www.piac.com.pk/experience/seat-select/extra-legroom","www.piac.com.pk","https://www.piac.com.pk","614","3561","1840.8000000007","1840.8000000007","","","emerie.ns.cloudflare.com","android - chrome","Step_1","19987","https://www.piac.com.pk/experience/seat-select/extra-legroom","3674","1859","3674","3674","3674","3674","3674","2422","image","IMG","https://www.piac.com.pk/images/content/seat-select.jpg","0","43","445","488","489","494","497","1840","1840","1840","1840","3499","1840","1873","1873","1882","3561","3561","3565","1841","3667","3667","0.18926520791825","0.097062152994104","","1040","5195","4917","","","1051","230330_TN_E4","1","1","248059","0","0","0","0","0","1","366216","52201","3","312737","80358","11","236032","42031","7","262906","881452","17","886774","0","0","0","128645","2","216412","0","0","0","294","3","766","230330_TN_E4","",
"5107","5107","5422","89329","82651","1579237","1549332","44","44","41","43","0","1","0","0","0","1","04116F41B4223C18678055EDFC168010","5107","5110","1758","1771","https://www.piac.com.pk/experience/seat-select/preferred-seat","4","0","3A98F620A839F7876FFBED71AE25A65F","https://www.piac.com.pk/experience/seat-select/preferred-seat","1775.5","1775","1775","1775","1758","7","8","338","8","92","100","100","-1","100","-1","-1","65","-1","0","225609","0","-1","-1","1273512","452824","Cloudflare","72","4","1","180","90","29","84","32","75","217","0","0","0","0","0","0","0","0","0","0","24","0","0","0","0","0","0","0","0","0","0","0","0","10","41","0","0","931","2","2","","","","","","","","","","","","","","","","","","","","","","","","","","","","","","","","","","","","","","","","","","","","","","","","","","","","","","","","","","","","","","","","","","","","","","0","","0","3625","mukeet-ThinkPad-T490-192.168.0.112","1680192120.8732","","","92.0.4515.131","92.0.4515.131","1680192137.6092","https://www.piac.com.pk/experience/seat-select/preferred-seat","www.piac.com.pk","https://www.piac.com.pk","684","5107","1775.5","1775.5","","","emerie.ns.cloudflare.com","android - chrome","Step_1","20228","https://www.piac.com.pk/experience/seat-select/preferred-seat","5207","1777","5207","5207","5207","5207","5207","2485","image","IMG","https://www.piac.com.pk/images/headers/pia_banner_experience.png","0","42","350","428","428","432","434","1775","1775","1775","1775","5068","1775","1758","1759","1771","5107","5107","5110","1775","5214","5214","0.21594147481415","0.11887932182005","","892","5254","5032","","","922","230330_PB_E5","1","1","310628","0","0","0","0","0","1","324875","52578","3","270811","77913","11","230868","42031","7","262906","1277750","18","1283072","0","0","0","128645","2","216412","0","0","0","320","3","794","230330_PB_E5","",
"35075","35075","35320","129645","121926","19268864","19238959","64","64","61","63","0","1","0","0","0","1","22514F9DAEABB056D2AC26D834DF41D5","35075","35082","2024","2032","https://www.piac.com.pk/experience/magazines","4","0","86B1F3D48996DF2022A60F40BDDAA1C4","https://www.piac.com.pk/experience/magazines","1963.8000000007","1964","1964","1964","2024","7","8","526","13","95","100","100","-1","100","-1","-1","100","-1","0","223872","0","-1","-1","18964788","142176","Cloudflare","62","11","1","104","88","8","118","21","44","136","1","0","0","0","1","0","0","0","0","0","1","0","0","0","0","0","0","0","0","0","0","0","0","64","146","0","0","803","3","10","","1","0","0","0","0","8","0","0","0","0","0","0","0","0","0","0","2","0","0","0","0","0","0","0","0","0","0","0","0","0","0","0","0","0","0","0","0","0","0","0","0","0","0","0","0","0","0","0","0","0","0","0","0","0","0","0","1","0","0","0","0","0","0","0","0","0","0","4","0","3","0","33670","mukeet-ThinkPad-T490-192.168.0.112","1680192158.9427","","","92.0.4515.131","92.0.4515.131","1680192176.4405","https://www.piac.com.pk/experience/magazines","www.piac.com.pk","https://www.piac.com.pk","490","35075","1963.8000000007","1963.8000000007","","","isaac.ns.cloudflare.com","android - chrome","Step_1","50412","https://www.piac.com.pk/experience/magazines","10016","1966","10016","10016","10016","10016","10016","4401","image","IMG","https://www.piac.com.pk/images/headers/pia_banner_experience.png","0","43","538","608","608","611","613","1963","1963","1963","1963","9877","1963","2024","2024","2032","35075","35075","35082","1964","10024","10024","0.18772327023465","0.097062152994104","7105","930","35128","7105","7105","7105","951","230330_KA_E6","1","1","553798","0","0","0","0","0","1","556860","50930","3","307113","77938","11","230923","42031","7","262906","18969026","38","18974348","0","0","0","128645","2","216412","0","0","0","294","3","766","230330_KA_E6","10",
"3769","3769","5323","85866","77042","1155679","1125746","43","43","39","42","0","1","0","0","0","1","6445841C03B4354C535AF903B50BEEDE","3768","3772","2152","2163","https://www.piac.com.pk/experience/seat-upgrade","4","0","03FB646B9BF6F44C39ECFD319507E759","https://www.piac.com.pk/experience/seat-upgrade","2170.9000000022","2171","2171","2171","2151","7","8","800","13","92","100","100","-1","100","-1","-1","69","-1","60","225771","0","-1","-1","849702","268435","Cloudflare","48","3","1","171","94","24","104","41","69","147","1","0","0","0","0","0","0","0","0","0","22","0","0","0","0","0","0","0","0","0","0","0","0","7","41","0","0","951","1","1","","","","","","","","","","","","","","","","","","","","","","","","","","","","","","","","","","","","","","","","","","","","","","","","","","","","","","","","","","","","","","","","","","","","","","0","","0","3596","mukeet-ThinkPad-T490-192.168.0.112","1680192228.9315","","","92.0.4515.131","92.0.4515.131","1680192246.9986","https://www.piac.com.pk/experience/seat-upgrade","www.piac.com.pk","https://www.piac.com.pk","497","3768","2170.9000000022","2170.9000000022","","","emerie.ns.cloudflare.com","android - chrome","Step_1","20131","https://www.piac.com.pk/experience/seat-upgrade","3681","2189","3681","3681","3681","3681","3681","2510","text","P","","0","50","828","877","877","880","883","2170","2170","2170","2170","3545","2170","2151","2152","2163","3768","3769","3772","2171","2171","3658","0.21594147481415","0.21594147481415","","919","5335","5099","","","919","230330_0H_E7","1","1","255511","0","0","0","0","0","1","379166","51403","3","308894","79340","11","234164","42031","7","262906","853940","17","859262","0","0","0","128645","2","216412","0","0","0","320","3","794","230330_0H_E7","",
"3097","3097","4979","81550","72771","976071","946138","41","41","37","40","0","1","0","0","0","1","3BD5978E01A21BFBD248AB392BD39B66","3098","3104","1620","1631","https://www.piac.com.pk/awards/awards-plus","4","0","E057E5F61FE7F7323B0317B0E89D5326","https://www.piac.com.pk/awards/awards-plus","1600.9000000022","1601","1601","1601","1620","7","8","299","10","92","100","100","-1","100","-1","-1","79","-1","0","224557","0","-1","-1","671283","142176","Cloudflare","30","3","1","163","102","19","107","35","60","112","1","0","0","0","0","1","0","0","0","0","23","0","0","0","0","0","0","0","0","0","0","0","0","13","22","0","0","1107","1","2","","","","","","","","","","","","","","","","","","","","","","","","","","","","","","","","","","","","","","","","","","","","","","","","","","","","","","","","","","","","","","","","","","","","","","0","","0","3177","mukeet-ThinkPad-T490-192.168.0.112","1680192268.2055","","","92.0.4515.131","92.0.4515.131","1680192285.6249","https://www.piac.com.pk/awards/awards-plus","www.piac.com.pk","https://www.piac.com.pk","371","3098","1600.9000000022","1600.9000000022","","","isaac.ns.cloudflare.com","android - chrome","Step_1","18618","https://www.piac.com.pk/awards/awards-plus","3223","1618","3205","3205","3205","3223","3223","2400","image","IMG","https://www.piac.com.pk/images/headers/pia_banner_experience.png","0","46","335","379","379","383","385","1600","1600","1600","1600","2945","1600","1619","1620","1631","3097","3097","3104","1601","3076","3076","0.18475199826455","0.18475199826455","","1073","4990","4770","","","1073","230330_G2_E8","1","1","208562","0","0","0","0","0","1","338147","50366","3","301612","79214","11","233336","42031","7","262906","675521","15","680843","0","0","0","128645","2","216412","0","0","0","294","3","766","230330_G2_E8","",
"3166","3166","4789","81058","72306","976347","946414","41","41","37","40","0","1","0","0","0","1","1F1DACC0AD09375A462A21E24AA2A8B6","3166","3173","1683","1697","https://www.piac.com.pk/awards/about-us","4","0","0062747DB73EFF463E2B035049399370","https://www.piac.com.pk/awards/about-us","1670.5","1671","1671","1671","1683","7","8","377","9","92","100","100","-1","100","-1","-1","79","-1","0","224829","0","-1","-1","671283","142176","Cloudflare","33","3","1","169","90","20","95","32","58","136","0","0","0","0","0","0","0","0","0","0","20","0","0","0","0","0","0","0","0","0","0","0","0","7","27","0","0","971","1","2","","","","","","","","","","","","","","","","","","","","","","","","","","","","","","","","","","","","","","","","","","","","","","","","","","","","","","","","","","","","","","","","","","","","","","0","","0","3124","mukeet-ThinkPad-T490-192.168.0.112","1680192306.3422","","","92.0.4515.131","92.0.4515.131","1680192322.3078","https://www.piac.com.pk/awards/about-us","www.piac.com.pk","https://www.piac.com.pk","419","3166","1670.5","1670.5","","","isaac.ns.cloudflare.com","android - chrome","Step_1","18476","https://www.piac.com.pk/awards/about-us","3285","1676","3285","3285","3285","3285","3285","2443","image","IMG","https://www.piac.com.pk/images/headers/pia_banner_experience.png","0","40","414","446","446","449","451","1670","1670","1670","1670","3001","1670","1683","1684","1697","3166","3166","3173","1671","3162","3162","0.18772327023465","0.097062152994104","","928","4800","4564","","","928","230330_DF_E9","1","1","221293","0","0","0","0","0","1","339338","51641","3","305362","78215","11","232007","42031","7","262906","675521","15","680843","0","0","0","128645","2","216412","0","0","0","294","3","766","230330_DF_E9","",
"3245","3245","4849","81244","72474","978648","948715","41","41","37","40","0","1","0","0","0","1","2EBA5B14CE8EA7B3B81EBE932B8D2C41","3245","3257","1766","1776","https://www.piac.com.pk/awards/a-benefits","4","0","D1CE41EF6DCC8CEA01C6DD0C2487B78F","https://www.piac.com.pk/awards/a-benefits","1742.299999997","1742","1742","1742","1765","7","8","338","17","92","100","100","-1","100","-1","-1","79","-1","0","227122","0","-1","-1","671283","142176","Cloudflare","35","3","1","181","102","20","93","35","68","129","1","0","0","0","0","0","0","0","0","0","21","0","0","0","0","0","0","0","0","0","0","0","0","8","33","0","0","884","1","2","","","","","","","","","","","","","","","","","","","","","","","","","","","","","","","","","","","","","","","","","","","","","","","","","","","","","","","","","","","","","","","","","","","","","","0","","0","3231","mukeet-ThinkPad-T490-192.168.0.112","1680192341.8416","","","92.0.4515.131","92.0.4515.131","1680192361.4297","https://www.piac.com.pk/awards/a-benefits","www.piac.com.pk","https://www.piac.com.pk","399","3245","1742.299999997","1742.299999997","","","isaac.ns.cloudflare.com","android - chrome","Step_1","19218","https://www.piac.com.pk/awards/a-benefits","3406","1753","3406","3406","3406","3406","3406","2526","image","IMG","https://www.piac.com.pk/images/headers/pia_banner_experience.png","0","41","385","425","425","428","430","1742","1742","1742","1742","3056","1742","1765","1765","1775","3245","3245","3257","1742","3232","3232","0.18475199826455","0.097062152994104","","840","4867","4605","","","840","230330_Z9_EA","1","1","216947","0","0","0","0","0","1","326355","50747","3","303592","81410","11","238774","42031","7","262906","675521","15","680843","0","0","0","128645","2","216412","0","0","0","294","3","766","230330_Z9_EA","",
"3223","3223","4656","81337","72558","976880","946947","41","41","37","40","0","1","0","0","0","1","3B4FD5253D88F4B8C73E996BAEC2AEFF","3223","3231","1743","1755","https://www.piac.com.pk/awards/a-experince","4","0","63A507492B8D625FA3E847D0D2D79A0C","https://www.piac.com.pk/awards/a-experince","1716.5","1717","1717","1717","1743","7","8","377","13","92","100","100","-1","100","-1","-1","79","-1","0","225408","0","-1","-1","671283","142176","Cloudflare","34","3","1","179","104","20","93","33","64","128","0","0","0","0","0","0","0","0","0","0","23","0","0","0","0","0","0","0","0","0","0","0","0","7","36","0","0","874","1","1","","","","","","","","","","","","","","","","","","","","","","","","","","","","","","","","","","","","","","","","","","","","","","","","","","","","","","","","","","","","","","","","","","","","","","0","","0","3053","mukeet-ThinkPad-T490-192.168.0.112","1680192382.7825","","","92.0.4515.131","92.0.4515.131","1680192401.9169","https://www.piac.com.pk/awards/a-experince","www.piac.com.pk","https://www.piac.com.pk","377","3223","1716.5","1716.5","","","emerie.ns.cloudflare.com","android - chrome","Step_1","19026","https://www.piac.com.pk/awards/a-experince","3333","1721","3313","3313","3313","3333","3333","2468","image","IMG","https://www.piac.com.pk/images/headers/pia_banner_experience.png","0","43","389","463","463","466","468","1716","1716","1716","1716","2997","1716","1742","1743","1755","3223","3223","3231","1717","3148","3148","0.18772327023465","0.097062152994104","","829","4671","4439","","","829","230330_J7_EB","1","1","228296","0","0","0","0","0","1","332729","50895","3","303030","79494","11","234316","42031","7","262906","675521","15","680843","0","0","0","128645","2","216412","0","0","0","294","3","766","230330_J7_EB","",
"3196","3196","4626","67251","58445","849030","819097","34","34","30","33","0","1","0","0","0","1","458F0C5833D3BCF29122835CA3B2CB3E","3196","3207","1699","1706","https://www.piac.com.pk/awards/awards-rewards","4","0","C505AB2FAACB028C6F576603932B0745","https://www.piac.com.pk/awards/awards-rewards","1755.6999999993","1756","1756","1756","1699","7","8","334","9","90","100","100","-1","100","-1","-1","80","-1","0","224427","0","-1","-1","544343","112316","Cloudflare","74","2","0","131","96","38","90","34","86","302","0","0","0","0","0","0","0","0","0","0","27","0","0","0","0","0","0","0","0","0","0","0","0","7","25","0","0","989","1","1","","","","","","","","","","","","","","","","","","","","","","","","","","","","","","","","","","","","","","","","","","","","","","","","","","","","","","","","","","","","","","","","","","","","","","0","","0","2721","mukeet-ThinkPad-T490-192.168.0.112","1680192422.0349","","","92.0.4515.131","92.0.4515.131","1680192438.5577","https://www.piac.com.pk/awards/awards-rewards","www.piac.com.pk","https://www.piac.com.pk","1232","3195","1755.6999999993","1755.6999999993","","","isaac.ns.cloudflare.com","android - chrome","Step_1","24121","https://www.piac.com.pk/awards/awards-rewards","2931","1764","2931","2931","2931","2931","2931","2131","text","P","","0","64","345","417","417","421","423","1755","1755","1755","1755","2817","1755","1699","1699","1706","3196","3196","3207","1756","1756","2923","0.18475199826455","0.18475199826455","","966","4641","4405","","","1050","230330_Q0_EC","1","1","197816","0","0","0","0","0","1","286197","54592","3","334695","79125","11","233438","42031","7","262906","544343","8","544343","0","0","0","128645","2","216412","0","0","0","294","3","766","230330_Q0_EC","",
"3150","3150","4762","83687","74872","979010","949077","42","42","38","41","0","1","0","0","0","1","3841829716B00F5C17DB33419DD6F44C","3150","3159","1685","1696","https://www.piac.com.pk/awards/awards-contacts","4","0","33E77FA2C7222DEBBDFDA6B37B7E13F6","https://www.piac.com.pk/awards/awards-contacts","1668.5","1669","1669","1669","1684","7","8","314","14","91","100","100","-1","100","-1","-1","79","-1","0","227573","0","-1","-1","671283","142176","Cloudflare","44","3","1","188","101","22","96","33","62","200","0","0","0","0","0","0","3","0","0","1","27","0","0","0","0","0","0","0","0","0","0","0","0","10","28","0","0","925","1","2","","","","","","","","","","","","","","","","","","","","","","","","","","","","","","","","","","","","","","","","","","","","","","","","","","","","","","","","","","","","","","","","","","","","","","0","","0","3014","mukeet-ThinkPad-T490-192.168.0.112","1680192464.859","","","92.0.4515.131","92.0.4515.131","1680192482.9472","https://www.piac.com.pk/awards/awards-contacts","www.piac.com.pk","https://www.piac.com.pk","460","3150","1668.5","1668.5","","","isaac.ns.cloudflare.com","android - chrome","Step_1","19319","https://www.piac.com.pk/awards/awards-contacts","3306","1685","3306","3306","3306","3306","3306","2426","image","IMG","https://www.piac.com.pk/images/headers/pia_banner_experience.png","0","43","320","379","379","383","385","1668","1668","1668","1668","2913","1668","1685","1685","1696","3150","3150","3160","1669","3037","3037","0.18475199826455","0.18475199826455","","883","4776","4541","","","903","230330_YA_ED","1","1","220101","0","0","0","0","0","1","334653","53774","3","315692","78745","12","232976","42031","7","262906","675521","15","680843","0","0","0","128645","2","216412","0","0","0","294","3","766","230330_YA_ED","",
"3271","3271","4841","67683","58823","856606","826673","34","34","30","33","0","1","0","0","0","1","FB40E2D1176C2CF470A09B2958AB9770","3271","3283","2059","2067","https://www.piac.com.pk/awards/terms-and-conditions","4","0","20A81DC0C37A940881731F38648BFDE5","https://www.piac.com.pk/awards/terms-and-conditions","2038.8999999985","2039","2039","2039","2058","7","8","588","13","90","100","100","-1","100","-1","-1","80","-1","0","232009","0","-1","-1","544343","112316","Cloudflare","53","2","1","182","96","20","92","32","56","366","0","0","0","0","0","0","0","0","0","0","20","0","0","0","0","0","0","0","0","0","0","0","0","17","19","0","0","861","4","2","","","","","","","","","","","","","","","","","","","","","","","","","","","","","","","","","","","","","","","","","","","","","","","","","","","","","","","","","","","","","","","","","","","","","","0","","0","3017","mukeet-ThinkPad-T490-192.168.0.112","1680192503.3644","","","92.0.4515.131","92.0.4515.131","1680192519.9329","https://www.piac.com.pk/awards/terms-and-conditions","www.piac.com.pk","https://www.piac.com.pk","609","3271","2038.8999999985","2038.8999999985","","","emerie.ns.cloudflare.com","android - chrome","Step_1","21257","https://www.piac.com.pk/awards/terms-and-conditions","3656","2050","3639","3639","3639","3656","3656","2737","image","IMG","https://www.piac.com.pk/images/headers/pia_banner_experience.png","0","53","623","663","663","667","670","2038","2038","2038","2038","3057","2038","2058","2059","2067","3271","3271","3283","2039","3146","3146","0.18772327023465","0.18772327023465","","825","4848","4631","","","921","230330_PY_EE","1","1","201412","0","0","0","0","0","1","308115","61977","3","340056","79316","11","234199","42031","7","262906","544343","8","544343","0","0","0","128645","2","216412","0","0","0","294","3","766","230330_PY_EE","",
"3891","3891","5244","83804","74989","1294210","1264277","42","42","38","41","0","1","0","0","0","1","7AB9C1118D0613AEC9822B1C8DAF9BD4","3891","3894","1892","1900","https://www.piac.com.pk/deals/online-discounts","4","0","F4E0F1A41F04A196210F90158DD54BC4","https://www.piac.com.pk/deals/online-discounts","1879.8000000007","1880","1880","1880","1892","7","8","471","11","92","100","100","-1","100","-1","-1","85","-1","0","225255","0","-1","-1","988934","157425","Cloudflare","39","6","1","172","98","22","109","35","56","107","0","0","0","0","0","0","0","0","0","0","20","0","0","0","0","0","0","0","0","0","0","0","0","7","42","0","0","1055","1","1","","","","","","","","","","","","","","","","","","","","","","","","","","","","","","","","","","","","","","","","","","","","","","","","","","","","","","","","","","","","","","","","","","","","","","0","","0","3471","mukeet-ThinkPad-T490-192.168.0.112","1680192543.3226","","","92.0.4515.131","92.0.4515.131","1680192561.9221","https://www.piac.com.pk/deals/online-discounts","www.piac.com.pk","https://www.piac.com.pk","359","3890","1879.8000000007","1879.8000000007","","","emerie.ns.cloudflare.com","android - chrome","Step_1","19950","https://www.piac.com.pk/deals/online-discounts","3952","1878","3952","3952","3952","3952","3952","2771","image","IMG","https://www.piac.com.pk/images/content/pia_inbanner_onlinediscount.png","0","45","482","574","574","579","581","1879","1879","1879","1879","3833","1879","1892","1893","1901","3891","3891","3895","1880","3930","3930","0.22115928062322","0.13346943535278","","984","5262","5017","","","984","230330_Q8_EF","1","1","271152","0","0","0","0","0","1","369671","49772","3","300319","80296","11","235991","42031","7","262906","993172","16","998494","0","0","0","128645","2","216412","0","0","0","294","3","766","230330_Q8_EF","",
"3468","3468","5088","91521","82742","1212035","1182102","46","46","42","45","0","1","0","0","0","1","25D687F23D292D8B1E6A3C496558C397","3468","3474","1586","1595","https://www.piac.com.pk/deals/global-deals","4","0","536D61C9A7929C8C916E970232FF01E0","https://www.piac.com.pk/deals/global-deals","1583","1583","1583","1583","1586","7","8","318","18","93","100","100","-1","100","-1","-1","77","-1","47","223516","0","-1","-1","908320","213259","Cloudflare","42","4","0","130","97","18","109","34","54","137","0","0","0","0","0","0","1","0","0","0","24","0","0","0","0","0","0","0","0","0","0","0","0","13","33","0","0","1023","1","1","","","","","","","","","","","","","","","","","","","","","","","","","","","","","","","","","","","","","","","","","","","","","","","","","","","","","","","","","","","","","","","","","","","","","","0","","0","3363","mukeet-ThinkPad-T490-192.168.0.112","1680192582.9527","","","92.0.4515.131","92.0.4515.131","1680192599.7892","https://www.piac.com.pk/deals/global-deals","www.piac.com.pk","https://www.piac.com.pk","396","3468","1583","1583","","","emerie.ns.cloudflare.com","android - chrome","Step_1","19100","https://www.piac.com.pk/deals/global-deals","3432","1590","3432","3432","3432","3432","3432","2443","image","IMG","https://www.piac.com.pk/images/headers/pia_banner_deals.png","0","56","325","393","393","397","399","1583","1583","1583","1583","3312","1583","1586","1586","1595","3468","3468","3474","1583","3420","3420","0.18475199826455","0.097062152994104","","987","5103","4864","","","987","230330_VR_EG","1","1","254095","0","0","0","0","0","1","375270","50331","3","303156","78176","11","231977","42031","7","262906","912558","20","917880","0","0","0","128645","2","216412","0","0","0","294","3","766","230330_VR_EG","",
"3592","3592","4990","83453","74674","1258795","1228862","42","42","38","41","0","1","0","0","0","1","CB474971612E62BCB7F8289F6DF989F0","3592","3596","1661","1667","https://www.piac.com.pk/booking-conditions","4","0","8078C6198AE2BB03661FE56443F2326A","https://www.piac.com.pk/booking-conditions","1811.3000000007","1811","1811","1811","1661","7","8","383","12","92","100","100","-1","100","-1","-1","84","-1","0","225971","0","-1","-1","952815","160551","Cloudflare","49","3","0","87","89","17","84","35","56","171","0","0","0","0","0","0","0","0","0","0","28","0","0","0","0","0","0","0","0","0","0","0","0","10","30","0","0","907","1","1","","","","","","","","","","","","","","","","","","","","","","","","","","","","","","","","","","","","","","","","","","","","","","","","","","","","","","","","","","","","","","","","","","","","","","0","","0","3421","mukeet-ThinkPad-T490-192.168.0.112","1680192621.0471","","","92.0.4515.131","92.0.4515.131","1680192637.7588","https://www.piac.com.pk/booking-conditions","www.piac.com.pk","https://www.piac.com.pk","442","3592","1811.3000000007","1811.3000000007","","","emerie.ns.cloudflare.com","android - chrome","Step_1","19940","https://www.piac.com.pk/booking-conditions","3637","1798","3637","3637","3637","3637","3637","2606","image","IMG","https://www.piac.com.pk/images/headers/pia_banner_experience.png","0","40","392","460","460","464","466","1811","1811","1811","1811","3553","1811","1661","1661","1667","3592","3592","3596","1811","3656","3656","0.18772327023465","0.097062152994104","","893","4955","4593","","","919","230330_XK_EH","1","1","273235","0","0","0","0","0","1","382942","51691","3","304990","79081","11","233396","42031","7","262906","957053","16","962375","0","0","0","128645","2","216412","0","0","0","294","3","766","230330_XK_EH","",
"4603","4603","6422","81523","72726","977222","947289","41","41","37","40","0","1","0","0","0","1","6F5A027850BEC48E388125BF3004008A","4603","4610","1947","1957","https://www.piac.com.pk/air-passenger-rights","4","0","AD4FB6993BDAAB785DC9A8369E7150A0","https://www.piac.com.pk/air-passenger-rights","1925.5999999978","1926","1926","1926","1946","7","8","406","15","92","100","100","-1","100","-1","-1","79","-1","0","225719","0","-1","-1","671283","142176","Cloudflare","43","4","1","188","105","19","116","33","60","188","0","0","0","0","0","0","0","0","0","0","27","0","0","0","0","0","0","0","0","0","0","0","0","13","25","0","0","953","2","1","","","","","","","","","","","","","","","","","","","","","","","","","","","","","","","","","","","","","","","","","","","","","","","","","","","","","","","","","","","","","","","","","","","","","","0","","0","4641","mukeet-ThinkPad-T490-192.168.0.112","1680192658.8011","","","92.0.4515.131","92.0.4515.131","1680192676.1782","https://www.piac.com.pk/air-passenger-rights","www.piac.com.pk","https://www.piac.com.pk","357","4603","1925.5999999978","1925.5999999978","","","isaac.ns.cloudflare.com","android - chrome","Step_1","27307","https://www.piac.com.pk/air-passenger-rights","4704","1939","4704","4704","4704","4704","4704","2970","image","IMG","https://www.piac.com.pk/images/headers/pia_banner_experience.png","0","42","442","487","487","492","499","1925","1925","1925","1925","4374","1925","1946","1947","1957","4602","4603","4610","1926","4702","4702","0.18475199826455","0.097062152994104","","916","6431","6104","","","932","230330_DZ_EJ","1","1","162437","0","0","0","0","0","1","225706","51264","3","306368","79467","11","233782","42031","7","262906","675521","15","680843","0","0","0","128645","2","216412","0","0","0","294","3","766","230330_DZ_EJ","",
"6147","6147","8186","83804","74989","1011005","981072","42","42","38","41","0","1","0","0","0","1","0AAB7619746079B43F1FC2DF32DE1F4F","6147","6158","2848","2861","https://www.piac.com.pk/conditions-of-carriage","4","0","ED71D864498FD576C50C0F809892BE79","https://www.piac.com.pk/conditions-of-carriage","2852.6000000015","2853","2853","2853","2847","7","9","889","31","92","100","100","-1","100","-1","-1","79","-1","0","259675","0","-1","-1","671283","142176","Cloudflare","61","4","1","163","105","33","97","38","76","259","1","0","0","0","0","0","1","0","0","0","28","0","0","0","0","0","0","0","0","0","0","0","0","9","33","0","0","1128","2","2","","0","0","1","0","0","4","1","0","11","1","0","0","0","1","0","0","8","0","1","0","0","0","0","1","0","0","0","0","0","0","0","0","0","0","0","0","0","0","0","0","0","0","0","0","0","0","0","0","0","0","0","0","3","0","2","0","1","0","0","0","0","0","0","0","1","3","2","0","0","9","0","6094","mukeet-ThinkPad-T490-192.168.0.112","1680192705.8707","","","92.0.4515.131","92.0.4515.131","1680192728.4604","https://www.piac.com.pk/conditions-of-carriage","www.piac.com.pk","https://www.piac.com.pk","1413","6143","2852.6000000015","2852.6000000015","","","emerie.ns.cloudflare.com","android - chrome","Step_1","26241","https://www.piac.com.pk/conditions-of-carriage","6217","2843","6217","6217","6217","6217","6217","4044","image","IMG","https://www.piac.com.pk/images/headers/pia_banner_experience.png","0","52","924","978","978","983","986","2852","2852","2852","2852","5601","2852","2848","2848","2861","6144","6147","6159","2853","6222","6222","0.18475199826455","0.097062152994104","","966","8196","7959","","","1122","230330_HT_EK","1","1","138550","0","0","0","0","0","1","186586","82760","3","359252","81754","12","243534","42031","7","262906","675521","15","680843","0","0","0","128645","2","216412","0","0","0","294","3","766","230330_HT_EK","0",
"4733","4733","5054","69451","60636","1180938","1151005","35","35","31","34","0","1","0","0","0","1","32EF19C69E8AD1571B4677DE6D70A449","4733","4735","1984","1991","https://www.piac.com.pk/traveler-s-information","4","0","2B69B1DEBA7826931B9167B7D302E39B","https://www.piac.com.pk/traveler-s-information","2147.8999999985","2148","2148","2148","1984","7","8","450","17","90","100","100","-1","100","-1","-1","86","-1","0","224405","0","-1","-1","876460","130496","Cloudflare","40","2","0","94","95","20","84","42","56","236","0","0","0","0","0","0","0","0","0","0","23","0","0","0","0","0","0","0","0","0","0","0","0","6","19","0","0","837","1","2","","","","","","","","","","","","","","","","","","","","","","","","","","","","","","","","","","","","","","","","","","","","","","","","","","","","","","","","","","","","","","","","","","","","","","0","","0","3495","mukeet-ThinkPad-T490-192.168.0.112","1680192755.8385","","","92.0.4515.131","92.0.4515.131","1680192772.1219","https://www.piac.com.pk/traveler-s-information","www.piac.com.pk","https://www.piac.com.pk","488","4733","2147.8999999985","2147.8999999985","","","isaac.ns.cloudflare.com","android - chrome","Step_1","19774","https://www.piac.com.pk/traveler-s-information","4811","2146","4811","4811","4811","4811","4811","3138","image","IMG","https://www.piac.com.pk/images/headers/pia_banner_experience.png","0","49","487","540","540","544","546","2147","2147","2147","2147","3816","2147","1984","1984","1991","4733","4733","4735","2148","4808","4808","0.18475199826455","0.097062152994104","","808","5009","4725","","","854","230330_EW_EM","1","1","256502","0","0","0","0","0","1","268738","54296","3","238899","79212","11","234511","42031","7","262906","876460","9","876460","0","0","0","128645","2","216412","0","0","0","294","3","766","230330_EW_EM","",
"3950","3950","5194","83543","74755","1343027","1313094","42","42","38","41","0","1","0","0","0","1","8D92AA727FC42BC2D3645261E4F2B10B","3950","3954","1974","1983","https://www.piac.com.pk/overseas-pakistanis","4","0","D7E6D1C9D660020ECE10521A818DF165","https://www.piac.com.pk/overseas-pakistanis","1948","1948","1948","1948","1973","7","8","428","10","92","100","100","-1","100","-1","-1","85","-1","0","224926","0","-1","-1","1037961","157762","Cloudflare","37","4","1","178","98","21","105","32","66","123","0","0","0","0","0","0","0","0","0","0","22","0","0","0","0","0","0","0","0","0","0","0","0","24","29","0","0","853","1","2","","","","","","","","","","","","","","","","","","","","","","","","","","","","","","","","","","","","","","","","","","","","","","","","","","","","","","","","","","","","","","","","","","","","","","0","","0","3598","mukeet-ThinkPad-T490-192.168.0.112","1680192794.0331","","","92.0.4515.131","92.0.4515.131","1680192812.9484","https://www.piac.com.pk/overseas-pakistanis","www.piac.com.pk","https://www.piac.com.pk","375","3950","1948","1948","","","isaac.ns.cloudflare.com","android - chrome","Step_1","19848","https://www.piac.com.pk/overseas-pakistanis","3966","1963","3966","3966","3966","3966","3966","2840","image","IMG","https://www.piac.com.pk/images/headers/pia_banner_experience.png","0","40","459","534","534","545","554","1947","1947","1947","1947","3844","1947","1973","1973","1982","3950","3950","3954","1948","3943","3943","0.18475199826455","0.097062152994104","","823","5203","4980","","","823","230330_9D_EN","1","1","281793","0","0","0","0","0","1","372826","50686","3","302414","79172","11","234469","42031","7","262906","1042199","16","1047521","0","0","0","128645","2","216412","0","0","0","294","3","766","230330_9D_EN","",
"3320","3320","4890","81802","72978","976753","946820","41","41","37","40","0","1","0","0","0","1","172A3421B68837E269C0F7C1121785C9","3320","3330","1807","1823","https://www.piac.com.pk/special-assistance-form","4","0","1C4DEB83E9A76958878F3C1750046AAB","https://www.piac.com.pk/special-assistance-form","1798","1798","1798","1798","1806","7","8","333","17","92","100","100","-1","100","-1","-1","79","-1","0","225120","0","-1","-1","671283","142176","Cloudflare","47","7","1","186","107","32","116","42","71","132","0","0","0","0","0","0","0","0","0","0","22","0","0","0","0","0","0","0","0","0","0","0","0","8","38","0","0","1057","1","2","","","","","","","","","","","","","","","","","","","","","","","","","","","","","","","","","","","","","","","","","","","","","","","","","","","","","","","","","","","","","","","","","","","","","","0","","0","3022","mukeet-ThinkPad-T490-192.168.0.112","1680192833.8839","","","92.0.4515.131","92.0.4515.131","1680192850.5014","https://www.piac.com.pk/special-assistance-form","www.piac.com.pk","https://www.piac.com.pk","472","3320","1798","1798","","","isaac.ns.cloudflare.com","android - chrome","Step_1","20048","https://www.piac.com.pk/special-assistance-form","3469","1775","3430","3430","3430","3469","3469","2553","image","IMG","https://www.piac.com.pk/images/headers/pia_banner_experience.png","0","72","345","408","408","412","414","1798","1798","1798","1798","3137","1798","1806","1807","1823","3320","3320","3330","1798","3308","3308","0.18772327023465","0.097062152994104","","1023","4900","4668","","","1036","230330_55_EP","1","1","214341","0","0","0","0","0","1","316980","50969","3","308591","79176","11","233322","42031","7","262906","675521","15","680843","0","0","0","128645","2","216412","0","0","0","411","3","934","230330_55_EP","",
"3233","3233","4909","80872","72138","978715","948782","41","41","37","40","0","1","0","0","0","1","BF60B0D95AB917ED94B126E0C35E0807","3234","3242","1670","1680","https://www.piac.com.pk/customer-care","4","0","839663032FE47BEF1F82171EEB629AA0","https://www.piac.com.pk/customer-care","1645.5","1646","1646","1646","1670","7","8","317","16","92","100","100","-1","100","-1","-1","79","-1","0","227118","0","-1","-1","671283","142176","Cloudflare","58","3","1","175","94","24","100","32","102","127","0","0","0","0","0","0","0","0","0","0","28","0","0","0","0","0","0","0","0","0","0","0","0","13","36","0","0","946","1","1","","","","","","","","","","","","","","","","","","","","","","","","","","","","","","","","","","","","","","","","","","","","","","","","","","","","","","","","","","","","","","","","","","","","","","0","","0","3167","mukeet-ThinkPad-T490-192.168.0.112","1680192872.7051","","","92.0.4515.131","92.0.4515.131","1680192889.4272","https://www.piac.com.pk/customer-care","www.piac.com.pk","https://www.piac.com.pk","445","3233","1645.5","1645.5","","","isaac.ns.cloudflare.com","android - chrome","Step_1","19832","https://www.piac.com.pk/customer-care","3273","1645","3273","3273","3273","3273","3273","2420","image","IMG","https://www.piac.com.pk/images/headers/pia_banner_experience.png","0","48","365","388","388","391","394","1645","1645","1645","1645","3007","1645","1669","1670","1679","3233","3233","3242","1646","3149","3149","0.18475199826455","0.097062152994104","","916","4916","4689","","","921","230330_F2_EQ","1","1","213134","0","0","0","0","0","1","325371","51232","3","306097","80901","11","237456","42031","7","262906","675521","15","680843","0","0","0","128645","2","216412","0","0","0","385","3","886","230330_F2_EQ","",
"5276","5276","5642","83886","77505","1385501","1355596","43","43","40","42","0","1","0","0","0","1","E4154A22EE18F5C6FBEFBE5BC0D45D65","5276","5278","2259","2268","https://www.piac.com.pk/faqs","4","0","08A6A6DF0BE0CF335880F79AD7D90984","https://www.piac.com.pk/faqs","2216.5","2217","2217","2217","2259","7","9","909","16","92","100","100","-1","100","-1","-1","85","-1","0","240484","0","-1","-1","1065003","159977","Cloudflare","32","4","0","155","106","31","91","46","67","122","0","0","0","0","0","0","0","0","0","1","20","0","0","0","0","0","0","0","0","0","0","0","0","9","32","0","0","1072","1","2","","","","","","","","","","","","","","","","","","","","","","","","","","","","","","","","","","","","","","","","","","","","","","","","","","","","","","","","","","","","","","","","","","","","","","0","","0","3850","mukeet-ThinkPad-T490-192.168.0.112","1680192910.3754","","","92.0.4515.131","92.0.4515.131","1680192926.9736","https://www.piac.com.pk/faqs","www.piac.com.pk","https://www.piac.com.pk","975","5276","2216.5","2216.5","","","isaac.ns.cloudflare.com","android - chrome","Step_1","21457","https://www.piac.com.pk/faqs","4315","2218","4315","4315","4315","4315","4315","3135","image","IMG","https://www.piac.com.pk/images/headers/pia_banner_experience.png","0","60","956","1002","1002","1006","1008","2216","2216","2216","2216","4218","2216","2259","2260","2268","5276","5276","5279","2217","4303","4303","0.18772327023465","0.097062152994104","","903","5578","5264","","","970","230330_SD_ER","1","1","292732","0","0","0","0","0","1","310418","62048","3","389592","83242","12","246645","42031","7","262906","1069241","16","1074563","0","0","0","128645","2","216412","0","0","0","294","3","766","230330_SD_ER","",
"3180","3180","4758","82532","73843","977236","947303","42","42","38","41","0","1","0","0","0","1","2727F89EB76D62450A9C21167A16C165","3180","3190","1668","1682","https://www.piac.com.pk/site-map","4","0","88B103754409E9D158F13AD58E1E941B","https://www.piac.com.pk/site-map","1652.6000000015","1653","1653","1653","1668","8","8","345","19","92","100","100","-1","100","-1","-1","79","-1","0","225860","0","-1","-1","671283","142176","Cloudflare","33","5","1","180","100","23","97","33","67","151","0","0","0","0","0","0","0","0","0","0","23","0","0","0","0","0","0","0","0","0","0","0","0","6","38","0","0","902","1","0","","","","","","","","","","","","","","","","","","","","","","","","","","","","","","","","","","","","","","","","","","","","","","","","","","","","","","","","","","","","","","","","","","","","","","0","","0","3096","mukeet-ThinkPad-T490-192.168.0.112","1680192950.5802","","","92.0.4515.131","92.0.4515.131","1680192968.6178","https://www.piac.com.pk/site-map","www.piac.com.pk","https://www.piac.com.pk","454","3179","1652.6000000015","1652.6000000015","","","emerie.ns.cloudflare.com","android - chrome","Step_1","19266","https://www.piac.com.pk/site-map","3282","1639","3241","3241","3241","3282","3282","2413","image","IMG","https://www.piac.com.pk/images/headers/pia_banner_experience.png","0","43","357","428","428","431","433","1652","1652","1652","1652","3026","1652","1668","1669","1683","3179","3180","3190","1653","3173","3173","0.18772327023465","0.097062152994104","","877","4776","4532","","","877","230330_6K_ES","1","1","221444","0","0","0","0","0","1","334145","50717","3","307960","79992","11","235931","42067","8","262942","675521","15","680843","0","0","0","128645","2","216412","0","0","0","294","3","766","230330_6K_ES","",
"3668","3668","5069","68830","60087","1102550","1072617","35","35","31","34","0","1","0","0","0","1","C00B6D64D63EE293BF7D374BFE5AB596","3668","3672","2027","2035","https://www.piac.com.pk/privacy-policy","4","0","D0A8BB445305E5A8274CD1B3C28A1A43","https://www.piac.com.pk/privacy-policy","2039.3999999985","2039","2039","2039","2027","7","8","600","11","90","100","100","-1","100","-1","-1","84","-1","0","227660","0","-1","-1","794681","129987","Cloudflare","47","2","0","155","107","19","92","43","56","230","0","0","0","0","0","0","1","0","0","0","33","0","0","0","0","0","0","0","0","0","0","0","0","9","24","0","0","976","1","1","","","","","","","","","","","","","","","","","","","","","","","","","","","","","","","","","","","","","","","","","","","","","","","","","","","","","","","","","","","","","","","","","","","","","","0","","0","3271","mukeet-ThinkPad-T490-192.168.0.112","1680192989.0199","","","92.0.4515.131","92.0.4515.131","1680193005.5299","https://www.piac.com.pk/privacy-policy","www.piac.com.pk","https://www.piac.com.pk","440","3668","2039.3999999985","2039.3999999985","","","isaac.ns.cloudflare.com","android - chrome","Step_1","20104","https://www.piac.com.pk/privacy-policy","3627","2038","3627","3627","3627","3627","3627","2723","image","IMG","https://www.piac.com.pk/images/headers/pia_banner_experience.png","0","41","633","679","679","682","685","2039","2039","2039","2039","3093","2039","2026","2026","2035","3668","3668","3672","2039","3206","3206","0.18772327023465","0.18772327023465","","959","5080","4835","","","989","230330_SR_ET","1","1","246710","0","0","0","0","0","1","349614","56041","3","271612","80858","11","237408","42031","7","262906","794681","9","794681","0","0","0","128645","2","216412","0","0","0","294","3","766","230330_SR_ET","",
"3424","3424","5211","86304","77426","1083063","1053130","43","43","39","42","0","1","0","0","0","1","B8806C746D7FCCDF3FFF130B10A4AF26","3424","3428","1804","1818","https://www.piac.com.pk/travel-update-and-information","4","0","A9BB0979AD24C6BB2578AEADE026A1B4","https://www.piac.com.pk/travel-update-and-information","1783.0999999978","1783","1783","1783","1803","7","9","344","8","92","100","100","-1","100","-1","-1","80","-1","46","230312","0","-1","-1","772679","160074","Cloudflare","33","3","1","183","106","19","102","38","52","132","1","0","0","0","0","0","0","0","0","0","24","0","0","0","0","0","0","0","0","0","0","0","0","4","21","0","0","1013","1","3","","","","","","","","","","","","","","","","","","","","","","","","","","","","","","","","","","","","","","","","","","","","","","","","","","","","","","","","","","","","","","","","","","","","","","0","","0","3473","mukeet-ThinkPad-T490-192.168.0.112","1680193027.7832","","","92.0.4515.131","92.0.4515.131","1680193044.4858","https://www.piac.com.pk/travel-update-and-information","www.piac.com.pk","https://www.piac.com.pk","458","3424","1783.0999999978","1783.0999999978","","","isaac.ns.cloudflare.com","android - chrome","Step_1","19763","https://www.piac.com.pk/travel-update-and-information","3466","1775","3466","3466","3466","3466","3466","2366","image","IMG","https://www.piac.com.pk/images/headers/pia_banner_experience.png","0","44","350","418","419","421","424","1783","1783","1783","1783","3345","1783","1803","1803","1818","3424","3424","3428","1783","3464","3464","0.18475199826455","0.18475199826455","","918","5226","4972","","","934","230330_3E_EV","1","1","222531","0","0","0","0","0","1","341925","52938","3","266054","82238","12","244831","42031","7","262906","776917","16","782239","0","0","0","128645","2","216412","0","0","0","294","3","766","230330_3E_EV","",
"3609","3609","4962","83021","74278","1245294","1215361","42","42","38","41","0","1","0","0","0","1","523E0619A3FBD573B87B62DCA9DDBAA3","3609","3613","1719","1729","https://www.piac.com.pk/prime-minister","4","0","24C335F2FC2EAE75230FDCC11D36B301","https://www.piac.com.pk/prime-minister","1692.6000000015","1693","2188","1693","1719","7","8","332","19","92","100","100","-1","100","-1","-1","67","-1","0","225423","0","-1","-1","939736","310920","Cloudflare","29","3","1","179","103","18","98","39","57","105","0","0","0","0","0","0","0","0","0","0","21","0","0","0","0","0","0","0","0","0","0","0","0","7","31","0","0","1042","1","1","","","","","","","","","","","","","","","","","","","","","","","","","","","","","","","","","","","","","","","","","","","","","","","","","","","","","","","","","","","","","","","","","","","","","","0","","0","3225","mukeet-ThinkPad-T490-192.168.0.112","1680193065.3645","","","92.0.4515.131","92.0.4515.131","1680193084.2412","https://www.piac.com.pk/prime-minister","www.piac.com.pk","https://www.piac.com.pk","340","3608","1692.6000000015","1692.6000000015","","","isaac.ns.cloudflare.com","android - chrome","Step_1","19254","https://www.piac.com.pk/prime-minister","3845","1680","3845","3845","3845","3845","3845","2765","text","P","","0","48","343","411","411","415","417","1692","1692","1692","2188","3550","1692","1719","1719","1729","3608","3609","3613","3590","3590","3861","0.54964131287758","0.45898019563703","","983","4970","4744","","","987","230330_09_EW","1","1","268961","0","0","0","0","0","1","370876","49982","3","299980","80368","11","236099","42031","7","262906","943974","16","949296","0","0","0","128645","2","216412","0","0","0","294","3","766","230330_09_EW","",
