"loadTime","docTime","fullyLoaded","bytesOut","bytesOutDoc","bytesIn","bytesInDoc","requests","requestsFull","requestsDoc","responses_200","responses_404","responses_other","result","testStartOffset","cached","optimization_checked","main_frame","loadEventStart","loadEventEnd","domContentLoadedEventStart","domContentLoadedEventEnd","URL","connections","final_base_page_request","final_base_page_request_id","final_url","firstPaint","firstContentfulPaint","firstMeaningfulPaint","firstImagePaint","domInteractive","renderBlockingCSS","renderBlockingJS","TTFB","basePageSSLTime","score_cache","score_cdn","score_gzip","score_cookies","score_keep-alive","score_minify","score_combine","score_compress","score_etags","score_progressive_jpeg","gzip_total","gzip_savings","minify_total","minify_savings","image_total","image_savings","base_page_cdn","cpu.UpdateLayerTree","cpu.EventDispatch","cpu.CommitLoad","cpu.EvaluateScript","cpu.v8.compile","cpu.ParseHTML","cpu.ResourceFetcher::requestResource","cpu.ParseAuthorStyleSheet","cpu.TimerFire","cpu.FunctionCall","cpu.MinorGC","cpu.V8.GC_HEAP_PROLOGUE","cpu.V8.GC_HEAP_EXTERNAL_PROLOGUE","cpu.V8.GC_SCAVENGER_COMPLETE_SWEEP_ARRAY_BUFFERS","cpu.V8.GC_SCAVENGER","cpu.V8.GC_TIME_TO_SAFEPOINT","cpu.V8.GC_HEAP_PROLOGUE_SAFEPOINT","cpu.V8.GC_SCAVENGER_SCAVENGE","cpu.V8.GC_SCAVENGER_SCAVENGE_WEAK_GLOBAL_HANDLES_IDENTIFY","cpu.V8.GC_SCAVENGER_SCAVENGE_ROOTS","cpu.V8.GC_SCAVENGER_SCAVENGE_PARALLEL","cpu.V8.GC_SCAVENGER_SCAVENGE_WEAK_GLOBAL_HANDLES_PROCESS","cpu.V8.GC_SCAVENGER_SCAVENGE_FINALIZE","cpu.V8.GC_SCAVENGER_SCAVENGE_UPDATE_REFS","cpu.V8.GC_SCAVENGER_FREE_REMEMBERED_SET","cpu.V8.GC_SCAVENGER_SWEEP_ARRAY_BUFFERS","cpu.V8.GC_HEAP_EXTERNAL_WEAK_GLOBAL_HANDLES","cpu.V8.GC_HEAP_EPILOGUE_SAFEPOINT","cpu.V8.GC_HEAP_EPILOGUE_REDUCE_NEW_SPACE","cpu.V8.GC_HEAP_EXTERNAL_EPILOGUE","cpu.V8.GC_HEAP_EPILOGUE","cpu.UpdateLayoutTree","cpu.Layout","cpu.IntersectionObserverController::computeIntersections","cpu.Paint","cpu.largestContentfulPaint::Candidate","cpu.ResourceChangePriority","cpu.HitTest","cpu.FireAnimationFrame","cpu.MarkDOMContent","cpu.MarkLoad","cpu.XHRReadyStateChange","cpu.XHRLoad","cpu.MajorGC","cpu.V8.GC_MC_COMPLETE_SWEEPING","cpu.V8.GC_MC_COMPLETE_SWEEP_ARRAY_BUFFERS","cpu.V8.GC_MARK_COMPACTOR","cpu.V8.GC_MC_MARK_EMBEDDER_PROLOGUE","cpu.BlinkGC.IncrementalMarkingStartMarking","cpu.BlinkGC.VisitRoots","cpu.V8.GC_MC_PROLOGUE","cpu.V8.GC_MC_MARK","cpu.V8.GC_MC_MARK_FINISH_INCREMENTAL","cpu.BlinkGC.AtomicPauseMarkPrologue","cpu.BlinkGC.AtomicPauseMarkRoots","cpu.V8.GC_MC_MARK_ROOTS","cpu.V8.GC_MC_MARK_MAIN","cpu.V8.GC_MC_MARK_WEAK_CLOSURE","cpu.V8.GC_MC_MARK_EMBEDDER_TRACING_CLOSURE","cpu.V8.GC_MC_MARK_EMBEDDER_TRACING","cpu.BlinkGC.AtomicPauseMarkTransitiveClosure","cpu.BlinkGC.IncrementalMarkingWithDeadline","cpu.BlinkGC.MarkFlushEphemeronPairs","cpu.BlinkGC.MarkProcessWorklists","cpu.BlinkGC.MarkBailOutObjects","cpu.BlinkGC.MarkFlushV8References","cpu.BlinkGC.MarkProcessNotFullyconstructeddWorklist","cpu.BlinkGC.MarkProcessMarkingWorklist","cpu.BlinkGC.MarkProcessWriteBarrierWorklist","cpu.BlinkGC.MarkInvokeEphemeronCallbacks","cpu.V8.GC_MC_MARK_WEAK_CLOSURE_EPHEMERON","cpu.V8.GC_MC_MARK_WEAK_CLOSURE_EPHEMERON_MARKING","cpu.V8.GC_MC_MARK_WEAK_CLOSURE_WEAK_HANDLES","cpu.V8.GC_MC_MARK_WEAK_CLOSURE_WEAK_ROOTS","cpu.V8.GC_MC_MARK_WEAK_CLOSURE_HARMONY","cpu.V8.GC_MC_CLEAR","cpu.V8.GC_MC_CLEAR_STRING_TABLE","cpu.V8.GC_MC_CLEAR_FLUSHABLE_BYTECODE","cpu.V8.GC_MC_CLEAR_FLUSHED_JS_FUNCTIONS","cpu.V8.GC_MC_CLEAR_WEAK_LISTS","cpu.V8.GC_MC_CLEAR_MAPS","cpu.V8.GC_MC_CLEAR_WEAK_REFERENCES","cpu.V8.GC_MC_CLEAR_WEAK_COLLECTIONS","cpu.V8.GC_MC_SWEEP","cpu.V8.GC_MC_EVACUATE","cpu.V8.GC_MC_EVACUATE_PROLOGUE","cpu.V8.GC_MC_EVACUATE_COPY","cpu.V8.GC_MC_EVACUATE_COPY_PARALLEL","cpu.V8.GC_MC_EVACUATE_UPDATE_POINTERS","cpu.V8.GC_MC_EVACUATE_UPDATE_POINTERS_TO_NEW_ROOTS","cpu.V8.GC_MC_EVACUATE_UPDATE_POINTERS_SLOTS_MAIN","cpu.V8.GC_MC_EVACUATE_UPDATE_POINTERS_PARALLEL","cpu.V8.GC_MC_EVACUATE_UPDATE_POINTERS_WEAK","cpu.V8.GC_MC_EVACUATE_REBALANCE","cpu.V8.GC_MC_EVACUATE_CLEAN_UP","cpu.V8.GC_MC_EVACUATE_EPILOGUE","cpu.V8.GC_MC_FINISH","cpu.V8.GC_MC_FINISH_SWEEP_ARRAY_BUFFERS","cpu.V8.GC_MC_EPILOGUE","cpu.V8.GC_HEAP_EMBEDDER_TRACING_EPILOGUE","cpu.BlinkGC.AtomicPauseMarkEpilogue","cpu.BlinkGC.AtomicPauseSweepAndCompact","cpu.BlinkGC.LazySweepOnAllocation","cpu.BlinkGC.LazySweepInIdle","cpu.V8.GC_MC_INCREMENTAL_START","cpu.V8.GC_MC_INCREMENTAL_EXTERNAL_PROLOGUE","cpu.V8.GC_MC_INCREMENTAL_EMBEDDER_PROLOGUE","cpu.V8.GC_MC_INCREMENTAL_EXTERNAL_EPILOGUE","cpu.BlinkGC.IncrementalMarkingStep","cpu.V8.GC_MC_INCREMENTAL","cpu.V8.GC_MC_INCREMENTAL_EMBEDDER_TRACING","cpu.BlinkGC.UnifiedMarkingStep","cpu.V8.GC_MC_INCREMENTAL_FINALIZE","cpu.V8.GC_MC_INCREMENTAL_FINALIZE_BODY","cpu.Idle","tester","start_epoch","osVersion","os_version","browserVersion","browser_version","date","document_URL","document_hostname","document_origin","domElements","domComplete","PerformancePaintTiming.first-paint","PerformancePaintTiming.first-contentful-paint","base_page_ip_ptr","base_page_cname","base_page_dns_server","browser_name","eventName","test_run_time_ms","testUrl","lastVisualChange","render","visualComplete85","visualComplete90","visualComplete95","visualComplete99","visualComplete","SpeedIndex","LargestContentfulPaintType","LargestContentfulPaintImageURL","chromeUserTiming.navigationStart","chromeUserTiming.fetchStart","chromeUserTiming.responseEnd","chromeUserTiming.unloadEventStart","chromeUserTiming.unloadEventEnd","chromeUserTiming.commitNavigationEnd","chromeUserTiming.domLoading","chromeUserTiming.firstPaint","chromeUserTiming.firstContentfulPaint","chromeUserTiming.firstMeaningfulPaintCandidate","chromeUserTiming.firstMeaningfulPaint","chromeUserTiming.firstImagePaint","chromeUserTiming.domInteractive","chromeUserTiming.domContentLoadedEventStart","chromeUserTiming.domContentLoadedEventEnd","chromeUserTiming.LayoutShift","chromeUserTiming.domComplete","chromeUserTiming.loadEventStart","chromeUserTiming.loadEventEnd","chromeUserTiming.InteractiveTime","chromeUserTiming.LargestTextPaint","chromeUserTiming.LargestContentfulPaint","chromeUserTiming.LargestImagePaint","chromeUserTiming.TotalLayoutShift","chromeUserTiming.CumulativeLayoutShift","FirstInteractive","maxFID","TTIMeasurementEnd","LastInteractive","FirstCPUIdle","TotalBlockingTime","testID","run","step","effectiveBps","domTime","aft","titleTime","domLoading","server_rtt","edge-processed","TimeToInteractive","effectiveBpsDoc","bytes.html","requests.html","bytesUncompressed.html","bytes.js","requests.js","bytesUncompressed.js","bytes.css","requests.css","bytesUncompressed.css","bytes.image","requests.image","bytesUncompressed.image","bytes.flash","requests.flash","bytesUncompressed.flash","bytes.font","requests.font","bytesUncompressed.font","bytes.video","requests.video","bytesUncompressed.video","bytes.other","requests.other","bytesUncompressed.other","id","cpu.BlinkGC.CompleteSweep","LargestContentfulPaintNodeType","cpu.V8.GC_MC_INCREMENTAL_LAYOUT_CHANGE",
"23604","23604","75796","558122","288523","22477682","9241747","249","249","133","245","2","2","0","0","0","1","BC4D817ED4028D088A71B6BD97C1F1B2","23604","23655","9395","9405","https://www.commerce.gov.pk/","25","0","AAD58373E376B8CD05314DDCFEB52C02","https://www.commerce.gov.pk/","7418.6999999955","7419","7565","8081","9318","23","22","3986","1484","31","40","62","-1","100","-1","-1","71","-1","57","2699403","1035005","-1","-1","19253826","5753718","","6639","118","1","673","447","67","389","98","457","2782","2","0","0","0","1","0","0","1","0","0","1","2","0","0","0","0","0","0","0","0","0","9541","837","9180","336","0","0","67","2499","0","0","3","0","0","0","0","0","0","0","0","0","0","0","0","0","0","10","0","0","0","0","0","0","0","0","0","0","8","0","0","0","0","0","0","0","0","0","0","0","0","0","1","0","0","0","0","0","15","0","0","0","1","0","0","0","0","0","0","0","0","1","12","0","13","0","0","0","0","0","1","0","0","0","0","41592","mukeet-ThinkPad-T490-192.168.0.112","1680224712.1708","","","92.0.4515.131","92.0.4515.131","1680224727.8951","https://www.commerce.gov.pk/","www.commerce.gov.pk","https://www.commerce.gov.pk","1912","23604","7418.6999999955","7418.6999999955","host2020312.comsatshosting.com","","n1.comsats.net.pk","android - chrome","Step_1","127088","https://www.commerce.gov.pk/","79522","7428","29004","79000","79522","79522","79522","27442","image","https://www.commerce.gov.pk/wp-content/uploads/2023/03/Fpvcq_uXoAQP3Gj.jpg","0","38","4020","4069","4069","4074","4075","7418","7418","7418","7565","8081","9318","9395","9406","14920","23604","23604","23655","23659","43199","15283","15283","0.48833349948355","0.48830377150017","33223","2540","79328","75045","33223","6481","230331_W7_V","1","1","313016","0","0","0","0","0","1","33223","471085","440649","6","788563","1822618","71","4740578","492773","27","674128","19275790","135","19275790","0","0","0","443044","5","443044","0","0","0","2808","5","27556","230331_W7_V","","","",
"10601","10601","23034","357564","162401","5045217","2469252","165","165","80","162","2","1","0","0","0","1","5EEFCB2CDA239F3B7B885D6AB65B3004","10600","10730","8260","8263","https://www.commerce.gov.pk/about-us/about/","24","0","F5769705FA8C2FEF16345A2298D42776","https://www.commerce.gov.pk/about-us/about/","6866.5","6867","6867","7402","8188","23","22","3227","9","55","61","67","-1","100","-1","-1","85","-1","84","2440398","814750","-1","-1","2160682","335561","","167","37","1","2549","40","14","160","","12","2247","0","0","0","0","0","0","0","0","0","0","168","0","0","0","0","0","0","0","0","0","0","226","320","3","42","","","","","","","","","0","0","0","0","0","0","0","0","0","0","0","0","0","40","0","0","0","0","0","0","0","0","1","0","0","0","0","0","0","0","0","0","0","0","0","0","0","0","0","0","0","0","0","0","12","0","0","0","0","0","0","0","0","0","0","0","0","0","0","4","0","0","0","0","0","","0","0","0","0","0","16990","mukeet-ThinkPad-T490-192.168.0.112","1680224857.3643","","","92.0.4515.131","92.0.4515.131","1680224876.6888","https://www.commerce.gov.pk/about-us/about/","www.commerce.gov.pk","https://www.commerce.gov.pk","896","10600","6866.5","6866.5","host2020312.comsatshosting.com","","n1.comsats.net.pk","android - chrome","Step_1","40220","https://www.commerce.gov.pk/about-us/about/","9644","6877","8547","8547","8547","9644","9644","7658","text","","0","41","3268","3316","3316","3320","3322","6866","6866","6866","6866","7402","8189","8260","8263","9559","10600","10601","10730","14706","6867","6867","8536","0.11340688105085","0.11340688105085","","2730","26104","21869","","6628","230331_41_W","1","1","254718","0","0","0","0","0","1","","334859","317746","6","665663","1724898","69","4642875","492773","27","674128","2182646","55","2182646","0","0","0","324972","4","324972","0","0","0","2182","4","24957","230331_41_W","0","P","",
"17100","17100","21699","407292","254427","8396887","6449613","186","186","120","181","2","3","0","0","0","1","59CADDCA4A8465E5F8295EF0C143015F","17100","17144","6493","6525","https://www.commerce.gov.pk/about-us/100days/","29","0","5BEB2D33BA737C0A21CFE3DD2DADA9B5","https://www.commerce.gov.pk/about-us/100days/","5581.6000000015","5582","5582","6332","6444","24","25","2355","10","54","65","47","-1","100","-1","-1","84","-1","77","5576707","2972744","-1","-1","2305339","373039","","240","14","1","765","1053","34","192","212","156","915","0","0","0","0","0","0","0","0","0","0","18","0","0","0","0","0","0","0","0","0","0","236","243","195","117","0","0","29","25","0","0","49","13","0","0","0","0","0","1","1","0","0","0","0","0","0","8","0","0","0","0","1","0","1","6","0","0","2","0","0","0","0","0","0","0","0","0","0","0","0","0","0","0","0","0","0","0","0","0","0","0","1","0","0","0","0","0","0","0","0","2","0","5","4","2","0","1","0","0","2","1","1","0","0","17150","mukeet-ThinkPad-T490-192.168.0.112","1680224919.1951","","","92.0.4515.131","92.0.4515.131","1680224937.4178","https://www.commerce.gov.pk/about-us/100days/","www.commerce.gov.pk","https://www.commerce.gov.pk","862","17100","5581.6000000015","5581.6000000015","host2020312.comsatshosting.com","","n1.comsats.net.pk","android - chrome","Step_1","39651","https://www.commerce.gov.pk/about-us/100days/","24686","5590","17116","17116","17116","18294","24686","11293","image","https://www.commerce.gov.pk/wp-content/uploads/2018/12/100days-moc.jpg","0","38","2395","2446","2446","2448","2450","5581","5581","5581","5581","6331","6444","6492","6525","6385","17100","17100","17143","18494","5582","7674","7674","0.00016187926997559","0.00016187926997559","","2819","25029","21558","","5572","230331_B2_X","1","1","434082","0","0","0","0","0","1","","437410","341856","10","734102","4389628","75","7328488","902834","28","1084189","2327303","58","2327303","0","0","0","402132","5","402132","0","0","0","33134","10","92052","230331_B2_X","3","IMG","",
"9724","9724","20358","367361","175842","5244663","2671960","167","167","84","164","2","1","0","0","0","1","903B8691929D2CE1ECC98C59B8D7BF2B","9724","9803","7199","7209","https://www.commerce.gov.pk/about-us/organogram/","24","0","AA596559AFBC899002D37BC09BE62893","https://www.commerce.gov.pk/about-us/organogram/","6335.6999999955","6336","6482","7293","7102","23","22","2927","17","54","61","67","-1","100","-1","-1","85","-1","84","2439795","813797","-1","-1","2228661","335561","","169","46","1","2152","40","18","135","","11","1195","2","0","0","0","2","0","1","1","0","1","98","0","0","0","0","0","0","0","0","0","0","211","290","4","38","","","","","","","","","0","0","0","0","0","0","0","0","0","0","0","0","0","33","0","0","0","0","0","0","0","0","0","0","0","0","0","0","0","0","0","0","0","0","0","0","0","0","0","0","0","0","0","0","4","0","0","0","0","0","0","0","0","0","0","0","0","0","0","4","0","0","0","0","0","","1","0","0","0","0","15900","mukeet-ThinkPad-T490-192.168.0.112","1680224979.3246","","","92.0.4515.131","92.0.4515.131","1680224996.1542","https://www.commerce.gov.pk/about-us/organogram/","www.commerce.gov.pk","https://www.commerce.gov.pk","855","9724","6335.6999999955","6335.6999999955","","","n2.comsats.net.pk","android - chrome","Step_1","36315","https://www.commerce.gov.pk/about-us/organogram/","9477","6334","8633","8633","8633","9477","9477","7745","image","https://www.commerce.gov.pk/wp-content/uploads/2020/12/Organogram-MoC.png","0","58","2946","3007","3007","3013","3015","6335","6335","6335","6481","7293","7102","7199","7209","8548","9724","9724","9802","12250","6336","7696","7696","0.11125654871489","0.11116556542805","17622","2328","23475","17622","17622","4719","230331_E5_Y","1","1","300881","0","0","0","0","0","1","17622","393108","370622","6","718539","1726329","69","4648203","492773","27","674128","2250625","56","2250625","0","0","0","402132","5","402132","0","0","0","2182","4","24957","230331_E5_Y","0","IMG","",
"9320","9320","20173","364666","172955","5139138","2566434","166","166","83","163","2","1","0","0","0","1","2A0FD8235746345E8EECE19DEC5349A2","9320","9428","6863","6866","https://www.commerce.gov.pk/about-us/trade-mission-services/","24","0","3C47B976896082C24385EE190FE49C40","https://www.commerce.gov.pk/about-us/trade-mission-services/","6245.799999997","6246","6393","6944","6739","23","22","3074","19","55","61","67","-1","100","-1","-1","85","-1","84","2440794","814690","-1","-1","2160682","335561","","140","41","1","2237","42","5","137","","17","1965","0","0","0","0","0","0","1","0","0","0","140","0","0","0","0","0","0","0","0","0","0","154","281","2","41","","","","","","","","","0","0","0","0","0","0","0","0","0","0","0","0","0","32","0","0","0","0","0","0","0","0","0","0","2","0","0","0","0","0","0","0","0","0","0","0","0","0","0","0","0","0","0","0","13","0","2","0","1","0","0","0","0","0","0","0","0","0","0","4","0","0","0","0","0","","1","0","0","0","0","14911","mukeet-ThinkPad-T490-192.168.0.112","1680225033.6399","","","92.0.4515.131","92.0.4515.131","1680225052.1209","https://www.commerce.gov.pk/about-us/trade-mission-services/","www.commerce.gov.pk","https://www.commerce.gov.pk","887","9319","6245.799999997","6245.799999997","host2020312.comsatshosting.com","","n1.comsats.net.pk","android - chrome","Step_1","36071","https://www.commerce.gov.pk/about-us/trade-mission-services/","9146","6234","8691","8691","9146","9146","9146","6984","image","https://www.commerce.gov.pk/wp-content/themes/moc/images/featured-img.jpg","0","42","3107","3147","3147","3150","3152","6245","6245","6245","6393","6943","6739","6863","6865","9060","9319","9320","9427","11903","6246","8699","8699","0.12792409839337","0.12182794328623","","2400","23297","18807","","5728","230331_TC_Z","1","1","300551","0","0","0","0","0","1","","410892","333086","6","681019","1726319","69","4648206","492773","27","674128","2182646","55","2182646","0","0","0","402132","5","402132","0","0","0","2182","4","24957","230331_TC_Z","0","IMG","",
"9930","9930","20206","360063","168517","5144346","2571681","165","165","82","162","2","1","0","0","0","1","86C30192D2190BC50B750FC487700236","9930","10012","7429","7476","https://www.commerce.gov.pk/about-us/career-jobs/","25","0","11B4EF958E04809BF296BFEE6E450B84","https://www.commerce.gov.pk/about-us/career-jobs/","6334","6334","6627","7201","7381","23","22","3017","22","56","62","66","-1","100","-1","-1","85","-1","84","2474636","842103","-1","-1","2131594","320795","","72","55","1","2005","42","20","128","","44","1345","0","0","0","0","0","0","1","0","0","0","122","0","0","0","0","0","0","0","0","0","0","183","254","4","24","","","","","","","","","0","0","0","0","0","0","0","0","0","0","0","0","0","31","0","0","0","0","0","0","0","0","0","0","2","0","0","0","0","0","0","0","0","0","0","0","0","0","0","0","0","0","0","0","17","0","0","0","0","0","0","0","0","0","0","0","0","0","0","3","1","0","0","0","0","0","1","0","0","0","0","15852","mukeet-ThinkPad-T490-192.168.0.112","1680225090.4615","","","92.0.4515.131","92.0.4515.131","1680225109.0778","https://www.commerce.gov.pk/about-us/career-jobs/","www.commerce.gov.pk","https://www.commerce.gov.pk","1623","9930","6334","6334","host2020312.comsatshosting.com","","n1.comsats.net.pk","android - chrome","Step_1","41642","https://www.commerce.gov.pk/about-us/career-jobs/","24072","6315","9823","9823","10205","12570","24072","7616","image","https://www.commerce.gov.pk/wp-content/themes/moc/images/featured-img.jpg","0","41","3035","3095","3095","3099","3101","6333","6333","6333","6626","7201","7382","7429","7476","9684","9930","9930","10012","12709","6334","8308","8308","0.14326955075864","0.1161369381711","17565","2173","23645","17565","17565","5031","230331_FA_10","1","1","299281","0","0","0","0","0","1","17565","372006","367414","6","715332","1726287","69","4648201","492773","27","674128","2153558","54","2153558","0","0","0","402132","5","402132","0","0","0","2182","4","24957","230331_FA_10","0","IMG","0",
"11797","11797","19475","374178","205739","6052733","3613337","171","171","98","168","2","1","0","0","0","1","5D8BAE7C2F33FFD553B49ABBCC871C3F","11796","11913","6597","6601","https://www.commerce.gov.pk/category/news-updates/","25","0","E90B693B977843D3F5D250B3954C445F","https://www.commerce.gov.pk/category/news-updates/","5977.5","5977","5977","6699","6479","23","22","2400","17","53","60","67","-1","100","-1","-1","88","-1","58","2442044","816538","-1","-1","2962785","366413","","86","55","2","1972","39","15","108","","74","1142","0","0","0","0","0","0","0","0","0","0","81","0","0","0","0","0","0","0","0","0","0","183","140","4","25","","","","","","","","","0","0","0","0","0","0","0","0","0","0","0","0","0","33","0","0","0","0","0","0","0","1","1","0","0","0","0","0","0","0","0","0","0","0","0","0","0","0","0","0","0","0","0","0","16","0","1","0","1","0","0","0","0","0","0","0","0","0","0","4","0","0","0","0","0","","0","0","0","0","0","15492","mukeet-ThinkPad-T490-192.168.0.112","1680225153.2228","","","92.0.4515.131","92.0.4515.131","1680225171.501","https://www.commerce.gov.pk/category/news-updates/","www.commerce.gov.pk","https://www.commerce.gov.pk","889","11796","5977.5","5977.5","host2020312.comsatshosting.com","","n1.comsats.net.pk","android - chrome","Step_1","36553","https://www.commerce.gov.pk/category/news-updates/","10369","5987","8615","8615","8615","10369","10369","8141","image","https://www.commerce.gov.pk/wp-content/uploads/2022/10/PIMEC-Brochure_001-1536x1083.jpg","0","40","2439","2484","2484","2487","2488","5977","5977","5977","5977","6699","6479","6598","6601","6847","11797","11797","11913","11918","5977","8606","8606","2.9727983386301E-5","2.9727983386301E-5","","2239","22800","19260","","4183","230331_24_11","1","1","354479","0","0","0","0","0","1","","384520","326473","6","674393","1726352","69","4648213","492773","27","674128","2984749","59","2984749","0","0","0","520204","6","520204","0","0","0","2182","4","24957","230331_24_11","0","IMG","0",
"10228","10228","20859","368688","230507","5208532","2935367","168","168","107","165","2","1","0","0","0","1","25518E37759623CB00E07E7FF61825A9","10228","10228","7779","7914","https://www.commerce.gov.pk/about-us/downloads/","25","0","57617CB565B5FAB57F9517E553C212CA","https://www.commerce.gov.pk/about-us/downloads/","6071","6071","6333","6928","7003","23","22","2853","17","54","61","66","-1","100","-1","-1","85","-1","84","2474059","845004","-1","-1","2185760","335561","","155","48","1","2233","40","12","139","","17","1362","0","0","0","0","0","0","0","0","0","0","101","0","0","0","0","0","0","0","0","0","0","215","290","3","37","","","","","","","","","0","0","0","0","0","0","0","0","0","0","0","0","0","34","0","0","0","0","0","0","0","1","10","0","2","0","0","0","0","0","0","0","0","0","0","0","0","0","0","0","0","0","0","0","9","0","0","0","2","0","0","0","0","0","0","0","0","0","0","3","2","0","0","0","0","","0","0","0","0","0","16141","mukeet-ThinkPad-T490-192.168.0.112","1680225209.232","","","92.0.4515.131","92.0.4515.131","1680225226.1344","https://www.commerce.gov.pk/about-us/downloads/","www.commerce.gov.pk","https://www.commerce.gov.pk","1243","10227","6071","6071","host2020312.comsatshosting.com","","n2.comsats.net.pk","android - chrome","Step_1","39820","https://www.commerce.gov.pk/about-us/downloads/","24313","6088","8428","8428","8428","10502","24313","7398","image","https://www.commerce.gov.pk/wp-content/themes/moc/images/featured-img.jpg","0","47","2869","2930","2930","2934","2936","6071","6071","6071","6332","6927","7003","7779","7914","9676","10227","10228","10228","13037","6071","8392","8392","0.12936088896312","0.10948607161296","18159","2429","24134","18159","18159","5119","230331_9D_12","1","1","289266","0","0","0","0","0","1","18159","398015","377410","6","725349","1726311","69","4648196","492773","27","674128","2207724","57","2207724","0","0","0","402132","5","402132","0","0","0","2182","4","24957","230331_9D_12","0","IMG","",
"15866","15866","20102","360861","308429","5099857","3583556","165","165","140","162","2","1","0","0","0","1","39099A079CA605242EE63F15547BAFE0","15866","15870","7216","7249","https://www.commerce.gov.pk/about-us/faqs/","23","0","71DA33598650823D60E9BD2930BF9B2F","https://www.commerce.gov.pk/about-us/faqs/","5708.799999997","5709","5709","6139","7163","23","22","2477","13","55","61","67","-1","100","-1","-1","85","-1","84","2440111","813733","-1","-1","2160682","335561","","97","36","1","2360","40","18","118","","22","1416","0","0","0","0","0","0","1","0","0","0","99","0","0","0","0","0","0","0","0","0","0","217","274","3","31","","","","","","","","","0","0","0","0","0","0","0","0","0","0","0","0","0","32","0","0","0","0","0","0","0","0","0","0","0","0","0","0","0","0","0","0","0","0","0","0","0","0","0","0","0","0","0","0","16","0","0","0","0","0","0","0","0","0","0","0","0","0","0","5","1","0","0","0","0","0","0","0","0","0","0","15313","mukeet-ThinkPad-T490-192.168.0.112","1680225268.2473","","","92.0.4515.131","92.0.4515.131","1680225285.0305","https://www.commerce.gov.pk/about-us/faqs/","www.commerce.gov.pk","https://www.commerce.gov.pk","865","15863","5708.799999997","5708.799999997","host2020312.comsatshosting.com","","n2.comsats.net.pk","android - chrome","Step_1","36155","https://www.commerce.gov.pk/about-us/faqs/","9182","5691","7565","7565","7565","9182","9182","6600","text","","0","43","2518","2568","2568","2573","2574","5708","5708","5708","5708","6138","7163","7216","7249","9087","15863","15866","15870","12307","5709","5709","7573","0.11224522830487","0.11221267641061","17451","2540","23397","17451","17451","5275","230331_ZJ_13","1","1","289353","0","0","0","0","0","1","17451","267649","370942","6","718865","1726342","69","4648203","492773","27","674128","2182646","55","2182646","0","0","0","324972","4","324972","0","0","0","2182","4","24957","230331_ZJ_13","0","P","0",
"9688","9688","21004","359906","166943","5140968","2565367","167","167","83","164","2","1","0","0","0","1","CA647AFA93EA60F44EACB95B6B77D24C","9688","9780","7571","7601","https://www.commerce.gov.pk/remit/","25","0","40DBB4B2319EFB8FB62AF5DC4DFF16F1","https://www.commerce.gov.pk/remit/","6577","6577","6778","7708","7524","23","22","3178","16","55","62","67","-1","100","-1","-1","85","-1","84","2438277","812342","-1","-1","2160682","335561","","178","59","0","2263","42","17","126","","17","1358","0","0","0","0","0","0","0","0","0","0","111","0","0","0","0","0","0","0","0","0","0","220","306","4","37","","","","","","","","","0","0","0","0","0","0","0","0","0","0","1","0","0","38","0","0","0","0","0","0","0","0","0","0","1","0","0","0","0","0","0","0","0","1","0","0","0","0","0","0","0","0","0","0","23","0","0","0","0","0","0","0","0","0","0","0","0","0","0","3","","0","0","0","0","","0","0","0","0","0","16197","mukeet-ThinkPad-T490-192.168.0.112","1680225322.3729","","","92.0.4515.131","92.0.4515.131","1680225338.5248","https://www.commerce.gov.pk/remit/","www.commerce.gov.pk","https://www.commerce.gov.pk","834","9688","6577","6577","host2020312.comsatshosting.com","","n2.comsats.net.pk","android - chrome","Step_1","36912","https://www.commerce.gov.pk/remit/","9708","6571","8827","8827","8827","9708","9708","7616","text","","0","47","3215","3266","3266","3270","3271","6576","6576","6576","6778","7707","7524","7571","7600","8726","9688","9688","9780","13009","6577","6577","7906","0.12296759364469","0.11223510354364","18253","2616","24212","18253","18253","5200","230331_Q2_14","1","1","288397","0","0","0","0","0","1","18253","394065","292044","6","639959","1726291","69","4648204","492773","27","674128","2182646","55","2182646","0","0","0","445032","6","445032","0","0","0","2182","4","24957","230331_Q2_14","0","P","",
"14684","14684","27378","379018","235657","5086069","3134849","166","166","103","163","2","1","0","0","0","1","201A71E6F6BB95CE4EC9D7361DD34E19","14685","14778","6661","6673","https://www.commerce.gov.pk/projects/enhancement-in-exhibition-halls-and-additional-technology-works-expo-center-lahore-phase-ii-lahore/","25","0","E277A10BD826F73B0AC30B8108D0A04A","https://www.commerce.gov.pk/projects/enhancement-in-exhibition-halls-and-additional-technology-works-expo-center-lahore-phase-ii-lahore/","5896.799999997","5897","6063","6805","6543","23","22","2497","17","55","61","67","-1","100","-1","-1","85","-1","84","2443056","815682","-1","-1","2160682","335561","","176","44","1","2065","41","16","133","","16","1846","0","0","0","0","0","0","0","0","0","0","112","0","0","0","0","0","0","0","0","0","0","117","239","2","39","","0","","","","","","","0","0","0","0","0","0","0","0","0","0","0","0","0","25","0","0","0","0","0","0","0","0","0","0","1","0","0","0","0","0","0","0","0","0","0","0","0","0","0","0","0","0","0","0","19","0","0","0","0","0","0","0","0","0","0","0","0","0","0","3","0","0","0","0","0","","1","0","0","0","0","22482","mukeet-ThinkPad-T490-192.168.0.112","1680225377.6288","","","92.0.4515.131","92.0.4515.131","1680225395.6579","https://www.commerce.gov.pk/projects/enhancement-in-exhibition-halls-and-additional-technology-works-expo-center-lahore-phase-ii-lahore/","www.commerce.gov.pk","https://www.commerce.gov.pk","881","14684","5896.799999997","5896.799999997","host2020312.comsatshosting.com","","n2.comsats.net.pk","android - chrome","Step_1","46298","https://www.commerce.gov.pk/projects/enhancement-in-exhibition-halls-and-additional-technology-works-expo-center-lahore-phase-ii-lahore/","8836","5902","8196","8196","8196","8836","8836","6608","image","https://www.commerce.gov.pk/wp-content/themes/moc/images/featured-img.jpg","0","42","2515","2575","2575","2578","2579","5896","5896","5896","6062","6804","6542","6660","6673","8720","14684","14684","14777","14782","5897","8189","8189","0.10755640043507","0.10745144591413","","2207","30530","26897","","5482","230331_GB_15","1","1","204415","0","0","0","0","0","1","","257228","279965","6","627939","1726371","69","4648193","492773","27","674128","2182646","55","2182646","0","0","0","402132","5","402132","0","0","0","2182","4","24957","230331_GB_15","0","IMG","",
"9346","9346","20282","364054","170884","5084465","2508806","166","166","82","163","2","1","0","0","0","1","1CE03BE8442A91CB83E3A49212F98ECF","9346","9447","7956","7987","https://www.commerce.gov.pk/expo-centre-quetta/","25","0","F886829882C4ED75B3B6A9523FCE090D","https://www.commerce.gov.pk/expo-centre-quetta/","5987.8000000045","5988","6116","6704","7910","23","22","2602","15","55","61","67","-1","100","-1","-1","85","-1","84","2440581","814344","-1","-1","2160682","335561","","129","43","1","2200","39","16","107","","12","1231","0","0","0","0","0","0","0","0","0","0","102","0","0","0","0","0","0","0","0","0","0","144","273","3","30","","","","","","","","","0","0","0","0","0","0","0","0","0","0","0","0","0","27","0","0","0","0","0","0","0","0","1","0","0","0","0","0","0","0","0","0","0","0","0","0","0","0","0","0","0","0","0","0","9","0","0","0","1","0","0","0","0","0","0","0","0","0","0","3","1","0","0","0","0","","0","0","0","0","0","15908","mukeet-ThinkPad-T490-192.168.0.112","1680225446.9974","","","92.0.4515.131","92.0.4515.131","1680225471.9439","https://www.commerce.gov.pk/expo-centre-quetta/","www.commerce.gov.pk","https://www.commerce.gov.pk","883","9345","5987.8000000045","5987.8000000045","host2020312.comsatshosting.com","","n2.comsats.net.pk","android - chrome","Step_1","36107","https://www.commerce.gov.pk/expo-centre-quetta/","9164","5997","7900","7900","8712","9164","9164","6732","image","https://www.commerce.gov.pk/wp-content/themes/moc/images/featured-img.jpg","0","47","2636","2679","2679","2682","2684","5987","5987","5987","6115","6703","7910","7956","7987","9076","9345","9346","9447","12630","5988","7892","7892","0.11907369044089","0.10670259269996","17609","2320","23478","17609","17609","4817","230331_HA_16","1","1","287582","0","0","0","0","0","1","17609","372005","278398","6","626332","1726334","69","4648211","492773","27","674128","2182646","55","2182646","0","0","0","402132","5","402132","0","0","0","2182","4","24957","230331_HA_16","0","IMG","",
"14526","14526","19804","366697","215571","4832777","2881565","166","166","102","163","2","1","0","0","0","1","0AA1D2756920DCF043A6AAE9DFF43704","14526","14633","6465","6476","https://www.commerce.gov.pk/policies/","25","0","859F8B58B840F9E388207E0F7153CC74","https://www.commerce.gov.pk/policies/","5626.299999997","5626","5775","6551","6254","23","22","2228","13","55","61","67","-1","100","-1","-1","93","-1","100","2434649","810026","-1","-1","1867901","134058","","207","25","1","2095","41","18","133","","22","2592","0","0","0","0","0","0","0","0","0","0","200","0","0","0","0","0","0","0","0","0","0","142","296","13","50","","","","","","","","","0","0","0","0","0","0","0","0","0","0","0","0","0","29","0","0","0","0","0","0","0","0","0","0","1","0","0","0","0","0","0","0","0","0","0","0","0","0","0","0","0","0","0","0","25","0","0","0","0","0","0","0","0","0","0","0","0","0","4","4","0","0","0","0","0","","1","0","0","0","0","13904","mukeet-ThinkPad-T490-192.168.0.112","1680225510.2744","","","92.0.4515.131","92.0.4515.131","1680225528.6729","https://www.commerce.gov.pk/policies/","www.commerce.gov.pk","https://www.commerce.gov.pk","817","14524","5626.299999997","5626.299999997","host2020312.comsatshosting.com","","n1.comsats.net.pk","android - chrome","Step_1","35154","https://www.commerce.gov.pk/policies/","17721","5625","6688","6688","8613","17721","17721","6864","background-image","https://www.commerce.gov.pk/wp-content/themes/moc/images/footer-bg.png","0","41","2263","2312","2312","2317","2318","5626","5626","5626","5775","6551","6255","6465","6476","16652","14524","14526","14633","14638","6551","6877","6877","0.98413111839093","0.84184034308266","","2259","22930","22298","","6086","230331_RC_17","1","1","274964","0","0","0","0","0","1","","234311","319497","6","667411","1726328","69","4648201","492773","27","674128","1889865","55","1889865","0","0","0","402132","5","402132","0","0","0","2182","4","24957","230331_RC_17","0","DIV","",
"14490","14490","19369","369547","226702","5208738","3257611","169","169","106","166","2","1","0","0","0","1","9ADECDECDE199AC6EE40E88575DE57FF","14489","14596","5732","5745","https://www.commerce.gov.pk/ecommerce-policy-2019/","25","0","AAFB401118594E94919276E42C12541C","https://www.commerce.gov.pk/ecommerce-policy-2019/","5010.1000000015","5010","5146","5815","5626","23","22","1659","9","54","60","67","-1","100","-1","-1","83","-1","99","2443586","817264","-1","-1","2298781","398351","","169","55","1","2231","42","13","129","","18","1236","0","0","0","0","0","0","0","0","0","0","98","0","0","0","0","0","0","0","0","0","0","208","278","4","31","","","","","","","","","0","0","0","0","0","0","0","0","0","0","0","0","0","28","0","0","0","0","0","0","0","0","0","0","2","0","0","0","0","0","0","0","0","0","0","0","0","0","0","0","0","0","0","0","21","0","0","0","0","0","0","0","0","0","0","0","0","2","0","4","2","0","0","0","0","0","1","0","0","0","0","14796","mukeet-ThinkPad-T490-192.168.0.112","1680225565.0287","","","92.0.4515.131","92.0.4515.131","1680225581.6866","https://www.commerce.gov.pk/ecommerce-policy-2019/","www.commerce.gov.pk","https://www.commerce.gov.pk","876","14489","5010.1000000015","5010.1000000015","host2020312.comsatshosting.com","","n2.comsats.net.pk","android - chrome","Step_1","35569","https://www.commerce.gov.pk/ecommerce-policy-2019/","8503","5013","7359","7359","7359","8503","8503","6641","image","https://www.commerce.gov.pk/wp-content/uploads/2019/02/moc-website-page-header.jpg","0","60","1700","1746","1746","1752","1753","5010","5010","5010","5145","5815","5626","5732","5745","8453","14489","14490","14596","9220","5010","7373","7373","0.0011691926398426","0.0011394646564563","","2327","22575","21203","","4871","230331_1V_18","1","1","294112","0","0","0","0","0","1","","253885","264621","6","612548","1726285","69","4648204","492773","27","674128","2320745","58","2320745","0","0","0","402132","5","402132","0","0","0","2182","4","24957","230331_1V_18","0","IMG","",
"16072","16072","21065","372452","229625","6463180","4512013","170","170","107","167","2","1","0","0","0","1","BDE7FC318F8733606BEA6D7B1CFC157C","16072","16179","7125","7157","https://www.commerce.gov.pk/look-africa-policy/","25","0","99DA3A322CA37A9CA2F1E5418DA4BCC3","https://www.commerce.gov.pk/look-africa-policy/","6053.700000003","6054","6054","6805","7079","23","22","2532","12","54","60","67","-1","100","-1","-1","69","-1","94","2446174","818051","-1","-1","3489551","1081812","","93","54","1","2066","40","24","124","","20","1935","0","0","0","0","0","0","0","0","0","0","110","0","0","0","0","0","0","0","0","0","0","221","263","5","31","","","","","","","","","0","0","0","0","0","0","0","0","0","0","0","0","0","33","0","0","0","0","0","0","0","0","0","0","0","0","0","0","0","0","0","0","0","0","0","0","0","0","0","0","0","0","0","0","22","0","0","0","0","0","0","0","0","0","0","0","0","0","0","4","0","0","0","0","0","0","1","0","0","0","0","16017","mukeet-ThinkPad-T490-192.168.0.112","1680225619.4616","","","92.0.4515.131","92.0.4515.131","1680225636.2568","https://www.commerce.gov.pk/look-africa-policy/","www.commerce.gov.pk","https://www.commerce.gov.pk","906","16069","6053.700000003","6053.700000003","host2020312.comsatshosting.com","","n1.comsats.net.pk","android - chrome","Step_1","37609","https://www.commerce.gov.pk/look-africa-policy/","10873","6041","8109","8109","10873","10873","10873","7755","text","","0","41","2551","2607","2607","2611","2613","6053","6053","6053","6053","6805","7079","7125","7157","10849","16068","16072","16179","16184","6054","6054","8115","0.029030098581955","0.029000370598568","","2270","24192","23125","","5498","230331_55_19","1","1","348739","0","0","0","0","0","1","","333235","328263","6","676175","1726315","69","4648201","492773","27","674128","3511515","59","3511515","0","0","0","402132","5","402132","0","0","0","2182","4","24957","230331_55_19","0","P","0",
"16448","16448","20459","373584","321038","5365255","3848954","168","168","143","165","2","1","0","0","0","1","BE1A22FB0A850FDCA0E49688394221E6","16449","16452","8132","8221","https://www.commerce.gov.pk/strategic-trade-policy-framework/","25","0","CD1956C3A54B39397704E4842E2401BD","https://www.commerce.gov.pk/strategic-trade-policy-framework/","5888.700000003","5889","6006","7027","7162","23","22","2614","12","54","61","67","-1","100","-1","-1","86","-1","74","2441294","815558","-1","-1","2402238","350583","","155","42","1","2076","42","19","123","","11","1209","0","0","0","0","0","0","0","0","0","9","148","0","0","0","0","0","0","0","0","0","0","142","277","2","31","","","","","","","","","0","0","0","0","0","4","0","0","0","0","0","0","0","27","0","0","0","0","0","0","0","0","1","0","0","0","0","0","0","0","0","0","0","0","0","0","0","0","0","0","0","0","0","0","16","0","1","0","0","0","0","0","0","0","0","0","0","0","0","3","0","0","0","0","0","","0","1","0","0","0","16120","mukeet-ThinkPad-T490-192.168.0.112","1680225675.0776","","","92.0.4515.131","92.0.4515.131","1680225693.6334","https://www.commerce.gov.pk/strategic-trade-policy-framework/","www.commerce.gov.pk","https://www.commerce.gov.pk","865","16448","5888.700000003","5888.700000003","host2020312.comsatshosting.com","","n1.comsats.net.pk","android - chrome","Step_1","36824","https://www.commerce.gov.pk/strategic-trade-policy-framework/","10132","5879","8428","8428","8428","10132","10132","7555","image","https://www.commerce.gov.pk/wp-content/uploads/2021/12/STPF-2015-18-Final-English_001-796x1024.jpg","0","40","2653","2698","2698","2702","2704","5888","5888","5888","6006","7026","7161","8131","8221","8322","16448","16448","16452","13227","5889","7668","7668","0.10264159235315","0.10261186436976","17790","2254","23733","17790","17790","4830","230331_WG_1A","1","1","300658","0","0","0","0","0","1","17790","278224","317592","6","665518","1726374","69","4648223","492773","27","674128","2424202","57","2424202","0","0","0","402132","5","402132","0","0","0","2182","4","24957","230331_WG_1A","0","IMG","",
"13851","13851","18869","365896","222985","5171023","3219862","166","166","103","163","2","1","0","0","0","1","D75F31128F87116246E92140B7C4F5FD","13851","13954","5933","5935","https://www.commerce.gov.pk/about-us/travel-insurance-policy/","24","0","7D830E9941F7C30449D017E183282A71","https://www.commerce.gov.pk/about-us/travel-insurance-policy/","5156.1999999955","5156","5314","6020","5616","23","22","1611","16","55","61","67","-1","100","-1","-1","85","-1","84","2439882","813810","-1","-1","2160682","335561","","90","41","1","2177","40","10","131","","18","1995","0","0","0","0","0","0","0","0","0","0","124","0","0","0","0","0","0","0","0","0","0","224","263","4","33","","","","","","","","","0","0","0","0","0","0","0","0","0","0","0","0","0","28","0","0","0","0","0","0","0","0","0","0","1","0","0","0","0","0","0","0","0","0","0","0","0","0","1","0","0","0","0","0","20","0","0","0","0","0","0","0","0","0","0","0","0","0","0","3","1","1","0","0","0","0","1","0","0","0","0","13656","mukeet-ThinkPad-T490-192.168.0.112","1680225732.6942","","","92.0.4515.131","92.0.4515.131","1680225749.5258","https://www.commerce.gov.pk/about-us/travel-insurance-policy/","www.commerce.gov.pk","https://www.commerce.gov.pk","874","13850","5156.1999999955","5156.1999999955","host2020312.comsatshosting.com","","n2.comsats.net.pk","android - chrome","Step_1","34428","https://www.commerce.gov.pk/about-us/travel-insurance-policy/","8061","5161","7503","7503","7503","8061","8061","5999","image","https://www.commerce.gov.pk/wp-content/themes/moc/images/featured-img.jpg","0","45","1647","1694","1694","1698","1699","5156","5156","5156","5314","6020","5617","5933","5936","7419","13851","13851","13954","13959","5156","7511","7511","0.1079947587159","0.10786516479141","","2324","22147","20765","","5549","230331_SB_1B","1","1","299630","0","0","0","0","0","1","","263060","364977","6","712905","1726313","69","4648197","492773","27","674128","2182646","55","2182646","0","0","0","402132","5","402132","0","0","0","2182","4","24957","230331_SB_1B","0","IMG","0",
"9078","9078","19587","365520","173584","5250095","2677346","165","165","82","162","2","1","0","0","0","1","1758363D8EAAA4C41E4DE3406334A031","9078","9178","6422","6431","https://www.commerce.gov.pk/mission-abroad/pakistans-trade-missions-abroad/","24","0","C19BDDA64E2DC61025D600B16D48DE6F","https://www.commerce.gov.pk/mission-abroad/pakistans-trade-missions-abroad/","5373.6000000015","5374","5839","6408","6381","23","22","1914","13","56","62","65","-1","100","-1","-1","86","-1","84","2534262","897929","-1","-1","2145373","320795","","88","62","1","1998","32","8","121","","20","1304","0","0","0","0","0","0","0","0","0","0","132","0","0","0","0","0","0","0","0","0","0","204","253","3","28","","","","","","","","","0","0","0","0","0","0","0","0","0","0","0","0","0","29","0","0","0","0","0","0","0","0","0","0","1","0","0","0","0","0","0","0","0","0","0","0","0","0","1","0","0","0","0","0","15","0","2","0","0","0","0","0","0","0","0","0","0","0","0","3","0","0","0","0","0","0","2","0","0","0","0","15282","mukeet-ThinkPad-T490-192.168.0.112","1680225785.1113","","","92.0.4515.131","92.0.4515.131","1680225802.5642","https://www.commerce.gov.pk/mission-abroad/pakistans-trade-missions-abroad/","www.commerce.gov.pk","https://www.commerce.gov.pk","3071","9078","5373.6000000015","5373.6000000015","host2020312.comsatshosting.com","","n2.comsats.net.pk","android - chrome","Step_1","48988","https://www.commerce.gov.pk/mission-abroad/pakistans-trade-missions-abroad/","9201","5356","9201","9201","9201","9201","9201","6923","image","https://www.commerce.gov.pk/wp-content/themes/moc/images/featured-img.jpg","0","42","1943","1996","1996","1999","2000","5373","5373","5373","5838","6408","6381","6422","6431","9036","9078","9078","9177","9182","5374","7975","7975","0.24703570765996","0.098509444241454","16947","2254","23355","16947","16947","5344","230331_V0_1C","1","1","297068","0","0","0","0","0","1","16947","373722","459318","6","807266","1726353","69","4648231","492773","27","674128","2167337","54","2167337","0","0","0","402132","5","402132","0","0","0","2182","4","24957","230331_V0_1C","0","IMG","0",
"15200","15200","20338","362557","219730","5115735","3164617","166","166","103","163","2","1","0","0","0","1","2633D8F4DDECD4EA22DB59C6C9D404FE","15200","15293","6734","6744","https://www.commerce.gov.pk/about-us/trainings/","25","0","5F6EECFFB0B881B7957300B3FC6D5F73","https://www.commerce.gov.pk/about-us/trainings/","5778.1999999955","5778","5927","6593","6681","23","22","2341","10","55","61","67","-1","100","-1","-1","85","-1","84","2440492","814455","-1","-1","2160682","335561","","109","39","1","2364","40","7","144","","17","2190","1","0","0","0","1","0","0","1","0","0","90","0","0","0","0","0","0","0","0","0","0","238","262","4","37","","","","","","","","","0","0","0","0","0","0","0","0","0","0","0","0","0","36","0","0","0","0","0","0","0","0","0","0","0","0","0","0","0","0","0","0","0","0","0","0","0","0","0","0","0","0","0","0","18","0","0","0","0","0","0","0","0","0","0","0","0","0","0","3","","0","0","0","0","0","0","0","0","0","0","14732","mukeet-ThinkPad-T490-192.168.0.112","1680225854.1584","","","92.0.4515.131","92.0.4515.131","1680225870.7829","https://www.commerce.gov.pk/about-us/trainings/","www.commerce.gov.pk","https://www.commerce.gov.pk","936","15197","5778.1999999955","5778.1999999955","host2020312.comsatshosting.com","","n1.comsats.net.pk","android - chrome","Step_1","36671","https://www.commerce.gov.pk/about-us/trainings/","9272","5778","8543","8543","8543","9272","9272","6665","image","https://www.commerce.gov.pk/wp-content/themes/moc/images/featured-img.jpg","0","42","2380","2427","2427","2431","2432","5778","5778","5778","5926","6592","6681","6734","6744","9195","15197","15200","15293","15298","5778","8543","8543","0.10719921641503","0.10712173427267","","2533","23590","22683","","5938","230331_MQ_1D","1","1","284254","0","0","0","0","0","1","","246101","309713","6","657651","1726289","69","4648204","492773","27","674128","2182646","55","2182646","0","0","0","402132","5","402132","0","0","0","2182","4","24957","230331_MQ_1D","2","IMG","0",
"11902","11902","20453","366818","264074","5177663","3074153","167","167","122","164","2","1","0","0","0","1","501FE5B1FF34E3B0ED8A18BBFEDE0071","11901","11904","8355","8463","https://www.commerce.gov.pk/about-us/tenders/","25","0","B48D966240197E5319BBE3C6A16E1102","https://www.commerce.gov.pk/about-us/tenders/","6085.8999999985","6086","6281","6925","8304","23","22","2985","8","55","61","67","-1","100","-1","-1","85","-1","84","2454957","826231","-1","-1","2185013","335561","","160","46","1","2236","41","13","138","","79","1283","0","0","0","0","0","0","0","0","0","0","102","0","0","0","0","0","0","0","0","0","0","317","308","3","42","","","","","","","","","0","0","0","0","0","0","0","0","0","0","0","0","0","39","0","0","0","0","0","0","0","0","0","0","1","0","0","0","0","0","0","0","0","0","0","0","0","1","0","0","0","0","0","0","23","0","0","0","3","0","0","0","0","0","0","0","0","0","0","5","2","0","0","0","0","","1","0","0","0","0","15611","mukeet-ThinkPad-T490-192.168.0.112","1680225908.6623","","","92.0.4515.131","92.0.4515.131","1680225925.2739","https://www.commerce.gov.pk/about-us/tenders/","www.commerce.gov.pk","https://www.commerce.gov.pk","1177","11897","6085.8999999985","6085.8999999985","host2020312.comsatshosting.com","","n2.comsats.net.pk","android - chrome","Step_1","38405","https://www.commerce.gov.pk/about-us/tenders/","24058","6085","9625","9762","9916","10331","24058","7299","image","https://www.commerce.gov.pk/wp-content/themes/moc/images/featured-img.jpg","0","50","3006","3066","3066","3069","3070","6085","6085","6085","6281","6925","8304","8356","8464","9514","11897","11902","11904","13304","6086","8653","8653","0.1499737048018","0.094116874199547","18633","2525","23648","18633","18633","5426","230331_J9_1E","1","1","296408","0","0","0","0","0","1","18633","344751","347260","6","695186","1726339","69","4648204","492773","27","674128","2206977","56","2206977","0","0","0","402132","5","402132","0","0","0","2182","4","24957","230331_J9_1E","0","IMG","",
"12196","12196","20088","357420","254832","5140725","3037215","165","165","120","162","2","1","0","0","0","1","F9130DF763ACB921A6C6FA22E825902D","12196","12197","8939","9075","https://www.commerce.gov.pk/sros/","24","0","142E8927449DADD6EBB7BCBA8D35D9E5","https://www.commerce.gov.pk/sros/","5854","5854","6124","6600","8877","23","22","2394","17","56","62","66","-1","100","-1","-1","85","-1","84","2471024","840474","-1","-1","2131594","320795","","138","46","1","1974","40","14","125","","54","990","1","0","0","0","1","0","0","1","0","0","119","0","0","0","0","0","0","0","0","0","0","253","289","3","33","","","","","","","","","0","0","0","0","0","0","0","0","0","0","0","0","0","37","0","0","0","0","0","0","0","0","0","0","1","0","0","0","0","0","0","0","0","0","0","0","0","0","0","0","0","0","0","0","13","0","1","0","2","0","0","0","0","0","0","0","0","0","0","4","1","0","0","0","0","","1","0","0","0","0","15947","mukeet-ThinkPad-T490-192.168.0.112","1680225965.949","","","92.0.4515.131","92.0.4515.131","1680225985.6836","https://www.commerce.gov.pk/sros/","www.commerce.gov.pk","https://www.commerce.gov.pk","1501","12195","5854","5854","host2020312.comsatshosting.com","","n1.comsats.net.pk","android - chrome","Step_1","38896","https://www.commerce.gov.pk/sros/","23876","5867","8745","8745","9211","9461","23876","7110","image","https://www.commerce.gov.pk/wp-content/themes/moc/images/featured-img.jpg","0","41","2413","2469","2469","2473","2474","5854","5854","5854","6124","6599","8877","8939","9074","8595","12195","12196","12197","13467","5854","7919","7919","0.12207903452277","0.12205305044003","17668","2238","23677","17668","17668","4961","230331_74_1F","1","1","290534","0","0","0","0","0","1","17668","309856","363771","6","711685","1726309","69","4648205","492773","27","674128","2153558","54","2153558","0","0","0","402132","5","402132","0","0","0","2182","4","24957","230331_74_1F","0","IMG","",
"15240","15240","20198","364481","221660","5071793","3120601","167","167","104","164","2","1","0","0","0","1","9B1F380371AE89942F609255A3B9657D","15240","15343","7312","7322","https://www.commerce.gov.pk/about-us/gsp-plus/","24","0","34A9FB0866DB8437AA1193DE74596AEC","https://www.commerce.gov.pk/about-us/gsp-plus/","6745.6000000015","6746","6923","7399","7244","23","22","3343","13","54","60","67","-1","100","-1","-1","85","-1","83","2444412","817755","-1","-1","2183257","335561","","157","51","1","2169","34","22","129","","20","1285","0","0","0","0","0","0","0","0","0","0","127","0","0","0","0","0","0","0","0","0","0","151","280","2","32","","","","","","","","","0","0","0","0","0","0","0","0","0","0","0","0","0","32","0","0","0","0","0","0","0","0","0","0","1","0","0","0","0","0","0","0","0","0","0","0","0","0","0","0","0","0","0","0","9","0","0","0","2","0","0","0","0","0","0","0","0","0","0","3","2","0","0","0","0","","1","0","0","0","0","15690","mukeet-ThinkPad-T490-192.168.0.112","1680226027.0892","","","92.0.4515.131","92.0.4515.131","1680226044.9819","https://www.commerce.gov.pk/about-us/gsp-plus/","www.commerce.gov.pk","https://www.commerce.gov.pk","902","15240","6745.6000000015","6745.6000000015","host2020312.comsatshosting.com","","n1.comsats.net.pk","android - chrome","Step_1","35888","https://www.commerce.gov.pk/about-us/gsp-plus/","9796","6750","9009","9009","9796","9796","9796","7460","image","https://www.commerce.gov.pk/wp-content/themes/moc/images/featured-img.jpg","0","42","3386","3431","3431","3434","3435","6745","6745","6745","6923","7399","7245","7312","7322","9705","15240","15240","15343","15348","6746","9005","9005","0.10669413834635","0.1066180937704","","2312","23444","22102","","4758","230331_5P_1G","1","1","300907","0","0","0","0","0","1","","262301","320295","6","668214","1726350","69","4648199","492773","27","674128","2205221","57","2205221","0","0","0","324972","4","324972","0","0","0","2182","4","24957","230331_5P_1G","0","IMG","",
"15636","15636","20267","375933","314932","5121232","3604888","168","168","142","165","2","1","0","0","0","1","0CCF2A6D4D39A619FB72EE01AD566CFD","15636","15640","6663","6678","https://www.commerce.gov.pk/about-us/us-gsp-guidelines/","25","0","36DA17497536DC3BAD127B5A57410AA3","https://www.commerce.gov.pk/about-us/us-gsp-guidelines/","4939.799999997","4940","5045","5823","6264","23","22","1571","15","54","61","67","-1","100","-1","-1","85","-1","84","2439127","813300","-1","-1","2160804","335561","","150","29","0","2370","40","24","151","","21","2959","0","0","0","0","0","0","1","0","0","0","192","0","0","0","0","0","0","0","0","0","0","228","299","13","48","","","","","","","","","0","0","0","0","0","0","0","0","0","0","0","0","0","38","0","0","0","0","0","0","0","0","0","0","1","0","0","0","0","0","0","0","0","0","0","0","0","0","0","0","0","0","0","30","15","0","0","0","0","0","0","0","0","0","0","0","0","0","0","5","1","0","0","0","0","0","0","0","0","0","0","13650","mukeet-ThinkPad-T490-192.168.0.112","1680226082.0664","","","92.0.4515.131","92.0.4515.131","1680226098.6576","https://www.commerce.gov.pk/about-us/us-gsp-guidelines/","www.commerce.gov.pk","https://www.commerce.gov.pk","873","15633","4939.799999997","4939.799999997","host2020312.comsatshosting.com","","n1.comsats.net.pk","android - chrome","Step_1","36991","https://www.commerce.gov.pk/about-us/us-gsp-guidelines/","19062","4946","8202","8202","17929","19062","19062","7013","background-image","https://www.commerce.gov.pk/wp-content/themes/moc/images/footer-bg.png","0","41","1586","1629","1629","1632","1634","4939","4939","4939","5044","5823","6265","6663","6678","17927","15633","15636","15640","8885","4940","6644","6644","0.49586873677911","0.2811743285251","","2524","23362","19843","","6883","230331_0Q_1H","1","1","273921","0","0","0","0","0","1","","256302","315003","6","662940","1726374","69","4648217","492773","27","674128","2182768","57","2182768","0","0","0","402132","5","402132","0","0","0","2182","4","24957","230331_0Q_1H","0","DIV","0",
"14578","14578","19537","373289","221791","5082562","3131320","167","167","103","164","2","1","0","0","0","1","B30109F99E71E916AB466879B9A174C3","14578","14671","6751","6783","https://www.commerce.gov.pk/related-links/pre-feasibility-studies/","25","0","051379A692C6957A092A5FFC2A5ACCFF","https://www.commerce.gov.pk/related-links/pre-feasibility-studies/","5747.1000000015","5747","5914","6575","6695","23","22","2535","16","55","61","67","-1","100","-1","-1","85","-1","84","2438650","813267","-1","-1","2160725","335561","","199","22","1","2086","41","17","128","","15","2555","1","0","0","0","1","0","0","1","0","0","128","0","0","0","1","0","0","0","0","0","0","216","302","16","58","","","","","","","","","0","0","0","0","0","0","0","0","0","0","0","0","0","23","0","0","0","0","0","0","0","0","0","0","0","0","0","0","0","0","0","0","0","0","0","0","0","0","1","0","0","0","0","0","16","0","0","0","2","0","0","0","0","0","0","0","0","0","0","4","1","0","0","0","0","0","1","0","0","0","0","13702","mukeet-ThinkPad-T490-192.168.0.112","1680226137.8754","","","92.0.4515.131","92.0.4515.131","1680226156.4668","https://www.commerce.gov.pk/related-links/pre-feasibility-studies/","www.commerce.gov.pk","https://www.commerce.gov.pk","871","14578","5747.1000000015","5747.1000000015","host2020312.comsatshosting.com","","n1.comsats.net.pk","android - chrome","Step_1","35012","https://www.commerce.gov.pk/related-links/pre-feasibility-studies/","17483","5741","8881","8881","17483","17483","17483","7635","background-image","https://www.commerce.gov.pk/wp-content/themes/moc/images/footer-bg.png","0","45","2573","2613","2613","2620","2621","5747","5747","5747","5913","6574","6696","6751","6784","16656","14578","14578","14672","14676","5747","7163","7163","0.45733825222169","0.1749199660022","","2227","22823","21382","","6095","230331_V4_1J","1","1","298939","0","0","0","0","0","1","","260011","276426","6","624363","1726360","69","4648231","492773","27","674128","2182689","56","2182689","0","0","0","402132","5","402132","0","0","0","2182","4","24957","230331_V4_1J","0","DIV","",
"14788","14788","18883","363847","311391","5116988","3600687","166","166","141","163","2","1","0","0","0","1","B23364EEF9ACBA3055B0A42EDE1AF69E","14788","14792","6737","6752","https://www.commerce.gov.pk/public-complaints/","25","0","01811BE0C4694F5AFFFC865CEC015863","https://www.commerce.gov.pk/public-complaints/","4774.799999997","4775","4955","5591","6689","23","22","1557","10","55","61","67","-1","100","-1","-1","85","-1","84","2440787","814548","-1","-1","2160682","335561","","88","79","0","2174","43","11","134","","35","1295","0","0","0","0","0","0","0","0","0","0","127","0","0","0","0","0","0","0","0","0","0","194","243","4","25","","","","","","","","","0","0","0","0","0","0","0","0","0","0","0","0","0","28","0","0","0","0","0","0","0","0","0","0","1","0","0","0","0","0","0","0","0","0","0","0","0","0","0","0","0","0","0","0","10","0","0","0","4","0","0","0","0","0","0","0","0","0","0","4","2","0","0","0","0","0","0","0","0","0","0","14381","mukeet-ThinkPad-T490-192.168.0.112","1680226192.6236","","","92.0.4515.131","92.0.4515.131","1680226211.2658","https://www.commerce.gov.pk/public-complaints/","www.commerce.gov.pk","https://www.commerce.gov.pk","912","14785","4774.799999997","4774.799999997","host2020312.comsatshosting.com","","n1.comsats.net.pk","android - chrome","Step_1","34805","https://www.commerce.gov.pk/public-complaints/","8588","4775","7206","7206","8588","8588","8588","5722","image","https://www.commerce.gov.pk/wp-content/themes/moc/images/featured-img.jpg","0","45","1577","1639","1639","1643","1644","4774","4774","4774","4955","5591","6689","6737","6752","8467","14785","14788","14792","11567","4775","7199","7199","0.11435451522105","0.10924848453771","16222","2304","22253","16222","16222","4950","230331_1H_1K","1","1","295335","0","0","0","0","0","1","16222","272140","310949","6","658877","1726306","69","4648220","492773","27","674128","2182646","55","2182646","0","0","0","402132","5","402132","0","0","0","2182","4","24957","230331_1H_1K","0","IMG","0",
"15324","15324","20347","368467","225484","5127889","3176683","166","166","103","163","2","1","0","0","0","1","C1500B0A6686408BC9C731CE03C34BEA","15323","15422","7357","7406","https://www.commerce.gov.pk/focal-person-establishment-of-pensioner-cell/","25","0","20FAFD67B4D764D930D5BB9B126277A3","https://www.commerce.gov.pk/focal-person-establishment-of-pensioner-cell/","6323.5","6324","6463","7212","7296","23","22","2817","14","55","61","67","-1","100","-1","-1","85","-1","84","2439779","813550","-1","-1","2160682","335561","","177","41","1","2161","42","15","129","","17","1861","1","0","0","0","1","0","1","0","0","0","138","0","0","0","0","0","0","0","0","0","0","147","284","5","39","","","","","","","","","0","0","0","0","0","0","0","0","0","0","0","0","0","33","0","0","0","0","0","0","0","0","0","0","0","0","0","0","0","0","0","0","0","0","0","0","0","0","0","0","0","0","0","0","19","0","0","0","2","0","0","0","0","0","0","0","0","0","0","3","2","0","0","0","0","","0","0","0","0","0","15229","mukeet-ThinkPad-T490-192.168.0.112","1680226248.3141","","","92.0.4515.131","92.0.4515.131","1680226266.3058","https://www.commerce.gov.pk/focal-person-establishment-of-pensioner-cell/","www.commerce.gov.pk","https://www.commerce.gov.pk","875","15322","6323.5","6323.5","host2020312.comsatshosting.com","","n2.comsats.net.pk","android - chrome","Step_1","35990","https://www.commerce.gov.pk/focal-person-establishment-of-pensioner-cell/","9268","6334","8862","8862","8862","9268","9268","7059","image","https://www.commerce.gov.pk/wp-content/themes/moc/images/featured-img.jpg","0","55","2858","2888","2888","2891","2892","6323","6323","6323","6462","7211","7297","7357","7406","8751","15323","15324","15422","15427","6324","8868","8868","0.091471005582958","0.091441277599572","","2324","23469","20190","","5570","230331_M8_1M","1","1","292520","0","0","0","0","0","1","","253992","321791","6","669725","1726365","69","4648231","492773","27","674128","2182646","55","2182646","0","0","0","402132","5","402132","0","0","0","2182","4","24957","230331_M8_1M","0","IMG","",
"30790","30790","42157","436969","279435","6290369","4225062","197","197","127","193","2","2","0","0","0","1","AFB3D88FF3C155D8302B14D9C99641FD","30790","30871","17100","17173","https://www.commerce.gov.pk/contact-us/","27","0","84F0F7886ED877D1DC43243871AD6010","https://www.commerce.gov.pk/contact-us/","11315.700000003","11316","11316","13472","14844","23","22","2809","79","54","67","59","-1","100","-1","-1","87","-1","83","3388682","1414961","-1","-1","2440723","335561","","103","47","1","2018","42","20","133","","14","1382","0","0","0","0","0","0","0","0","0","0","150","0","0","0","0","0","0","0","0","0","0","191","252","3","20","","","","","","","","","8","0","0","2","0","11","0","0","0","0","0","0","0","23","0","0","0","0","0","0","0","0","0","0","0","0","0","0","0","0","0","0","0","0","0","0","0","0","1","0","0","0","0","9","16","0","0","0","5","0","0","0","0","0","0","0","1","1","0","2","14","1","0","1","0","0","1","0","0","0","0","37684","mukeet-ThinkPad-T490-192.168.0.112","1680226303.5067","","","92.0.4515.131","92.0.4515.131","1680226325.1976","https://www.commerce.gov.pk/contact-us/","www.commerce.gov.pk","https://www.commerce.gov.pk","908","30790","11315.700000003","11315.700000003","host2020312.comsatshosting.com","","n2.comsats.net.pk","android - chrome","Step_1","61286","https://www.commerce.gov.pk/contact-us/","33060","11300","26893","26893","26893","33060","33060","21604","image","https://www.commerce.gov.pk/wp-content/themes/moc/images/featured-img.jpg","0","52","2826","2882","2882","2886","2888","11315","11315","11315","11315","13471","14844","17099","17173","16950","30789","30790","30871","22607","11316","17328","17328","0.10665154657835","0.10662181859496","","2146","45507","43223","","5381","230331_W9_1N","1","1","159865","0","0","0","0","0","1","","150997","258975","8","609301","2666790","83","5733692","494483","29","699260","2463013","64","2463013","0","0","0","402132","5","402132","0","0","0","4976","8","35813","230331_W9_1N","0","IMG","",
"17811","17811","22866","359234","216347","5332116","3380948","165","165","102","162","2","1","0","0","0","1","F7B1B300254D37B24DBC6A125622377B","17810","17955","9495","9553","https://www.commerce.gov.pk/contact-us/telephone-directory/","25","0","E66DDE317417226FFBFE6B9D2ED91FF0","https://www.commerce.gov.pk/contact-us/telephone-directory/","8428.5","8428","8913","9456","9462","23","22","4803","9","56","62","61","-1","100","-1","-1","85","-1","84","2686708","1052223","-1","-1","2107263","320795","","84","54","1","2121","39","17","130","","22","1282","0","0","0","0","0","0","0","0","0","0","105","0","0","0","0","0","0","0","0","0","0","192","252","4","22","","","","","","","","","0","0","0","0","0","0","0","0","0","0","0","0","0","33","0","0","0","0","0","0","0","0","0","0","0","0","0","0","0","0","0","0","0","0","0","0","0","0","0","0","0","0","0","0","24","0","0","0","1","0","0","0","0","0","0","0","0","0","0","4","0","0","0","0","0","0","0","0","0","0","0","18477","mukeet-ThinkPad-T490-192.168.0.112","1680226388.8316","","","92.0.4515.131","92.0.4515.131","1680226405.5192","https://www.commerce.gov.pk/contact-us/telephone-directory/","www.commerce.gov.pk","https://www.commerce.gov.pk","2797","17806","8428.5","8428.5","host2020312.comsatshosting.com","","n2.comsats.net.pk","android - chrome","Step_1","45529","https://www.commerce.gov.pk/contact-us/telephone-directory/","11560","8424","10313","10313","10313","11560","11560","9302","image","https://www.commerce.gov.pk/wp-content/themes/moc/images/featured-img.jpg","0","42","4844","4884","4884","4888","4890","8428","8428","8428","8913","9456","9462","9495","9553","11476","17807","17811","17955","17965","8428","10326","10326","0.12115751998487","0.11993454999432","","2273","26583","25190","","5686","230331_YH_1P","1","1","295195","0","0","0","0","0","1","","259912","579426","6","927364","1726340","69","4648203","492773","27","674128","2129227","53","2129227","0","0","0","402132","5","402132","0","0","0","2218","5","24973","230331_YH_1P","0","IMG","0",
"9749","9749","19923","375619","173571","5128899","2556063","169","169","84","166","2","1","0","0","0","1","687645CA681DB5F28964F1088A956AE9","9750","9827","7512","7544","https://www.commerce.gov.pk/latest-announcements/","25","0","0168C4783FB79C1B67691E0CEC704683","https://www.commerce.gov.pk/latest-announcements/","6507.400000006","6507","6667","7298","7471","23","22","2904","14","54","61","67","-1","100","-1","-1","85","-1","84","2438433","812988","-1","-1","2185135","335561","","169","21","0","2195","42","19","115","","17","2538","1","0","0","0","1","0","1","1","0","1","158","0","0","0","0","0","0","0","0","0","0","158","293","15","49","","","","","","","","","0","0","0","0","0","0","0","0","0","0","1","0","0","29","0","0","0","0","0","0","0","0","0","0","2","0","0","0","0","0","0","0","0","0","0","0","0","0","0","0","0","0","0","10","19","0","1","0","0","0","0","0","0","0","0","0","0","2","0","4","0","0","0","0","0","","0","0","0","0","0","14059","mukeet-ThinkPad-T490-192.168.0.112","1680226453.4364","","","92.0.4515.131","92.0.4515.131","1680226472.0966","https://www.commerce.gov.pk/latest-announcements/","www.commerce.gov.pk","https://www.commerce.gov.pk","833","9750","6507.400000006","6507.400000006","host2020312.comsatshosting.com","","n2.comsats.net.pk","android - chrome","Step_1","36333","https://www.commerce.gov.pk/latest-announcements/","23486","6499","9001","9001","10298","19100","23486","8044","background-image","https://www.commerce.gov.pk/wp-content/themes/moc/images/footer-bg.png","0","42","2923","2983","2984","2990","2991","6507","6507","6507","6667","7297","7471","7511","7543","17830","9749","9749","9826","12586","6507","7730","7730","0.47537036687325","0.17308913117945","","2327","23140","19468","","6126","230331_7S_1Q","1","1","301363","0","0","0","0","0","1","","373420","298376","6","646301","1726337","69","4648190","492773","27","674128","2207099","58","2207099","0","0","0","402132","5","402132","0","0","0","2182","4","24957","230331_7S_1Q","0","DIV","",
"16724","16724","21993","392967","250098","5294527","3343357","177","177","114","174","2","1","0","0","0","1","AB6F6DEEFE568573C25D0B2F9177FA62","16723","16816","8170","8206","https://www.commerce.gov.pk/about-us/trade-agreements/","24","0","F6CE85B7844F675B1806B9E917BE312F","https://www.commerce.gov.pk/about-us/trade-agreements/","7351.5","7351","7546","8067","8125","23","22","3476","22","51","57","67","-1","100","-1","-1","79","-1","74","2448949","822094","-1","-1","2423151","532846","","193","38","1","2365","29","9","132","","16","2158","0","0","0","0","0","0","0","0","0","0","143","0","0","0","0","0","0","0","0","0","0","219","303","3","43","","","","","","","","","0","0","0","0","0","0","0","0","0","0","0","0","0","36","0","0","0","0","0","0","0","0","0","0","0","0","0","0","0","0","0","0","0","0","0","0","0","0","1","0","0","0","0","0","8","0","0","0","1","0","0","0","0","0","0","0","0","0","0","3","0","0","0","0","0","","1","0","0","0","0","16287","mukeet-ThinkPad-T490-192.168.0.112","1680226509.5939","","","92.0.4515.131","92.0.4515.131","1680226527.7123","https://www.commerce.gov.pk/about-us/trade-agreements/","www.commerce.gov.pk","https://www.commerce.gov.pk","979","16720","7351.5","7351.5","host2020312.comsatshosting.com","","n2.comsats.net.pk","android - chrome","Step_1","39720","https://www.commerce.gov.pk/about-us/trade-agreements/","11168","7358","9636","9636","9636","11168","11168","8432","image","https://www.commerce.gov.pk/wp-content/themes/moc/images/featured-img.jpg","0","49","3495","3558","3558","3561","3563","7351","7351","7351","7546","8067","8126","8170","8206","11080","16721","16724","16817","16821","7351","9636","9636","0.11278514622859","0.10948607161296","","2445","25240","23903","","6105","230331_YR_1R","1","1","285927","0","0","0","0","0","1","","252366","303151","6","651086","1726334","69","4648211","492773","27","674128","2445115","67","2445115","0","0","0","324972","4","324972","0","0","0","2182","4","24957","230331_YR_1R","1","IMG","",
"9689","9689","19980","371637","169673","5169082","2596263","168","168","83","165","2","1","0","0","0","1","559B77E660C0EFBEABFBC1B575BCECF3","9689","9780","7524","7557","https://www.commerce.gov.pk/trade-statistics/","24","0","E97E2926FD246F0976552A174AC215DF","https://www.commerce.gov.pk/trade-statistics/","6662.6000000015","6663","6826","7621","7463","23","22","3152","14","54","61","67","-1","100","-1","-1","85","-1","84","2437849","812148","-1","-1","2160804","335561","","185","28","1","2151","39","13","116","","2","2615","0","0","0","0","0","0","0","0","0","0","142","0","0","0","0","0","0","0","0","0","0","149","304","8","50","","","","","","","","","0","0","0","0","0","0","0","0","0","0","0","0","0","35","0","0","0","0","0","0","0","0","0","0","1","0","0","0","0","0","0","0","0","0","0","0","0","0","0","0","0","0","0","0","3","0","1","0","2","0","0","0","0","0","0","0","0","0","0","3","","0","0","0","0","","2","0","0","0","0","14131","mukeet-ThinkPad-T490-192.168.0.112","1680226569.6914","","","92.0.4515.131","92.0.4515.131","1680226586.362","https://www.commerce.gov.pk/trade-statistics/","www.commerce.gov.pk","https://www.commerce.gov.pk","831","9689","6662.6000000015","6662.6000000015","host2020312.comsatshosting.com","","n2.comsats.net.pk","android - chrome","Step_1","35859","https://www.commerce.gov.pk/trade-statistics/","9729","6659","9203","9203","9203","9729","9729","7804","background-image","https://www.commerce.gov.pk/wp-content/themes/moc/images/footer-bg.png","0","50","3192","3240","3240","3243","3244","6662","6662","6662","6826","7620","7463","7524","7557","17876","9689","9689","9780","12286","6663","7871","7871","0.22854216330123","0.10700588888601","","2379","23024","19440","","6392","230331_JH_1S","1","1","307171","0","0","0","0","0","1","","397164","362892","6","710814","1726335","69","4648210","492773","27","674128","2182768","57","2182768","0","0","0","402132","5","402132","0","0","0","2182","4","24957","230331_JH_1S","0","DIV","",
"9525","9525","19782","368497","177179","5209236","2636519","169","169","86","166","2","1","0","0","0","1","962A8BAD637EC6BB30AA325F42869C85","9525","9581","7440","7456","https://www.commerce.gov.pk/tariff/","24","0","50635660D0671BF8B2DD4406601105FD","https://www.commerce.gov.pk/tariff/","6220.3999999985","6220","6380","7030","6992","23","22","2797","8","54","60","67","-1","100","-1","-1","85","-1","84","2447253","819250","-1","-1","2185760","335561","","190","42","1","2239","41","17","132","","13","1893","0","0","0","0","0","0","0","0","0","0","161","0","0","0","0","0","0","0","0","0","0","215","295","8","48","","","","","","","","","0","0","0","0","0","0","0","0","0","0","0","0","0","22","0","0","0","0","0","0","0","0","0","0","1","0","0","0","0","0","0","0","0","0","0","0","0","1","0","0","0","0","0","0","14","0","0","0","4","0","0","0","0","0","0","0","0","0","0","2","0","0","0","0","0","","0","0","0","0","0","14439","mukeet-ThinkPad-T490-192.168.0.112","1680226623.4128","","","92.0.4515.131","92.0.4515.131","1680226640.3744","https://www.commerce.gov.pk/tariff/","www.commerce.gov.pk","https://www.commerce.gov.pk","920","9525","6220.3999999985","6220.3999999985","host2020312.comsatshosting.com","","n2.comsats.net.pk","android - chrome","Step_1","36248","https://www.commerce.gov.pk/tariff/","23351","6209","8650","8650","9360","10537","23351","7164","image","https://www.commerce.gov.pk/wp-content/themes/moc/images/featured-img.jpg","0","36","2816","2877","2877","2881","2882","6220","6220","6220","6380","7029","6992","7440","7456","9462","9525","9525","9582","12384","6220","8564","8564","0.11044076881293","0.11041104082954","","2345","22988","18629","","5488","230331_PX_1T","1","1","306696","0","0","0","0","0","1","","391872","375074","6","722999","1729351","70","4651187","492773","27","674128","2207724","57","2207724","0","0","0","402132","5","402132","0","0","0","2182","4","24957","230331_PX_1T","4","IMG","",
