"loadTime","docTime","fullyLoaded","bytesOut","bytesOutDoc","bytesIn","bytesInDoc","requests","requestsFull","requestsDoc","responses_200","responses_404","responses_other","result","testStartOffset","cached","optimization_checked","main_frame","loadEventStart","loadEventEnd","domContentLoadedEventStart","domContentLoadedEventEnd","URL","connections","final_base_page_request","final_base_page_request_id","final_url","domInteractive","firstPaint","firstContentfulPaint","firstImagePaint","firstMeaningfulPaint","renderBlockingCSS","renderBlockingJS","TTFB","basePageSSLTime","score_cache","score_cdn","score_gzip","score_cookies","score_keep-alive","score_minify","score_combine","score_compress","score_etags","score_progressive_jpeg","gzip_total","gzip_savings","minify_total","minify_savings","image_total","image_savings","base_page_cdn","cpu.UpdateLayerTree","cpu.EventDispatch","cpu.CommitLoad","cpu.EvaluateScript","cpu.v8.compile","cpu.ParseHTML","cpu.ResourceFetcher::requestResource","cpu.ParseAuthorStyleSheet","cpu.FunctionCall","cpu.UpdateLayoutTree","cpu.MarkDOMContent","cpu.MarkLoad","cpu.Layout","cpu.IntersectionObserverController::computeIntersections","cpu.Paint","cpu.largestContentfulPaint::Candidate","cpu.ResourceChangePriority","cpu.HitTest","cpu.MinorGC","cpu.V8.GC_HEAP_PROLOGUE","cpu.V8.GC_HEAP_EXTERNAL_PROLOGUE","cpu.V8.GC_SCAVENGER_COMPLETE_SWEEP_ARRAY_BUFFERS","cpu.V8.GC_SCAVENGER","cpu.V8.GC_TIME_TO_SAFEPOINT","cpu.V8.GC_HEAP_PROLOGUE_SAFEPOINT","cpu.V8.GC_SCAVENGER_SCAVENGE","cpu.V8.GC_SCAVENGER_SCAVENGE_WEAK_GLOBAL_HANDLES_IDENTIFY","cpu.V8.GC_SCAVENGER_SCAVENGE_ROOTS","cpu.V8.GC_SCAVENGER_SCAVENGE_PARALLEL","cpu.V8.GC_SCAVENGER_SCAVENGE_WEAK_GLOBAL_HANDLES_PROCESS","cpu.V8.GC_SCAVENGER_SCAVENGE_FINALIZE","cpu.V8.GC_SCAVENGER_SCAVENGE_UPDATE_REFS","cpu.V8.GC_SCAVENGER_FREE_REMEMBERED_SET","cpu.V8.GC_SCAVENGER_SWEEP_ARRAY_BUFFERS","cpu.V8.GC_HEAP_EXTERNAL_WEAK_GLOBAL_HANDLES","cpu.V8.GC_HEAP_EPILOGUE_SAFEPOINT","cpu.V8.GC_HEAP_EPILOGUE_REDUCE_NEW_SPACE","cpu.V8.GC_HEAP_EXTERNAL_EPILOGUE","cpu.V8.GC_HEAP_EPILOGUE","cpu.V8.GC_MC_COMPLETE_SWEEPING","cpu.V8.GC_MC_COMPLETE_SWEEP_ARRAY_BUFFERS","cpu.V8.GC_MC_INCREMENTAL_START","cpu.V8.GC_MC_INCREMENTAL_EXTERNAL_PROLOGUE","cpu.V8.GC_MC_INCREMENTAL_EMBEDDER_PROLOGUE","cpu.BlinkGC.IncrementalMarkingStartMarking","cpu.BlinkGC.VisitRoots","cpu.V8.GC_MC_INCREMENTAL_EXTERNAL_EPILOGUE","cpu.BlinkGC.IncrementalMarkingStep","cpu.BlinkGC.IncrementalMarkingWithDeadline","cpu.BlinkGC.MarkProcessWorklists","cpu.BlinkGC.MarkBailOutObjects","cpu.BlinkGC.MarkFlushV8References","cpu.BlinkGC.MarkProcessNotFullyconstructeddWorklist","cpu.BlinkGC.MarkProcessMarkingWorklist","cpu.BlinkGC.MarkProcessWriteBarrierWorklist","cpu.V8.GC_MC_INCREMENTAL","cpu.V8.GC_MC_INCREMENTAL_EMBEDDER_TRACING","cpu.BlinkGC.UnifiedMarkingStep","cpu.MajorGC","cpu.V8.GC_MC_INCREMENTAL_FINALIZE","cpu.V8.GC_MC_INCREMENTAL_FINALIZE_BODY","cpu.BlinkGC.MarkFlushEphemeronPairs","cpu.V8.GC_MARK_COMPACTOR","cpu.V8.GC_MC_PROLOGUE","cpu.V8.GC_MC_MARK","cpu.V8.GC_MC_MARK_FINISH_INCREMENTAL","cpu.BlinkGC.AtomicPauseMarkPrologue","cpu.BlinkGC.AtomicPauseMarkRoots","cpu.V8.GC_MC_MARK_ROOTS","cpu.V8.GC_MC_MARK_MAIN","cpu.V8.GC_MC_MARK_WEAK_CLOSURE","cpu.V8.GC_MC_MARK_EMBEDDER_TRACING_CLOSURE","cpu.V8.GC_MC_MARK_EMBEDDER_TRACING","cpu.BlinkGC.AtomicPauseMarkTransitiveClosure","cpu.BlinkGC.MarkInvokeEphemeronCallbacks","cpu.V8.GC_MC_MARK_WEAK_CLOSURE_EPHEMERON","cpu.V8.GC_MC_MARK_WEAK_CLOSURE_EPHEMERON_MARKING","cpu.V8.GC_MC_MARK_WEAK_CLOSURE_WEAK_HANDLES","cpu.V8.GC_MC_MARK_WEAK_CLOSURE_WEAK_ROOTS","cpu.V8.GC_MC_MARK_WEAK_CLOSURE_HARMONY","cpu.V8.GC_MC_CLEAR","cpu.V8.GC_MC_CLEAR_STRING_TABLE","cpu.V8.GC_MC_CLEAR_FLUSHABLE_BYTECODE","cpu.V8.GC_MC_CLEAR_FLUSHED_JS_FUNCTIONS","cpu.V8.GC_MC_CLEAR_WEAK_LISTS","cpu.V8.GC_MC_CLEAR_MAPS","cpu.V8.GC_MC_CLEAR_WEAK_REFERENCES","cpu.V8.GC_MC_CLEAR_WEAK_COLLECTIONS","cpu.V8.GC_MC_SWEEP","cpu.V8.GC_MC_EVACUATE","cpu.V8.GC_MC_EVACUATE_PROLOGUE","cpu.V8.GC_MC_EVACUATE_COPY","cpu.V8.GC_MC_EVACUATE_COPY_PARALLEL","cpu.V8.GC_MC_EVACUATE_UPDATE_POINTERS","cpu.V8.GC_MC_EVACUATE_UPDATE_POINTERS_TO_NEW_ROOTS","cpu.V8.GC_MC_EVACUATE_UPDATE_POINTERS_SLOTS_MAIN","cpu.V8.GC_MC_EVACUATE_UPDATE_POINTERS_PARALLEL","cpu.V8.GC_MC_EVACUATE_UPDATE_POINTERS_WEAK","cpu.V8.GC_MC_EVACUATE_REBALANCE","cpu.V8.GC_MC_EVACUATE_CLEAN_UP","cpu.V8.GC_MC_EVACUATE_EPILOGUE","cpu.V8.GC_MC_FINISH","cpu.V8.GC_MC_FINISH_SWEEP_ARRAY_BUFFERS","cpu.V8.GC_MC_EPILOGUE","cpu.V8.GC_HEAP_EMBEDDER_TRACING_EPILOGUE","cpu.BlinkGC.AtomicPauseMarkEpilogue","cpu.BlinkGC.AtomicPauseSweepAndCompact","cpu.BlinkGC.LazySweepOnAllocation","cpu.BlinkGC.LazySweepInIdle","cpu.XHRReadyStateChange","cpu.TimerFire","cpu.V8.GC_MC_MARK_EMBEDDER_PROLOGUE","cpu.FireAnimationFrame","cpu.XHRLoad","cpu.Idle","tester","start_epoch","osVersion","os_version","browserVersion","browser_version","date","document_URL","document_hostname","document_origin","domElements","domComplete","PerformancePaintTiming.first-paint","PerformancePaintTiming.first-contentful-paint","base_page_ip_ptr","base_page_cname","base_page_dns_server","browser_name","eventName","test_run_time_ms","testUrl","lastVisualChange","render","visualComplete85","visualComplete90","visualComplete95","visualComplete99","visualComplete","SpeedIndex","LargestContentfulPaintType","LargestContentfulPaintNodeType","LargestContentfulPaintImageURL","chromeUserTiming.navigationStart","chromeUserTiming.fetchStart","chromeUserTiming.responseEnd","chromeUserTiming.unloadEventStart","chromeUserTiming.unloadEventEnd","chromeUserTiming.commitNavigationEnd","chromeUserTiming.domLoading","chromeUserTiming.domInteractive","chromeUserTiming.domContentLoadedEventStart","chromeUserTiming.domContentLoadedEventEnd","chromeUserTiming.firstPaint","chromeUserTiming.firstContentfulPaint","chromeUserTiming.firstImagePaint","chromeUserTiming.firstMeaningfulPaintCandidate","chromeUserTiming.firstMeaningfulPaint","chromeUserTiming.LayoutShift","chromeUserTiming.domComplete","chromeUserTiming.loadEventStart","chromeUserTiming.loadEventEnd","chromeUserTiming.LargestTextPaint","chromeUserTiming.LargestContentfulPaint","chromeUserTiming.LargestImagePaint","chromeUserTiming.TotalLayoutShift","chromeUserTiming.CumulativeLayoutShift","FirstInteractive","maxFID","TTIMeasurementEnd","LastInteractive","FirstCPUIdle","TotalBlockingTime","testID","run","step","effectiveBps","domTime","aft","titleTime","domLoading","server_rtt","edge-processed","effectiveBpsDoc","bytes.html","requests.html","bytesUncompressed.html","bytes.js","requests.js","bytesUncompressed.js","bytes.css","requests.css","bytesUncompressed.css","bytes.image","requests.image","bytesUncompressed.image","bytes.flash","requests.flash","bytesUncompressed.flash","bytes.font","requests.font","bytesUncompressed.font","bytes.video","requests.video","bytesUncompressed.video","bytes.other","requests.other","bytesUncompressed.other","id","cpu.BlinkGC.CompleteSweep","chromeUserTiming.InteractiveTime","TimeToInteractive",
"25041","25041","27524","87762","76382","8365225","8365063","39","39","35","37","0","2","0","0","0","1","3B35871C4055CAD5D4B92B0FF6DF9FF1","25041","25055","5761","5770","https://www.rescue.gov.pk/","6","0","539D0633A582BA90106EC065ECCD97FD","https://www.rescue.gov.pk/","5761","6020.3000000007","6020","6020","6020","2","4","4791","1693","25","47","33","-1","100","-1","-1","96","-1","0","3193725","2158479","-1","-1","5172582","235616","","38","4","0","193","784","8","67","82","824","11","0","0","60","14","40","0","0","4","0","0","0","0","0","0","0","0","0","0","0","0","0","0","0","0","0","0","0","0","0","0","0","5","0","0","0","0","0","2","1","1","0","0","0","3","0","1","0","0","1","0","0","0","0","0","0","0","0","0","0","21","0","0","0","0","0","0","0","0","0","0","0","0","0","0","0","0","0","0","0","0","0","0","0","0","0","0","0","0","0","0","0","0","0","0","0","0","0","4","2","52","107","0","0","8","25182","mukeet-ThinkPad-T490-192.168.0.112","1680190581.4375","","","92.0.4515.131","92.0.4515.131","1680190597.1163","https://www.rescue.gov.pk/","www.rescue.gov.pk","https://www.rescue.gov.pk","246","25041","6020.3000000007","6020.3000000007","viola.superdnssite.com","","ns2.rescue.gov.pk","android - chrome","Step_1","41730","https://www.rescue.gov.pk/","30936","6008","30936","30936","30936","30936","30936","12881","image","IMG","https://www.rescue.gov.pk/Images/CenterImage/New1.PNG","0","55","4802","4872","4872","4875","4877","5762","5762","5771","6020","6020","6020","6020","6020","30090","25041","25041","25055","6020","8378","8378","0.19711766212866","0.16632171634279","6008","695","30773","27173","6008","1983","230330_R3_CY","1","1","367977","0","0","0","0","0","1","413089","35866","5","101062","2688024","7","2766029","437567","2","604962","5172582","20","5172582","0","0","0","0","0","0","0","0","0","31186","5","67475","230330_R3_CY","","","",
"20543","20543","23027","88518","81751","8369411","8369249","39","39","37","37","0","2","0","0","0","1","14C730D6A5FD0F35B94509923F53DB47","20543","20550","875","884","https://www.rescue.gov.pk/Default.aspx","6","0","61D8AAC5249E8F1F8B7D7DC1613DF99C","https://www.rescue.gov.pk/Default.aspx","875","1116.799999997","1117","1117","1117","2","4","368","15","25","47","33","-1","100","-1","-1","96","-1","0","3197911","2161262","-1","-1","5172582","235616","","35","4","1","194","735","14","60","89","740","6","0","0","59","20","48","0","0","5","0","0","0","0","0","0","0","0","0","0","8","0","0","0","0","0","0","0","0","0","0","0","0","1","0","0","0","0","0","0","0","0","1","0","0","8","0","0","0","0","1","0","0","0","1","0","0","0","0","0","0","18","0","0","0","0","0","0","0","0","0","0","0","0","0","0","0","0","0","0","0","0","0","0","11","0","1","0","0","0","0","0","0","0","0","0","1","0","1","2","5","63","133","0","0","4","20753","mukeet-ThinkPad-T490-192.168.0.112","1680190639.9964","","","92.0.4515.131","92.0.4515.131","1680190657.0047","https://www.rescue.gov.pk/Default.aspx","www.rescue.gov.pk","https://www.rescue.gov.pk","246","20543","1116.799999997","1116.799999997","viola.superdnssite.com","","ns1.rescue.gov.pk","android - chrome","Step_1","35216","https://www.rescue.gov.pk/Default.aspx","26497","1124","26016","26497","26497","26497","26497","8088","image","IMG","https://www.rescue.gov.pk/Images/CenterImage/New1.PNG","0","44","380","443","443","446","447","875","875","884","1116","1116","1116","1116","1116","25588","20543","20543","20550","1117","4152","4152","0.19711766212866","0.16109157233714","1124","118","26303","22656","1124","123","230330_SZ_CZ","1","1","369363","0","0","0","0","0","1","414832","36475","5","102274","2691837","7","2769842","437537","2","604932","5172582","20","5172582","0","0","0","0","0","0","0","0","0","30980","5","67203","230330_SZ_CZ","0","12271","12271",
"1444","1444","1910","18029","13659","153788","141530","8","8","6","8","0","0","0","0","0","1","D25120E94839EA876FFBA375DC1F7F32","1444","1448","1425","1431","https://www.rescue.gov.pk/Introduction.aspx","3","0","5A9130D7029629BB2B232446D17D4DC6","https://www.rescue.gov.pk/Introduction.aspx","1424","1639.4000000022","1639","1639","1639","1","1","581","15","71","29","100","-1","100","-1","-1","70","-1","0","141530","0","-1","-1","12258","3785","","2","0","0","46","168","5","41","35","14","13","0","0","38","0","2","0","","0","0","0","0","0","0","0","0","0","0","0","2","0","0","0","0","0","0","0","0","0","0","0","0","0","0","0","0","","","","","","","","","","","","","","","","","","","","","","","","","","","","","","","","","","","","","","","","","","","","","","","","","","","","","","","","","","","","","","","","","","","","","","1543","mukeet-ThinkPad-T490-192.168.0.112","1680190694.3701","","","92.0.4515.131","92.0.4515.131","1680190711.309","https://www.rescue.gov.pk/Introduction.aspx","www.rescue.gov.pk","https://www.rescue.gov.pk","122","1444","1639.4000000022","1639.4000000022","viola.superdnssite.com","","ns1.rescue.gov.pk","android - chrome","Step_1","12657","https://www.rescue.gov.pk/Introduction.aspx","5243","1604","1604","1905","2266","5141","5243","1764","text","DIV","","0","49","615","660","660","664","665","1424","1424","1431","1639","1639","1639","1639","1639","","1443","1444","1448","1639","1639","1950","0","0","","0","5122","1604","","0","230330_R8_D0","1","1","115717","0","0","0","0","0","1","163997","4457","1","14927","109567","4","524740","27506","1","194901","12258","2","12258","0","0","0","0","0","0","0","0","0","0","0","0","230330_R8_D0","","","",
"1547","1547","2068","17993","13635","153457","141199","8","8","6","8","0","0","0","0","0","1","28EBA9514B72A70EBF2D38D54A0654F8","1547","1551","1524","1532","https://www.rescue.gov.pk/RescueOath.aspx","3","0","B25B4856ECF5FE83FA0DAB9194763A46","https://www.rescue.gov.pk/RescueOath.aspx","1524","1742.5","1742","1742","1742","1","1","633","15","71","29","100","-1","100","-1","-1","70","-1","0","141199","0","-1","-1","12258","3785","","3","2","0","49","192","5","31","33","16","17","0","0","40","0","2","0","0","0","0","0","0","0","0","0","0","0","0","0","2","0","0","0","0","0","0","0","0","0","0","0","0","0","0","0","0","0","0","0","0","0","0","0","0","0","0","0","0","0","0","0","0","0","0","0","0","0","0","0","0","0","0","0","0","0","0","0","0","0","0","0","0","0","0","0","0","0","0","0","0","0","0","0","0","0","0","","","","","","","","","","","","","","","","","","","","1675","mukeet-ThinkPad-T490-192.168.0.112","1680190725.008","","","92.0.4515.131","92.0.4515.131","1680190743.0343","https://www.rescue.gov.pk/RescueOath.aspx","www.rescue.gov.pk","https://www.rescue.gov.pk","129","1547","1742.5","1742.5","viola.superdnssite.com","","ns1.rescue.gov.pk","android - chrome","Step_1","13368","https://www.rescue.gov.pk/RescueOath.aspx","5442","1756","1756","2101","2441","3636","5442","1898","text","LI","","0","43","644","717","717","721","722","1524","1524","1532","1742","1742","1742","1742","1742","","1547","1547","1551","1742","1742","2121","0","0","","0","5263","1756","","0","230330_A3_D1","1","1","106938","0","0","0","0","0","1","154484","4126","1","13949","109567","4","524740","27506","1","194901","12258","2","12258","0","0","0","0","0","0","0","0","0","0","0","0","230330_A3_D1","","","",
"1560","1560","2785","20220","13659","627318","140605","9","9","6","9","0","0","0","0","0","1","9F51AA5ED136EF67B3786C566F1E4E12","1560","1564","1537","1546","https://www.rescue.gov.pk/OrgStructure.aspx","3","0","15F8C579E7B269A080CBB1588F7C8C16","https://www.rescue.gov.pk/OrgStructure.aspx","1537","1735.1999999993","1735","1735","1735","1","1","675","9","62","25","100","-1","100","-1","-1","100","-1","98","140605","0","-1","-1","486713","3785","","4","1","0","50","175","5","28","38","18","13","0","0","36","0","9","0","0","0","0","0","0","0","0","0","0","0","0","0","3","0","0","0","0","0","0","0","0","0","0","0","0","0","0","0","0","0","0","0","0","0","0","0","0","0","0","0","0","0","0","0","0","0","0","0","0","0","0","0","0","0","0","0","0","0","0","0","0","0","0","0","0","0","0","0","0","0","0","0","0","0","0","0","0","0","0","0","0","0","0","0","0","0","0","0","0","0","0","0","0","","","","","","2403","mukeet-ThinkPad-T490-192.168.0.112","1680190758.4841","","","92.0.4515.131","92.0.4515.131","1680190774.4955","https://www.rescue.gov.pk/OrgStructure.aspx","www.rescue.gov.pk","https://www.rescue.gov.pk","113","1560","1735.1999999993","1735.1999999993","viola.superdnssite.com","","ns1.rescue.gov.pk","android - chrome","Step_1","14907","https://www.rescue.gov.pk/OrgStructure.aspx","6144","1741","3459","3459","3459","4933","6144","2132","image","IMG","https://www.rescue.gov.pk/Images/structure.jpg","0","39","686","760","761","764","765","1537","1538","1547","1735","1735","1735","1735","1735","2737","1560","1560","1564","1735","3453","3453","0.20661424324748","0.20661424324748","","0","5800","1741","","0","230330_36_D2","1","1","297307","0","0","0","0","0","1","158875","3532","1","12565","109567","4","524740","27506","1","194901","486713","3","486713","0","0","0","0","0","0","0","0","0","0","0","0","230330_36_D2","","","",
"1428","1428","6499","26643","13599","458154","141733","12","12","6","12","0","0","0","0","0","1","F43D8E2BB853F8209DF59A58B97942C3","1428","1440","1394","1403","https://www.rescue.gov.pk/Academy.aspx","3","0","782B2BEFD51BD11FCD265F6859AEC07C","https://www.rescue.gov.pk/Academy.aspx","1393","1638.3999999985","1638","1638","1638","1","1","561","20","45","18","100","-1","100","-1","-1","83","-1","0","141733","0","-1","-1","316421","56870","","11","2","0","42","190","8","34","33","42","23","0","0","43","5","16","0","0","3","0","0","0","0","0","0","0","0","0","0","2","0","0","0","0","0","0","0","0","0","0","0","0","1","0","0","8","1","0","0","1","0","0","0","0","3","0","0","0","0","0","0","0","0","0","0","0","0","0","0","0","0","0","0","0","0","0","0","0","0","0","0","0","0","0","0","0","0","0","0","0","0","0","0","7","0","3","0","0","0","0","0","0","0","0","0","0","1","2","0","5","","0","","","","6014","mukeet-ThinkPad-T490-192.168.0.112","1680190790.4631","","","92.0.4515.131","92.0.4515.131","1680190808.4337","https://www.rescue.gov.pk/Academy.aspx","www.rescue.gov.pk","https://www.rescue.gov.pk","143","1428","1638.3999999985","1638.3999999985","viola.superdnssite.com","","ns1.rescue.gov.pk","android - chrome","Step_1","19331","https://www.rescue.gov.pk/Academy.aspx","9840","1636","7022","7022","7022","9840","9840","3210","text","P","","0","46","600","626","626","629","630","1393","1393","1402","1638","1638","1638","1638","1638","3467","1428","1428","1440","1638","1638","3572","0.23604487959957","0.23604487959957","1636","0","7116","1636","1636","0","230330_DA_D3","1","1","77156","0","0","0","0","0","1","163475","4660","1","17102","109567","4","524740","27506","1","194901","316421","6","316421","0","0","0","0","0","0","0","0","0","0","0","0","230330_DA_D3","","1638","1636",
"1541","1541","2201","18011","13647","159291","147033","8","8","6","8","0","0","0","0","0","1","52F44EA85C0CF0921AF68F26FD5CD2E4","1541","1545","1487","1495","https://www.rescue.gov.pk/Performance.aspx","3","0","BE8FCE11D0D91F45B44169D4B0672D33","https://www.rescue.gov.pk/Performance.aspx","1487","1799.3000000007","1799","1799","1799","1","1","605","15","71","29","100","-1","100","-1","-1","70","-1","0","147033","0","-1","-1","12258","3785","","9","2","0","49","194","15","28","42","17","46","0","0","75","0","31","0","0","0","0","0","0","0","0","0","0","0","0","0","2","0","0","0","0","0","0","0","0","0","0","0","0","0","0","0","0","0","0","0","0","0","0","0","0","0","0","0","0","0","0","0","0","0","0","0","0","0","0","0","0","0","0","0","0","0","0","0","0","0","0","0","0","0","0","0","0","0","0","0","0","0","0","0","0","0","0","0","0","0","0","0","0","0","0","0","0","0","0","0","","","","","","","1691","mukeet-ThinkPad-T490-192.168.0.112","1680190829.838","","","92.0.4515.131","92.0.4515.131","1680190846.3233","https://www.rescue.gov.pk/Performance.aspx","www.rescue.gov.pk","https://www.rescue.gov.pk","627","1541","1799.3000000007","1799.3000000007","viola.superdnssite.com","","ns2.rescue.gov.pk","android - chrome","Step_1","18176","https://www.rescue.gov.pk/Performance.aspx","5791","1795","1795","2301","2301","2810","5791","1920","text","DIV","","0","45","618","705","705","708","709","1487","1488","1496","1799","1799","1799","1799","1799","","1541","1541","1545","1799","1799","2327","0","0","","0","5229","1795","","0","230330_D2_D4","1","1","99806","0","0","0","0","0","1","157086","9960","1","39637","109567","4","524740","27506","1","194901","12258","2","12258","0","0","0","0","0","0","0","0","0","0","0","0","230330_D2_D4","0","","",
"1815","1815","6766","20277","13683","1120554","140576","9","9","6","9","0","0","0","0","0","1","21B56D4E8E5FBC0206A0867808A6D613","1814","1818","1794","1802","https://www.rescue.gov.pk/TraumaRegistry.aspx","3","0","36B0C70CD9F0AA91A7D9766F38ABBE1B","https://www.rescue.gov.pk/TraumaRegistry.aspx","1793","1975.0999999978","1975","1975","1975","1","1","532","51","62","25","100","-1","100","-1","-1","37","-1","0","140576","0","-1","-1","979978","625491","","5","2","0","66","201","12","44","46","27","17","0","0","38","1","7","0","0","1","0","0","0","0","0","0","0","0","0","0","3","0","0","0","0","0","0","0","0","0","0","0","0","0","0","0","0","0","0","0","0","0","0","0","0","1","0","6","0","0","0","0","0","0","0","0","0","0","0","0","0","0","0","0","0","0","0","0","0","0","0","0","0","1","0","0","0","0","0","0","0","0","0","0","6","0","1","0","0","0","0","0","0","0","0","0","0","0","0","0","","","","","","","6273","mukeet-ThinkPad-T490-192.168.0.112","1680190865.599","","","92.0.4515.131","92.0.4515.131","1680190884.1795","https://www.rescue.gov.pk/TraumaRegistry.aspx","www.rescue.gov.pk","https://www.rescue.gov.pk","111","1814","1975.0999999978","1975.0999999978","viola.superdnssite.com","","ns2.rescue.gov.pk","android - chrome","Step_1","27334","https://www.rescue.gov.pk/TraumaRegistry.aspx","10270","1978","7758","7758","8547","9542","10270","5220","image","IMG","https://www.rescue.gov.pk/Images/TraumaRegistry.jpg","0","39","543","610","610","614","616","1794","1794","1802","1975","1975","1975","1975","1975","5918","1815","1815","1819","1975","7754","7754","0.41757342842686","0.41757342842686","1978","0","7776","1978","1978","0","230330_7Z_D5","1","1","179748","0","0","0","0","0","1","109568","3503","1","12438","109567","4","524740","27506","1","194901","979978","3","979978","0","0","0","0","0","0","0","0","0","0","0","0","230330_7Z_D5","6","","1978",
"2081","2081","2716","18065","13683","162735","150477","8","8","6","8","0","0","0","0","0","1","DA45E3DA72F333C29A7610451B664C48","2081","2086","2047","2053","https://www.rescue.gov.pk/LegislationLaw.aspx","3","0","F565B428CFF0D15D3F23085BBE1D4C3F","https://www.rescue.gov.pk/LegislationLaw.aspx","2046","2363","2363","2363","2363","1","1","737","36","71","29","100","-1","100","-1","-1","70","-1","0","150477","0","-1","-1","12258","3785","","10","0","0","46","197","9","43","36","11","27","0","0","115","0","3","0","0","0","0","0","0","0","0","0","0","0","0","0","2","0","0","0","0","0","0","0","0","0","0","0","0","0","0","0","0","0","0","0","0","0","0","0","0","0","0","0","0","0","0","0","0","0","0","0","0","0","0","0","0","0","0","0","0","0","0","0","0","0","0","0","0","0","0","0","0","0","0","0","0","0","0","0","0","0","0","0","0","0","0","0","0","0","0","0","0","0","0","0","0","","","","","","2215","mukeet-ThinkPad-T490-192.168.0.112","1680190913.8402","","","92.0.4515.131","92.0.4515.131","1680190935.2738","https://www.rescue.gov.pk/LegislationLaw.aspx","www.rescue.gov.pk","https://www.rescue.gov.pk","583","2081","2363","2363","viola.superdnssite.com","","ns2.rescue.gov.pk","android - chrome","Step_1","17635","https://www.rescue.gov.pk/LegislationLaw.aspx","6321","2356","2356","2779","3001","5210","6321","2489","text","P","","0","42","791","838","838","842","843","2046","2046","2053","2363","2363","2363","2363","2363","","2081","2081","2085","2363","2363","2777","0","0","","0","5731","2356","","0","230330_E1_D6","1","1","82230","0","0","0","0","0","1","111962","13404","1","62715","109567","4","524740","27506","1","194901","12258","2","12258","0","0","0","0","0","0","0","0","0","0","0","0","230330_E1_D6","","","",
"1444","1444","1972","17975","13623","152854","140596","11","11","6","8","0","3","0","0","0","1","5ED0C7A03D3A09FC8C558C8BB2576B82","1445","1449","1422","1432","https://www.rescue.gov.pk/csact2021.aspx","3","0","520FD7F660543D090E8557738CA3FA69","https://www.rescue.gov.pk/csact2021.aspx","1422","1623.1000000015","1623","1623","","1","1","535","15","71","29","100","-1","100","-1","-1","70","-1","0","140596","0","-1","-1","12258","3785","","2","2","0","54","180","8","32","40","19","15","0","0","36","0","1","0","0","0","0","0","0","0","0","0","0","0","0","0","2","0","0","0","0","0","0","0","0","0","0","0","0","0","0","0","0","0","0","0","0","0","0","0","0","0","0","0","0","0","0","0","0","0","0","0","0","0","0","0","0","0","0","0","0","0","0","0","0","0","0","0","0","0","0","0","0","0","0","0","0","0","0","0","0","0","0","0","0","0","0","0","0","0","0","0","0","0","0","0","0","","","","","","1580","mukeet-ThinkPad-T490-192.168.0.112","1680190953.962","","","92.0.4515.131","92.0.4515.131","1680190970.5037","https://www.rescue.gov.pk/csact2021.aspx","www.rescue.gov.pk","https://www.rescue.gov.pk","117","1444","1623.1000000015","1623.1000000015","viola.superdnssite.com","","ns2.rescue.gov.pk","android - chrome","Step_1","14671","https://www.rescue.gov.pk/csact2021.aspx","5300","1632","1632","1676","2011","2401","5300","1725","text","DIV","","0","46","546","623","623","626","628","1421","1422","1431","1623","1623","1623","1623","","","1444","1444","1448","1623","1623","2019","0","0","","0","5155","1632","","0","230330_4Z_D7","1","1","106370","0","0","0","0","0","1","154671","3523","1","12632","109567","4","524740","27506","1","194901","12258","2","12258","0","0","0","0","0","0","0","0","0","0","0","0","230330_4Z_D7","","","",
"1630","1630","4895","20013","13551","1171365","140577","9","9","6","9","0","0","0","0","0","1","1633B03F30520B7A9B25591F5E1F3737","1630","1634","1609","1617","https://www.rescue.gov.pk/led.aspx","3","0","5A6DD9E63A4D8D6F1CA9F8A2F1ABC231","https://www.rescue.gov.pk/led.aspx","1609","1807.3000000007","1807","1807","1807","1","1","585","11","62","25","100","-1","100","-1","-1","93","-1","0","140577","0","-1","-1","1030788","77633","","4","1","0","51","190","7","28","34","17","15","0","0","38","0","4","0","0","1","0","0","0","0","0","0","0","0","0","0","3","0","0","0","0","0","0","0","0","0","0","0","0","0","0","0","0","0","0","0","0","0","0","0","0","0","0","0","0","0","0","0","0","0","0","0","0","0","0","0","0","0","0","0","0","0","0","0","0","0","0","0","0","0","0","0","0","0","0","0","0","0","0","0","0","0","0","0","0","0","0","0","0","0","0","0","0","0","0","0","0","","","","","","4500","mukeet-ThinkPad-T490-192.168.0.112","1680190987.2262","","","92.0.4515.131","92.0.4515.131","1680191003.9676","https://www.rescue.gov.pk/led.aspx","www.rescue.gov.pk","https://www.rescue.gov.pk","113","1630","1807.3000000007","1807.3000000007","viola.superdnssite.com","","ns2.rescue.gov.pk","android - chrome","Step_1","19619","https://www.rescue.gov.pk/led.aspx","8207","1824","5087","5152","5152","6216","8207","2427","image","IMG","https://www.rescue.gov.pk/Images/led.jpg","0","41","596","681","681","684","685","1609","1609","1617","1807","1807","1807","1807","1807","4826","1630","1630","1634","1807","5152","5152","0.44415584415584","0.44415584415584","","0","5871","1824","","0","230330_SJ_D8","1","1","271778","0","0","0","0","0","1","134523","3504","1","12522","109567","4","524740","27506","1","194901","1030788","3","1030788","0","0","0","0","0","0","0","0","0","0","0","0","230330_SJ_D8","","","",
"6745","6745","6745","36451","36451","3043576","3043576","16","16","16","16","0","0","0","0","0","1","85683299381CB3DCC050193582DE4250","6745","6760","1692","1697","https://www.rescue.gov.pk/Display.aspx?ID=15797351248943","2","0","EE355C7641C2C6FA2FE377D2AC20CBA7","https://www.rescue.gov.pk/Display.aspx?ID=15797351248943","1692","1745.8000000007","1746","1746","1746","1","1","697","12","33","13","100","-1","100","-1","-1","42","-1","0","148382","0","-1","-1","2895194","1701881","","23","1","0","45","176","7","33","42","5","28","0","0","61","9","48","0","0","1","0","0","0","0","0","0","0","0","0","0","3","0","0","0","0","0","0","0","0","0","1","0","0","1","0","0","3","1","0","0","0","0","0","0","0","0","0","7","5","0","0","0","0","0","0","0","0","0","0","0","0","0","0","0","0","0","0","0","0","0","0","0","0","0","0","0","0","0","0","0","0","0","0","0","14","0","2","0","2","0","0","0","0","0","0","0","0","0","0","0","5","","","","","","6218","mukeet-ThinkPad-T490-192.168.0.112","1680191024.6176","","","92.0.4515.131","92.0.4515.131","1680191041.6483","https://www.rescue.gov.pk/Display.aspx?ID=15797351248943","www.rescue.gov.pk","https://www.rescue.gov.pk","341","6744","1745.8000000007","1745.8000000007","viola.superdnssite.com","","ns2.rescue.gov.pk","android - chrome","Step_1","18956","https://www.rescue.gov.pk/Display.aspx?ID=15797351248943","10158","1761","2020","2536","2604","5049","10158","2130","text","P","","0","40","731","780","780","783","784","1692","1692","1697","1745","1745","1745","1745","1745","","6745","6745","6761","1746","1746","2565","0","0","1761","0","6813","1761","1761","0","230330_GB_D9","1","1","503236","0","0","0","0","0","1","503236","11309","1","45779","109567","4","524740","27506","1","194901","2895194","10","2895194","0","0","0","0","0","0","0","0","0","0","0","0","230330_GB_D9","","","1761",
"1698","1698","2205","17939","13599","153226","140968","8","8","6","8","0","0","0","0","0","1","635AE79A95C46FF6F864440E3DD00DA4","1698","1702","1677","1685","https://www.rescue.gov.pk/Tenders.aspx","3","0","72A12DB718071B79DC246FF681DBC45B","https://www.rescue.gov.pk/Tenders.aspx","1677","1874.3999999985","1874","1874","1874","1","1","767","8","71","29","100","-1","100","-1","-1","70","-1","0","140968","0","-1","-1","12258","3785","","2","2","0","47","196","9","37","33","12","14","0","0","34","0","1","0","","0","0","0","0","0","0","0","0","0","0","0","2","0","0","0","0","0","0","0","0","0","0","0","0","0","0","0","0","0","0","0","0","0","0","0","0","0","0","0","0","0","0","0","0","0","0","0","0","0","0","0","0","0","0","0","0","0","0","0","0","0","0","0","0","0","0","0","0","0","0","0","0","0","0","0","0","0","0","0","0","0","0","0","0","0","0","0","0","0","0","0","0","","","","","","1815","mukeet-ThinkPad-T490-192.168.0.112","1680191062.6794","","","92.0.4515.131","92.0.4515.131","1680191081.422","https://www.rescue.gov.pk/Tenders.aspx","www.rescue.gov.pk","https://www.rescue.gov.pk","122","1698","1874.3999999985","1874.3999999985","viola.superdnssite.com","","ns2.rescue.gov.pk","android - chrome","Step_1","14059","https://www.rescue.gov.pk/Tenders.aspx","5522","1881","1881","1944","2251","2543","5522","1955","text","DIV","","0","57","802","857","858","863","864","1677","1677","1684","1874","1874","1874","1874","1874","","1698","1698","1702","1874","1874","2257","0","0","","0","5200","1881","","0","230330_MS_DA","1","1","106554","0","0","0","0","0","1","151415","3895","1","13221","109567","4","524740","27506","1","194901","12258","2","12258","0","0","0","0","0","0","0","0","0","0","0","0","230330_MS_DA","","","",
"1279","1279","1743","18047","13671","153566","141308","8","8","6","8","0","0","0","0","0","1","D67D390E0896581DC2040700EB0B88CE","1279","1282","1259","1265","https://www.rescue.gov.pk/Jobs/JobsFAQs.aspx","3","0","CC50303484060CF6BC33C7EAE26006BA","https://www.rescue.gov.pk/Jobs/JobsFAQs.aspx","1258","1486.1999999993","1486","1486","1486","1","1","408","17","71","29","100","-1","100","-1","-1","70","-1","0","141308","0","-1","-1","12258","3785","","2","1","0","46","189","5","43","39","16","14","0","0","34","0","2","0","","1","0","0","0","0","0","0","0","0","0","0","3","0","0","0","0","0","0","0","0","0","0","","","","","","","","","","","","","","","","","","","","","","","","","","","","","","","","","","","","","","","","","","","","","","","","","","","","","","","","","","","","","","","","","","","","","","","","","","","","1348","mukeet-ThinkPad-T490-192.168.0.112","1680191096.485","","","92.0.4515.131","92.0.4515.131","1680191113.0094","https://www.rescue.gov.pk/Jobs/JobsFAQs.aspx","www.rescue.gov.pk","https://www.rescue.gov.pk","138","1279","1486.1999999993","1486.1999999993","viola.superdnssite.com","","ns1.rescue.gov.pk","android - chrome","Step_1","11982","https://www.rescue.gov.pk/Jobs/JobsFAQs.aspx","5093","1499","1499","1820","1820","2700","5093","1605","text","DIV","","0","41","420","489","489","493","494","1259","1259","1265","1486","1486","1486","1486","1486","","1279","1279","1282","1486","1486","1805","0","0","","0","3592","1499","","0","230330_XN_DB","1","1","115030","0","0","0","0","0","1","162236","4235","1","14701","109567","4","524740","27506","1","194901","12258","2","12258","0","0","0","0","0","0","0","0","0","0","0","0","230330_XN_DB","","","",
"1487","1487","2047","18083","13695","154709","142451","8","8","6","8","0","0","0","0","0","1","45E6D8FDEB0A6BB96C7146B88ADDA477","1487","1491","1464","1471","https://www.rescue.gov.pk/Jobs/HowToApply.aspx","3","0","39A41DA8EE7B5F3D07A5F7B7EE5F61F0","https://www.rescue.gov.pk/Jobs/HowToApply.aspx","1463","1706.3999999985","1706","1706","1706","1","1","592","9","71","29","100","-1","100","-1","-1","70","-1","0","142451","0","-1","-1","12258","3785","","4","1","0","50","192","4","29","35","21","17","0","0","51","0","4","0","0","0","0","0","0","0","0","0","0","0","0","0","2","0","0","0","0","0","0","0","0","0","0","0","0","0","0","0","0","0","0","0","0","0","0","0","0","0","0","0","0","0","0","0","0","0","0","0","0","0","0","0","0","0","0","0","0","0","0","0","0","0","0","0","0","0","0","0","0","0","0","0","0","0","0","0","0","","","","","","","","","","","","","","","","","","","","","","1635","mukeet-ThinkPad-T490-192.168.0.112","1680191127.1697","","","92.0.4515.131","92.0.4515.131","1680191144.1568","https://www.rescue.gov.pk/Jobs/HowToApply.aspx","www.rescue.gov.pk","https://www.rescue.gov.pk","175","1487","1706.3999999985","1706.3999999985","viola.superdnssite.com","","ns1.rescue.gov.pk","android - chrome","Step_1","13069","https://www.rescue.gov.pk/Jobs/HowToApply.aspx","5460","1715","1715","2090","2108","5460","5460","1874","text","DIV","","0","43","631","671","671","674","675","1463","1463","1471","1706","1706","1706","1706","1706","","1487","1487","1491","1706","1706","2161","0","0","","0","5258","1715","","0","230330_BV_DC","1","1","106329","0","0","0","0","0","1","159163","5378","1","18989","109567","4","524740","27506","1","194901","12258","2","12258","0","0","0","0","0","0","0","0","0","0","0","0","230330_BV_DC","","","",
"1492","1492","3421","24863","13695","1021749","140934","11","11","6","11","0","0","0","0","0","1","A6468A14FFE7B87E8801B32604442BBF","1492","1496","1470","1478","https://www.rescue.gov.pk/Jobs/ActiveJobs.aspx","3","0","B6B01268E78771E52AB70EC7591C379D","https://www.rescue.gov.pk/Jobs/ActiveJobs.aspx","1469","1678.8000000007","1679","1679","1679","1","1","561","9","50","20","100","-1","100","-1","-1","72","-1","13","140934","0","-1","-1","880815","246780","","8","2","0","53","189","9","40","38","21","14","0","0","46","2","21","0","0","1","0","0","0","0","0","0","0","0","0","0","4","0","0","0","0","0","0","0","0","0","0","0","0","0","0","0","0","0","0","0","0","0","0","0","0","0","0","0","0","0","0","0","0","0","0","0","0","0","0","0","0","0","0","0","0","0","0","0","0","0","0","0","0","0","0","0","0","0","0","0","0","0","0","0","0","0","0","0","0","0","0","0","0","0","0","0","0","0","0","0","0","","","","","","2974","mukeet-ThinkPad-T490-192.168.0.112","1680191158.2685","","","92.0.4515.131","92.0.4515.131","1680191176.7613","https://www.rescue.gov.pk/Jobs/ActiveJobs.aspx","www.rescue.gov.pk","https://www.rescue.gov.pk","141","1492","1678.8000000007","1678.8000000007","viola.superdnssite.com","","ns2.rescue.gov.pk","android - chrome","Step_1","14039","https://www.rescue.gov.pk/Jobs/ActiveJobs.aspx","6702","1683","1683","1915","1915","3600","6702","1795","text","DIV","","0","44","594","640","640","643","644","1470","1470","1479","1678","1678","1678","1678","1678","","1492","1492","1496","1679","1679","2239","0","0","","0","5816","1683","","0","230330_7S_DD","1","1","357254","0","0","0","0","0","1","151379","3861","1","14004","109567","4","524740","27506","1","194901","880815","5","880815","0","0","0","0","0","0","0","0","0","0","0","0","230330_7S_DD","0","","",
"1667","1667","4504","54531","22900","1578079","113905","24","24","10","20","4","0","0","0","0","1","C6491DABBD0B79DF4E5E94782F7BEE72","1667","1668","1653","1660","https://www.rescue.gov.pk/Jobs/InterviewResults.aspx","1","0","0F703D193B1581033640FB0192B33F59","https://www.rescue.gov.pk/Jobs/InterviewResults.aspx","1652","1767.6999999993","1768","2044","1768","2","3","464","18","32","0","100","-1","100","-1","-1","85","-1","0","110170","0","-1","-1","1462929","230504","","20","1","0","39","164","12","59","3","29","5","0","0","59","4","30","0","1","1","0","0","0","0","0","0","0","0","0","0","2","0","0","0","0","0","0","0","0","0","0","0","0","0","0","0","0","0","0","0","0","0","0","0","0","0","0","0","0","0","0","0","0","0","0","0","0","0","0","0","0","0","0","0","0","0","0","0","0","0","0","0","0","0","0","0","0","0","0","0","0","0","0","0","0","0","0","0","0","0","0","0","0","0","0","0","0","0","0","0","0","","","","","","4074","mukeet-ThinkPad-T490-192.168.0.112","1680191193.0059","","","92.0.4515.131","92.0.4515.131","1680191209.7397","https://www.rescue.gov.pk/Jobs/InterviewResults.aspx","www.rescue.gov.pk","https://www.rescue.gov.pk","255","1666","1767.6999999993","1767.6999999993","viola.superdnssite.com","","ns2.rescue.gov.pk","android - chrome","Step_1","16162","https://www.rescue.gov.pk/Jobs/InterviewResults.aspx","7892","1771","4383","4383","4383","5600","7892","3283","image","IMG","https://www.rescue.gov.pk/Jobs/Results/TI1.jpeg","0","40","505","536","536","539","540","1653","1653","1660","1767","1767","2043","1767","1767","3053","1666","1667","1668","1768","2579","2579","0.43410090666458","0.43410090666458","","0","5875","1771","","0","230330_61_DE","1","1","390613","0","0","0","0","0","1","94684","9888","5","29392","91693","4","477576","13569","2","13523","1462929","13","1462929","0","0","0","0","0","0","0","0","0","0","0","0","230330_61_DE","","","",
"12273","12273","12613","103606","101376","6266291","6256176","46","46","45","42","4","0","0","0","0","1","1658D319EE2C6FCCBD8256642DBEC8B4","12273","12282","1677","1685","https://www.rescue.gov.pk/Jobs/InterviewResultsEMT.aspx","1","0","7D110E643F54B9CB77A124AD1FBB0510","https://www.rescue.gov.pk/Jobs/InterviewResultsEMT.aspx","1677","1706.6999999993","1707","2055","1707","2","3","520","11","15","0","100","-1","100","-1","-1","80","-1","0","110250","0","-1","-1","6151061","1269254","","67","4","0","39","176","14","96","2","29","5","0","0","156","17","110","0","2","4","0","0","0","0","0","0","0","0","0","0","2","0","0","0","0","0","0","0","0","0","0","0","0","6","0","0","8","0","0","0","0","0","0","0","0","1","0","2","0","0","2","0","0","0","0","0","0","0","0","0","0","0","0","0","0","0","0","0","0","0","0","0","0","0","0","0","0","0","0","0","0","0","0","0","14","0","2","0","2","0","0","0","0","0","0","0","0","1","0","4","3","","","","","","11844","mukeet-ThinkPad-T490-192.168.0.112","1680191226.9386","","","92.0.4515.131","92.0.4515.131","1680191244.7691","https://www.rescue.gov.pk/Jobs/InterviewResultsEMT.aspx","www.rescue.gov.pk","https://www.rescue.gov.pk","278","12273","1706.6999999993","1706.6999999993","viola.superdnssite.com","","ns2.rescue.gov.pk","android - chrome","Step_1","31199","https://www.rescue.gov.pk/Jobs/InterviewResultsEMT.aspx","15951","1698","13030","13030","13030","13030","15951","6819","image","IMG","https://www.rescue.gov.pk/Jobs/Results/TI1.jpeg","0","43","550","592","592","597","598","1677","1677","1685","1706","1706","2055","1706","1706","3017","12273","12273","12282","1707","2528","2528","0.43669481649507","0.43669481649507","1698","0","12351","1698","1698","0","230330_PH_DF","1","1","518175","0","0","0","0","0","1","532304","9968","5","30436","91693","4","477576","13569","2","13523","6151061","35","6151061","0","0","0","0","0","0","0","0","0","0","0","0","230330_PH_DF","","","1698",
"4301","4301","4666","50314","48090","1579139","1569024","22","22","21","19","3","0","0","0","0","1","87E0C8CA3CE2B6622FA676BA09CDCD78","4301","4305","1512","1520","https://www.rescue.gov.pk/Jobs/InterviewResults1.aspx","1","0","80A5DFEC5100EB5E6447C1B7F0E44171","https://www.rescue.gov.pk/Jobs/InterviewResults1.aspx","1512","1529","1529","1870","1529","2","2","537","13","33","0","100","-1","100","-1","-1","80","-1","0","110175","0","-1","-1","1465229","301936","","14","2","0","47","160","12","48","2","30","7","0","0","54","5","25","0","1","1","0","0","0","0","0","0","0","0","0","0","1","0","0","0","0","0","0","0","0","0","0","0","0","0","0","0","0","0","0","0","0","0","0","0","0","0","0","0","0","0","0","0","0","0","0","0","0","0","0","0","0","0","0","0","0","0","0","0","0","0","0","0","0","0","0","0","0","0","0","0","0","0","0","0","0","0","0","0","0","0","0","0","0","0","0","0","0","0","0","0","0","","","","","","4256","mukeet-ThinkPad-T490-192.168.0.112","1680191278.0634","","","92.0.4515.131","92.0.4515.131","1680191296.0448","https://www.rescue.gov.pk/Jobs/InterviewResults1.aspx","www.rescue.gov.pk","https://www.rescue.gov.pk","254","4301","1529","1529","viola.superdnssite.com","","ns2.rescue.gov.pk","android - chrome","Step_1","16125","https://www.rescue.gov.pk/Jobs/InterviewResults1.aspx","7949","1523","3108","3345","5147","6246","7949","2789","image","IMG","https://www.rescue.gov.pk/Jobs/Results/TI1.jpeg","0","46","549","621","621","624","625","1512","1512","1520","1529","1529","1869","1529","1529","3865","4300","4301","4305","1529","2335","2335","0.3943999008136","0.36404105926576","","0","5802","1523","","0","230330_J3_DG","1","1","382450","0","0","0","0","0","1","416850","8648","4","28107","91693","4","477576","13569","2","13523","1465229","12","1465229","0","0","0","0","0","0","0","0","0","0","0","0","230330_J3_DG","","","",
"2468","2468","2834","43791","43791","227015","227015","19","19","19","19","0","0","0","0","0","1","61F82741990389D7CE0CFEF20480DB32","2468","2485","2192","2209","https://www.rescue.gov.pk/ContactUs2.aspx","2","0","A58BAA6AC77AC8E6990C8B1A6D6F57FA","https://www.rescue.gov.pk/ContactUs2.aspx","2192","2305.1000000015","2305","2305","2305","2","1","724","13","88","12","100","-1","100","-1","-1","70","-1","0","214908","0","-1","-1","12258","3785","","12","1","0","63","266","16","51","37","38","32","0","0","62","0","7","0","0","0","0","0","0","0","0","0","0","0","0","0","3","0","0","0","0","0","0","0","0","0","0","0","0","0","0","0","0","0","0","0","0","0","0","0","0","0","0","0","0","0","0","0","0","0","0","0","0","0","0","0","0","0","0","0","0","0","0","0","0","0","0","0","0","0","0","0","0","0","0","0","0","0","0","0","0","0","0","0","0","0","0","0","0","0","0","0","0","0","0","0","0","","1","","","","2244","mukeet-ThinkPad-T490-192.168.0.112","1680191313.2172","","","92.0.4515.131","92.0.4515.131","1680191331.7309","https://www.rescue.gov.pk/ContactUs2.aspx","www.rescue.gov.pk","https://www.rescue.gov.pk","722","2468","2305.1000000015","2305.1000000015","viola.superdnssite.com","","ns1.rescue.gov.pk","android - chrome","Step_1","18369","https://www.rescue.gov.pk/ContactUs2.aspx","6049","2304","2304","2475","2575","2946","6049","2420","text","DIV","","0","41","757","803","803","807","809","2192","2192","2209","2305","2305","2305","2305","2305","","2468","2468","2485","2305","2305","2508","0","0","","0","5862","2304","","0","230330_QX_DH","1","1","107590","0","0","0","0","0","1","130169","14286","1","83409","170845","13","874546","29540","2","196912","12258","2","12258","0","0","0","0","0","0","0","0","0","86","1","80","230330_QX_DH","","","",
"1812","1812","4939","33564","13707","1716509","141584","15","15","6","15","0","0","0","0","0","1","DA25611F92D84023C990D2F6BB62E4DC","1811","1824","1777","1787","https://www.rescue.gov.pk/AmbulanceService.aspx","3","0","3BED004D74E0574CA7F4605CCA358381","https://www.rescue.gov.pk/AmbulanceService.aspx","1777","2032.1999999993","2032","2032","2032","1","1","803","9","36","14","100","-1","100","-1","-1","46","-1","17","141584","0","-1","-1","1574925","866092","","11","3","0","44","187","6","44","43","34","16","0","0","39","1","10","0","0","1","0","0","0","0","0","0","0","0","0","0","2","0","0","0","0","0","0","0","0","0","0","0","0","0","0","0","0","0","0","0","0","0","0","0","0","0","0","0","0","0","0","0","0","0","0","0","0","0","0","0","0","0","0","0","0","0","0","0","0","0","0","0","0","0","0","0","0","0","0","0","0","0","0","0","0","0","0","0","0","0","0","0","0","0","0","0","0","0","0","0","0","","0","","","","4497","mukeet-ThinkPad-T490-192.168.0.112","1680191352.1974","","","92.0.4515.131","92.0.4515.131","1680191370.1219","https://www.rescue.gov.pk/AmbulanceService.aspx","www.rescue.gov.pk","https://www.rescue.gov.pk","145","1811","2032.1999999993","2032.1999999993","viola.superdnssite.com","","ns1.rescue.gov.pk","android - chrome","Step_1","16800","https://www.rescue.gov.pk/AmbulanceService.aspx","8259","2035","7518","7518","7518","8259","8259","3173","image","IMG","https://www.rescue.gov.pk/Images/Ambulance/1.jpg","0","44","821","912","912","915","916","1777","1777","1787","2032","2032","2032","2032","2032","2614","1812","1812","1825","2032","2751","2751","0.25464236855703","0.25464236855703","2035","0","7503","2035","2035","0","230330_EF_DJ","1","1","415016","0","0","0","0","0","1","140321","4511","1","16919","109567","4","524740","27506","1","194901","1574925","9","1574925","0","0","0","0","0","0","0","0","0","0","0","0","230330_EF_DJ","","2032","2035",
"1284","1284","2423","33552","13671","585815","141422","15","15","6","13","2","0","0","0","0","1","16B92D5A8DDA3F6B63E2D68D76032128","1283","1296","1249","1259","https://www.rescue.gov.pk/RescueService.aspx","3","0","1A885CCEB6E27F1C627B5CBC8E47D666","https://www.rescue.gov.pk/RescueService.aspx","1249","1506","1506","1506","1506","1","1","396","9","42","17","100","-1","100","-1","-1","75","-1","0","141422","0","-1","-1","441903","111833","","8","3","0","44","190","4","38","41","30","15","0","0","38","1","13","0","0","1","1","0","0","0","0","0","0","0","0","3","3","0","0","0","0","0","0","0","0","0","0","0","0","0","0","0","0","0","0","0","0","0","0","0","0","0","0","0","0","0","0","0","0","0","0","0","0","0","0","0","0","0","0","0","0","0","0","0","0","0","0","0","0","0","0","0","0","0","0","0","0","0","0","0","0","0","0","0","0","0","0","0","0","0","0","0","0","0","0","0","0","","","","","","1991","mukeet-ThinkPad-T490-192.168.0.112","1680191387.9724","","","92.0.4515.131","92.0.4515.131","1680191404.9219","https://www.rescue.gov.pk/RescueService.aspx","www.rescue.gov.pk","https://www.rescue.gov.pk","144","1283","1506","1506","viola.superdnssite.com","","ns2.rescue.gov.pk","android - chrome","Step_1","14322","https://www.rescue.gov.pk/RescueService.aspx","5746","1511","2134","2134","2134","3959","5746","1764","text","P","","0","44","436","480","480","483","484","1249","1249","1259","1505","1505","1505","1505","1505","1895","1283","1284","1296","1506","1506","2029","0.28647266462665","0.28647266462665","","0","5205","1511","","0","230330_JY_DK","1","1","289005","0","0","0","0","0","1","159259","6839","3","18915","109567","4","524740","27506","1","194901","441903","7","441903","0","0","0","0","0","0","0","0","0","0","0","0","230330_JY_DK","","","",
"1471","1471","6005","33264","13647","2349710","141750","15","15","6","14","1","0","0","0","0","1","526EEFBEBA0C0D693620D61E2636C9A6","1471","1484","1436","1447","https://www.rescue.gov.pk/FireService.aspx","3","0","364ACB0868787BFF4AAEBA7D02D48917","https://www.rescue.gov.pk/FireService.aspx","1436","1679.1999999993","1679","1679","1679","1","1","572","11","38","15","100","-1","100","-1","-1","22","-1","6","141750","0","-1","-1","2206715","1722891","","7","2","0","45","192","12","49","37","27","18","0","0","43","1","11","0","0","1","0","0","0","0","0","0","0","0","0","0","2","0","0","0","0","0","0","0","0","0","0","0","0","0","0","0","6","1","0","7","0","0","1","0","0","2","0","0","0","0","0","0","0","0","0","0","0","0","0","0","0","0","0","0","0","0","0","0","0","0","0","0","0","0","0","0","0","0","1","0","0","0","0","0","7","0","3","0","1","0","0","0","0","0","0","0","0","0","2","0","5","","0","","","","5516","mukeet-ThinkPad-T490-192.168.0.112","1680191421.2651","","","92.0.4515.131","92.0.4515.131","1680191439.8059","https://www.rescue.gov.pk/FireService.aspx","www.rescue.gov.pk","https://www.rescue.gov.pk","145","1471","1679.1999999993","1679.1999999993","viola.superdnssite.com","","ns2.rescue.gov.pk","android - chrome","Step_1","17576","https://www.rescue.gov.pk/FireService.aspx","9316","1675","6306","6306","7525","8017","9316","2981","text","P","","0","47","616","662","662","666","668","1436","1436","1446","1679","1679","1679","1679","1679","5980","1471","1471","1484","1679","1679","6308","0.28667611377491","0.28667611377491","1675","0","7442","1675","1675","0","230330_RH_DM","1","1","432488","0","0","0","0","0","1","157675","5922","2","18330","109567","4","524740","27506","1","194901","2206715","8","2206715","0","0","0","0","0","0","0","0","0","0","0","0","230330_RH_DM","","","1675",
"6115","6115","6115","26523","26523","1996200","1996200","12","12","12","12","0","0","0","0","0","1","3494392F0695BB922B1B5438F8C9C2F7","6116","6132","5509","5517","https://www.rescue.gov.pk/BuildingSafety.aspx","3","0","D6C02C49547AC2B5620D51124B487F20","https://www.rescue.gov.pk/BuildingSafety.aspx","5509","5706.8999999985","5707","5707","5707","2","1","546","8","45","27","100","-1","100","-1","-1","34","-1","0","146608","0","-1","-1","1849592","1227535","","2","2","0","44","200","10","48","55","8","13","0","0","34","0","3","0","","0","1","0","0","0","0","0","0","0","0","0","4","0","0","0","0","0","0","0","0","0","0","","","","","","","","","","","","","","","","","","","","","","","","","","","","","","","","","","","","","","","","","","","","","","","","","","","","","","","","","","","","","","","","","","","","","","","","","","","","5691","mukeet-ThinkPad-T490-192.168.0.112","1680191458.4137","","","92.0.4515.131","92.0.4515.131","1680191474.4929","https://www.rescue.gov.pk/BuildingSafety.aspx","www.rescue.gov.pk","https://www.rescue.gov.pk","132","6115","5706.8999999985","5706.8999999985","viola.superdnssite.com","","ns1.rescue.gov.pk","android - chrome","Step_1","16903","https://www.rescue.gov.pk/BuildingSafety.aspx","9502","5705","5705","6057","6205","6733","9502","5806","image","INPUT","https://www.rescue.gov.pk/images/CSAct1.JPG","0","43","581","636","636","640","641","5508","5509","5517","5706","5706","5706","5706","5706","","6115","6115","6132","5707","5707","5707","0","0","","0","6251","5705","","0","230330_6Y_DN","1","1","358448","0","0","0","0","0","1","358448","4285","1","15128","109567","4","524740","32756","2","218328","1849592","5","1849592","0","0","0","0","0","0","0","0","0","0","0","0","230330_6Y_DN","","","",
"4882","4882","4882","33177","33177","1880694","1880694","15","15","15","14","1","0","0","0","0","1","5599CF84E0251B1F6794973D8028C73C","4882","4911","1530","1535","https://www.rescue.gov.pk/CSafety.aspx","2","0","F496CE83C2F8E4D51FE400F82C55F167","https://www.rescue.gov.pk/CSafety.aspx","1530","1626.6999999993","1627","1627","1627","1","1","535","14","38","15","100","-1","100","-1","-1","31","-1","0","143848","0","-1","-1","1735601","1206877","","12","1","0","45","197","5","36","43","24","17","0","0","59","1","10","0","0","1","0","0","0","0","0","0","0","0","0","0","2","0","0","0","0","0","0","0","0","0","0","0","0","0","0","0","0","0","0","0","0","0","0","0","0","0","0","0","0","0","0","0","0","0","0","0","0","0","0","0","0","0","0","0","0","0","0","0","0","0","0","0","0","0","0","0","0","0","0","0","0","0","0","0","","0","0","0","0","0","0","0","0","0","0","0","0","0","0","0","0","","","","","","4426","mukeet-ThinkPad-T490-192.168.0.112","1680191493.4404","","","92.0.4515.131","92.0.4515.131","1680191511.4653","https://www.rescue.gov.pk/CSafety.aspx","www.rescue.gov.pk","https://www.rescue.gov.pk","171","4881","1626.6999999993","1626.6999999993","viola.superdnssite.com","","ns1.rescue.gov.pk","android - chrome","Step_1","17681","https://www.rescue.gov.pk/CSafety.aspx","8367","1617","3001","3001","3001","8367","8367","2377","image","IMG","https://www.rescue.gov.pk/Images/CSafety/1.jpg","0","48","576","597","597","600","601","1530","1531","1535","1626","1626","1626","1626","1626","2837","4882","4882","4911","1627","2973","2973","0.32680774794376","0.32680774794376","","0","5797","1617","","0","230330_2E_DP","1","1","432641","0","0","0","0","0","1","432641","8020","2","25940","109567","4","524740","27506","1","194901","1735601","8","1735601","0","0","0","0","0","0","0","0","0","0","0","0","230330_2E_DP","","","",
