"loadTime","docTime","fullyLoaded","bytesOut","bytesOutDoc","bytesIn","bytesInDoc","requests","requestsFull","requestsDoc","responses_200","responses_404","responses_other","result","testStartOffset","cached","optimization_checked","main_frame","loadEventStart","loadEventEnd","domContentLoadedEventStart","domContentLoadedEventEnd","URL","connections","final_base_page_request","final_base_page_request_id","final_url","firstPaint","firstContentfulPaint","firstMeaningfulPaint","domInteractive","firstImagePaint","renderBlockingCSS","renderBlockingJS","TTFB","score_cache","score_cdn","score_gzip","score_cookies","score_keep-alive","score_minify","score_combine","score_compress","score_etags","score_progressive_jpeg","gzip_total","gzip_savings","minify_total","minify_savings","image_total","image_savings","base_page_cdn","cpu.UpdateLayerTree","cpu.EventDispatch","cpu.CommitLoad","cpu.EvaluateScript","cpu.v8.compile","cpu.ParseHTML","cpu.ResourceFetcher::requestResource","cpu.ParseAuthorStyleSheet","cpu.MinorGC","cpu.V8.GC_HEAP_PROLOGUE","cpu.V8.GC_HEAP_EXTERNAL_PROLOGUE","cpu.V8.GC_SCAVENGER_COMPLETE_SWEEP_ARRAY_BUFFERS","cpu.V8.GC_SCAVENGER","cpu.V8.GC_TIME_TO_SAFEPOINT","cpu.V8.GC_HEAP_PROLOGUE_SAFEPOINT","cpu.V8.GC_SCAVENGER_SCAVENGE","cpu.V8.GC_SCAVENGER_SCAVENGE_WEAK_GLOBAL_HANDLES_IDENTIFY","cpu.V8.GC_SCAVENGER_SCAVENGE_ROOTS","cpu.V8.GC_SCAVENGER_SCAVENGE_PARALLEL","cpu.V8.GC_SCAVENGER_SCAVENGE_WEAK_GLOBAL_HANDLES_PROCESS","cpu.V8.GC_SCAVENGER_SCAVENGE_FINALIZE","cpu.V8.GC_SCAVENGER_SCAVENGE_UPDATE_REFS","cpu.V8.GC_SCAVENGER_FREE_REMEMBERED_SET","cpu.V8.GC_SCAVENGER_SWEEP_ARRAY_BUFFERS","cpu.V8.GC_HEAP_EXTERNAL_WEAK_GLOBAL_HANDLES","cpu.V8.GC_HEAP_EPILOGUE_SAFEPOINT","cpu.V8.GC_HEAP_EPILOGUE_REDUCE_NEW_SPACE","cpu.V8.GC_HEAP_EXTERNAL_EPILOGUE","cpu.V8.GC_HEAP_EPILOGUE","cpu.FireAnimationFrame","cpu.UpdateLayoutTree","cpu.Layout","cpu.IntersectionObserverController::computeIntersections","cpu.Paint","cpu.largestContentfulPaint::Candidate","cpu.HitTest","cpu.FunctionCall","cpu.ResourceChangePriority","cpu.MarkDOMContent","cpu.TimerFire","cpu.V8.GC_MC_COMPLETE_SWEEPING","cpu.V8.GC_MC_COMPLETE_SWEEP_ARRAY_BUFFERS","cpu.V8.GC_MC_INCREMENTAL_START","cpu.V8.GC_MC_INCREMENTAL_EXTERNAL_PROLOGUE","cpu.V8.GC_MC_INCREMENTAL_EMBEDDER_PROLOGUE","cpu.BlinkGC.IncrementalMarkingStartMarking","cpu.BlinkGC.VisitRoots","cpu.V8.GC_MC_INCREMENTAL_EXTERNAL_EPILOGUE","cpu.BlinkGC.IncrementalMarkingStep","cpu.BlinkGC.IncrementalMarkingWithDeadline","cpu.BlinkGC.MarkProcessWorklists","cpu.BlinkGC.MarkBailOutObjects","cpu.V8.GC_MC_INCREMENTAL","cpu.V8.GC_MC_INCREMENTAL_EMBEDDER_TRACING","cpu.BlinkGC.UnifiedMarkingStep","cpu.BlinkGC.MarkFlushV8References","cpu.BlinkGC.MarkProcessNotFullyconstructeddWorklist","cpu.BlinkGC.MarkProcessMarkingWorklist","cpu.BlinkGC.MarkProcessWriteBarrierWorklist","cpu.BlinkGC.MarkFlushEphemeronPairs","cpu.MajorGC","cpu.V8.GC_MC_INCREMENTAL_FINALIZE","cpu.V8.GC_MC_INCREMENTAL_FINALIZE_BODY","cpu.V8.GC_MARK_COMPACTOR","cpu.V8.GC_MC_PROLOGUE","cpu.V8.GC_MC_MARK","cpu.V8.GC_MC_MARK_FINISH_INCREMENTAL","cpu.BlinkGC.AtomicPauseMarkPrologue","cpu.BlinkGC.AtomicPauseMarkRoots","cpu.V8.GC_MC_MARK_ROOTS","cpu.V8.GC_MC_MARK_MAIN","cpu.V8.GC_MC_MARK_WEAK_CLOSURE","cpu.V8.GC_MC_MARK_EMBEDDER_TRACING_CLOSURE","cpu.V8.GC_MC_MARK_EMBEDDER_TRACING","cpu.BlinkGC.AtomicPauseMarkTransitiveClosure","cpu.BlinkGC.MarkInvokeEphemeronCallbacks","cpu.V8.GC_MC_MARK_WEAK_CLOSURE_EPHEMERON","cpu.V8.GC_MC_MARK_WEAK_CLOSURE_EPHEMERON_MARKING","cpu.V8.GC_MC_MARK_WEAK_CLOSURE_WEAK_HANDLES","cpu.V8.GC_MC_MARK_WEAK_CLOSURE_WEAK_ROOTS","cpu.V8.GC_MC_MARK_WEAK_CLOSURE_HARMONY","cpu.V8.GC_MC_CLEAR","cpu.V8.GC_MC_CLEAR_STRING_TABLE","cpu.V8.GC_MC_CLEAR_FLUSHABLE_BYTECODE","cpu.V8.GC_MC_CLEAR_FLUSHED_JS_FUNCTIONS","cpu.V8.GC_MC_CLEAR_WEAK_LISTS","cpu.V8.GC_MC_CLEAR_MAPS","cpu.V8.GC_MC_CLEAR_WEAK_REFERENCES","cpu.V8.GC_MC_CLEAR_WEAK_COLLECTIONS","cpu.V8.GC_MC_SWEEP","cpu.V8.GC_MC_EVACUATE","cpu.V8.GC_MC_EVACUATE_PROLOGUE","cpu.V8.GC_MC_EVACUATE_COPY","cpu.V8.GC_MC_EVACUATE_COPY_PARALLEL","cpu.V8.GC_MC_EVACUATE_UPDATE_POINTERS","cpu.V8.GC_MC_EVACUATE_UPDATE_POINTERS_TO_NEW_ROOTS","cpu.V8.GC_MC_EVACUATE_UPDATE_POINTERS_SLOTS_MAIN","cpu.V8.GC_MC_EVACUATE_UPDATE_POINTERS_PARALLEL","cpu.V8.GC_MC_EVACUATE_UPDATE_POINTERS_WEAK","cpu.V8.GC_MC_EVACUATE_REBALANCE","cpu.V8.GC_MC_EVACUATE_CLEAN_UP","cpu.V8.GC_MC_EVACUATE_EPILOGUE","cpu.V8.GC_MC_FINISH","cpu.V8.GC_MC_FINISH_SWEEP_ARRAY_BUFFERS","cpu.V8.GC_MC_EPILOGUE","cpu.V8.GC_HEAP_EMBEDDER_TRACING_EPILOGUE","cpu.BlinkGC.AtomicPauseMarkEpilogue","cpu.BlinkGC.AtomicPauseSweepAndCompact","cpu.BlinkGC.LazySweepOnAllocation","cpu.BlinkGC.LazySweepInIdle","cpu.XHRReadyStateChange","cpu.BlinkGC.CompleteSweep","cpu.V8.GC_MC_INCREMENTAL_LAYOUT_CHANGE","cpu.XHRLoad","cpu.MarkLoad","cpu.Idle","tester","start_epoch","osVersion","os_version","browserVersion","browser_version","date","document_URL","document_hostname","document_origin","domElements","domComplete","PerformancePaintTiming.first-paint","PerformancePaintTiming.first-contentful-paint","base_page_ip_ptr","base_page_cname","base_page_dns_server","browser_name","eventName","test_run_time_ms","testUrl","lastVisualChange","render","visualComplete85","visualComplete90","visualComplete95","visualComplete99","visualComplete","SpeedIndex","LargestContentfulPaintType","LargestContentfulPaintNodeType","LargestContentfulPaintImageURL","chromeUserTiming.navigationStart","chromeUserTiming.fetchStart","chromeUserTiming.responseEnd","chromeUserTiming.unloadEventStart","chromeUserTiming.unloadEventEnd","chromeUserTiming.commitNavigationEnd","chromeUserTiming.domLoading","chromeUserTiming.firstPaint","chromeUserTiming.firstContentfulPaint","chromeUserTiming.firstMeaningfulPaintCandidate","chromeUserTiming.firstMeaningfulPaint","chromeUserTiming.LayoutShift","chromeUserTiming.domInteractive","chromeUserTiming.domContentLoadedEventStart","chromeUserTiming.domContentLoadedEventEnd","chromeUserTiming.firstImagePaint","chromeUserTiming.InteractiveTime","chromeUserTiming.domComplete","chromeUserTiming.loadEventStart","chromeUserTiming.loadEventEnd","chromeUserTiming.LargestTextPaint","chromeUserTiming.LargestContentfulPaint","chromeUserTiming.LargestImagePaint","chromeUserTiming.TotalLayoutShift","chromeUserTiming.CumulativeLayoutShift","FirstInteractive","maxFID","TTIMeasurementEnd","LastInteractive","TimeToInteractive","FirstCPUIdle","TotalBlockingTime","testID","run","step","effectiveBps","domTime","aft","titleTime","domLoading","server_rtt","edge-processed","effectiveBpsDoc","bytes.html","requests.html","bytesUncompressed.html","bytes.js","requests.js","bytesUncompressed.js","bytes.css","requests.css","bytesUncompressed.css","bytes.image","requests.image","bytesUncompressed.image","bytes.flash","requests.flash","bytesUncompressed.flash","bytes.font","requests.font","bytesUncompressed.font","bytes.video","requests.video","bytesUncompressed.video","bytes.other","requests.other","bytesUncompressed.other","id","error",
"65650","65650","70078","577117","492667","16272661","16271154","257","257","230","192","1","64","0","0","0","1","02ECCA037D554393547FD27783D007AB","65650","65657","5420","5457","http://cms.ndma.gov.pk/","14","0","1E87D40A81E9BFD0C6F30EE754AF53BA","http://cms.ndma.gov.pk/","4306.1999999993","4306","4306","5419","5492","19","7","1858","13","68","38","-1","100","-1","-1","98","-1","0","9339990","5864645","-1","-1","6871480","201941","","953","37","6","1926","7223","55","515","467","4","0","0","0","4","0","1","3","1","1","145","0","1","0","0","0","0","0","0","0","1","8","528","302","213","175","0","33","12883","2","0","748","0","0","15","1","14","3","2","0","0","0","0","18","12","0","0","3","0","0","0","0","0","0","0","0","0","0","0","0","0","0","1","0","0","0","0","0","0","0","0","0","0","0","0","0","0","0","0","7","0","0","0","0","0","7","0","1","0","1","0","0","0","0","0","0","0","0","15","0","12","21","1776","28","0","75","0","41832","mukeet-ThinkPad-T490-192.168.0.112","1680193633.093","","","92.0.4515.131","92.0.4515.131","1680193649.9695","http://cms.ndma.gov.pk/","cms.ndma.gov.pk","http://cms.ndma.gov.pk","867","65650","4306.1999999993","4306.1999999993","","","n2.comsats.net.pk","android - chrome","Step_1","101341","http://cms.ndma.gov.pk/","74057","4290","5471","5471","5471","16062","74057","5600","image","IMG","http://cms.ndma.gov.pk/storage/app/public/settings/January2022/LMd5D8oVEDCq2Hn3At3f.png","0","41","1876","1940","1940","1944","1945","4306","4306","4306","4306","15344","5420","5420","5457","5491","13025","65650","65650","65658","4306","5492","5492","0.0024295538530108","0.0015179625569236","5457","605","73897","68154","25755","5457","1237","230330_VJ_EY","1","1","238532","0","0","0","0","0","1","255065","409692","44","2020381","7651211","30","7833293","870864","19","1145449","6872363","46","6872630","0","0","0","64464","1","64464","0","0","0","404067","91","876438","230330_VJ_EY","",
"5963","5963","6290","127176","124190","649735","648852","45","45","44","44","1","0","0","0","0","1","921424C5B037A5208768C712C74D085B","5963","5968","4631","4680","http://cms.ndma.gov.pk/faq","8","0","2EBF04B55DA7778BEA05CA75DB1E8BCF","http://cms.ndma.gov.pk/faq","3983","3983","3983","4629","4744","17","0","1702","2","5","100","-1","100","-1","-1","100","-1","-1","137666","0","-1","-1","446053","0","","18","3","0","123","106","23","122","88","0","0","0","0","0","0","0","0","0","0","2","0","0","0","0","0","0","0","0","0","0","0","54","78","3","24","0","2","58","0","0","14","0","0","8","0","0","0","0","0","2","0","0","0","0","0","0","0","0","2","0","0","1","0","0","0","0","0","0","0","0","0","0","0","0","0","0","0","0","0","0","0","0","0","0","0","0","0","0","0","0","0","0","0","0","3","0","1","0","1","0","0","0","0","0","0","0","0","1","0","0","7","","","","","0","5545","mukeet-ThinkPad-T490-192.168.0.112","1680193753.606","","","92.0.4515.131","92.0.4515.131","1680193774.4379","http://cms.ndma.gov.pk/faq","cms.ndma.gov.pk","http://cms.ndma.gov.pk","408","5963","3983","3983","","","n1.comsats.net.pk","android - chrome","Step_1","25168","http://cms.ndma.gov.pk/faq","9753","3983","4752","4752","4752","6147","9753","4270","image","IMG","http://cms.ndma.gov.pk/storage/app/public/settings/January2022/LMd5D8oVEDCq2Hn3At3f.png","0","47","1718","1778","1778","1782","1783","3982","3982","3982","3982","5979","4628","4631","4680","4743","","5963","5963","5968","3983","4744","4744","0.0011200338306845","0.0011200338306845","","12","9531","4683","","","12","230330_3G_EZ","1","1","141616","0","0","0","0","0","1","152276","8813","2","33123","78750","19","239946","50772","17","325357","446936","6","447203","0","0","0","64464","1","64464","0","0","0","0","0","0","230330_3G_EZ","",
"5608","5608","5917","130671","127565","650729","649846","45","45","44","45","0","0","0","0","0","1","99FE3B35F5A95DE4F435B6BC2681EDC8","5608","5616","4477","4521","http://cms.ndma.gov.pk/page/items-required-for-eq-turkey-and-syria","8","0","440F4EF115FA015CE20111E20161A731","http://cms.ndma.gov.pk/page/items-required-for-eq-turkey-and-syria","4052.200000003","4052","4052","4476","4779","17","0","1630","2","5","100","-1","100","-1","-1","100","-1","-1","135646","0","-1","-1","446053","0","","26","2","0","124","96","19","134","94","0","0","0","0","0","0","0","0","0","0","4","0","0","0","0","0","0","0","0","0","0","0","58","92","5","22","0","1","57","0","0","10","0","0","1","0","0","3","0","0","0","0","0","0","1","0","0","0","0","8","0","0","0","0","0","0","0","0","0","0","0","0","0","0","0","0","0","0","0","0","0","0","0","0","0","0","0","0","0","0","0","0","0","0","0","4","0","1","0","0","0","0","0","0","0","0","0","0","1","0","0","6","","","","","0","5146","mukeet-ThinkPad-T490-192.168.0.112","1680193800.6595","","","92.0.4515.131","92.0.4515.131","1680193819.1706","http://cms.ndma.gov.pk/page/items-required-for-eq-turkey-and-syria","cms.ndma.gov.pk","http://cms.ndma.gov.pk","329","5608","4052.200000003","4052.200000003","","","n2.comsats.net.pk","android - chrome","Step_1","22064","http://cms.ndma.gov.pk/page/items-required-for-eq-turkey-and-syria","9274","4062","4806","4806","4806","5679","9274","4301","image","IMG","http://cms.ndma.gov.pk/storage/app/public/settings/January2022/LMd5D8oVEDCq2Hn3At3f.png","0","47","1645","1705","1705","1708","1709","4052","4052","4052","4052","5275","4476","4477","4521","4779","","5607","5608","5616","4052","4802","4802","0.0015853939079251","0.0015853939079251","","12","9071","4524","","","12","230330_HF_F0","1","1","151791","0","0","0","0","0","1","163359","9807","2","47948","78750","19","239946","50772","17","325357","446936","6","447203","0","0","0","64464","1","64464","0","0","0","0","0","0","230330_HF_F0","",
"6848","6848","7510","128061","125045","651389","650506","45","45","44","45","0","0","0","0","0","1","2476AB121BD5BF053E8D000C0A04A572","6848","6861","4455","4522","http://cms.ndma.gov.pk/page/about-us","8","0","85DF17B41F22AB1583753A947894CBE7","http://cms.ndma.gov.pk/page/about-us","3953.5","3953","3953","4454","4710","17","0","1687","2","5","100","-1","100","-1","-1","100","-1","-1","136309","0","-1","-1","446053","0","","54","6","0","127","108","23","153","111","0","0","0","0","0","0","0","0","0","0","5","0","0","0","0","0","0","0","0","0","0","0","76","130","15","48","0","3","96","0","0","21","0","0","0","0","0","3","0","0","0","0","0","0","30","0","0","0","0","1","0","0","0","0","0","0","0","0","0","0","0","0","0","0","0","0","0","0","0","0","0","0","0","0","0","0","0","0","0","0","0","0","0","0","0","4","0","1","0","0","0","0","0","0","0","0","0","0","1","0","0","5","","","","","0","6486","mukeet-ThinkPad-T490-192.168.0.112","1680193843.3389","","","92.0.4515.131","92.0.4515.131","1680193859.1008","http://cms.ndma.gov.pk/page/about-us","cms.ndma.gov.pk","http://cms.ndma.gov.pk","431","6848","3953.5","3953.5","","","n1.comsats.net.pk","android - chrome","Step_1","22465","http://cms.ndma.gov.pk/page/about-us","10974","3943","4992","4992","4992","6002","10974","4247","image","IMG","http://cms.ndma.gov.pk/storage/app/public/settings/January2022/LMd5D8oVEDCq2Hn3At3f.png","0","46","1703","1765","1765","1768","1769","3953","3953","3953","3953","5827","4453","4455","4522","4710","","6847","6848","6860","3953","4912","4912","0.0011889760643498","0.0011889760643498","4526","29","10732","4526","4526","4526","29","230330_S4_F1","1","1","111864","0","0","0","0","0","1","126042","10467","2","56151","78750","19","239946","50772","17","325357","446936","6","447203","0","0","0","64464","1","64464","0","0","0","0","0","0","230330_S4_F1","",
"4762","4762","5212","130758","127649","651662","650779","45","45","44","45","0","0","0","0","0","1","84E44D690690E1E82493077C172A6898","4762","4770","3394","3435","http://cms.ndma.gov.pk/page/national-disaster-management-commission","8","0","6A38453C5D500B9688FBC3EBB8EE316F","http://cms.ndma.gov.pk/page/national-disaster-management-commission","3048.6999999993","3049","3049","3393","3723","17","0","821","2","5","100","-1","100","-1","-1","100","-1","-1","136582","0","-1","-1","446053","0","","23","2","0","99","88","19","120","93","0","0","0","0","0","0","0","0","0","0","4","0","0","0","0","0","0","0","5","0","0","0","54","90","3","25","0","3","56","0","0","13","0","0","0","0","0","13","0","0","3","0","0","0","0","0","2","0","0","1","0","0","0","0","1","0","0","0","0","0","0","0","0","0","0","0","0","0","0","0","0","0","0","0","0","0","0","0","0","0","0","0","0","0","0","6","0","2","2","","0","0","0","0","0","0","0","0","1","0","0","5","","","","","0","4477","mukeet-ThinkPad-T490-192.168.0.112","1680193882.619","","","92.0.4515.131","92.0.4515.131","1680193898.4587","http://cms.ndma.gov.pk/page/national-disaster-management-commission","cms.ndma.gov.pk","http://cms.ndma.gov.pk","375","4762","3048.6999999993","3048.6999999993","","","n2.comsats.net.pk","android - chrome","Step_1","20083","http://cms.ndma.gov.pk/page/national-disaster-management-commission","8706","3042","3816","3816","3816","4532","8706","3294","image","IMG","http://cms.ndma.gov.pk/storage/app/public/settings/January2022/LMd5D8oVEDCq2Hn3At3f.png","0","43","838","902","902","907","909","3048","3048","3048","3048","4027","3394","3394","3435","3722","","4762","4762","4770","3049","3740","3740","0.0019672692490866","0.0019672692490866","","34","8436","3438","","","34","230330_EM_F2","1","1","148408","0","0","0","0","0","1","165130","10740","2","56873","78750","19","239946","50772","17","325357","446936","6","447203","0","0","0","64464","1","64464","0","0","0","0","0","0","230330_EM_F2","",
"6165","6165","6495","130671","127565","652032","651149","45","45","44","45","0","0","0","0","0","1","1568CCCBBFCAAA2C6D8A33CC0EEE83B7","6165","6177","4312","4369","http://cms.ndma.gov.pk/page/national-disaster-management-authority","8","0","CCE80D3CA4D265AC1CEFB7C46B4936B5","http://cms.ndma.gov.pk/page/national-disaster-management-authority","3883.1000000015","3883","3883","4312","4474","17","0","1471","2","5","100","-1","100","-1","-1","100","-1","-1","136949","0","-1","-1","446053","0","","22","2","0","106","103","21","128","104","0","0","0","0","0","0","0","0","0","0","3","0","0","0","0","0","0","0","0","0","0","0","58","99","5","25","0","5","76","0","0","17","0","0","1","0","3","4","0","0","0","0","0","0","0","0","0","0","0","3","0","0","0","0","0","0","0","0","0","0","0","0","0","0","0","0","0","0","0","0","0","0","0","0","0","0","0","0","0","0","0","0","0","0","0","4","0","1","0","1","0","0","0","0","0","0","0","0","0","0","0","7","","","","","0","5697","mukeet-ThinkPad-T490-192.168.0.112","1680193920.6483","","","92.0.4515.131","92.0.4515.131","1680193937.3417","http://cms.ndma.gov.pk/page/national-disaster-management-authority","cms.ndma.gov.pk","http://cms.ndma.gov.pk","331","6165","3883.1000000015","3883.1000000015","","","n2.comsats.net.pk","android - chrome","Step_1","20883","http://cms.ndma.gov.pk/page/national-disaster-management-authority","9926","3871","4817","4817","4817","5727","9926","4174","image","IMG","http://cms.ndma.gov.pk/storage/app/public/settings/January2022/LMd5D8oVEDCq2Hn3At3f.png","0","48","1487","1552","1552","1555","1556","3883","3883","3883","3883","4885","4312","4312","4369","4473","","6165","6165","6177","3883","4788","4788","0.0016107086343491","0.0016107086343491","4373","18","9721","4373","4373","4373","18","230330_VY_F3","1","1","129783","0","0","0","0","0","1","138719","11110","2","53252","78750","19","239946","50772","17","325357","446936","6","447203","0","0","0","64464","1","64464","0","0","0","0","0","0","230330_VY_F3","",
"5274","5274","5814","131454","128321","651088","650205","45","45","44","45","0","0","0","0","0","1","57977822CD4FA9E8A773340FF2851CD4","5274","5283","4052","4094","http://cms.ndma.gov.pk/page/chairman-national-disaster-management-authority","8","0","D31FFC604E5184CB653B35F985252C2B","http://cms.ndma.gov.pk/page/chairman-national-disaster-management-authority","3651.8999999985","3652","3652","4052","4384","17","0","1607","2","5","100","-1","100","-1","-1","100","-1","-1","136008","0","-1","-1","446053","0","","17","1","0","113","96","18","128","97","0","0","0","0","0","0","0","0","0","0","3","0","0","0","0","0","0","0","0","0","0","0","53","76","13","34","0","2","56","0","0","14","0","0","1","0","0","15","0","0","0","0","0","0","0","0","0","0","0","2","0","0","0","0","0","0","0","0","0","0","0","0","0","0","0","0","0","0","0","0","0","0","0","0","0","0","0","0","0","0","0","0","0","0","0","4","0","0","0","1","0","0","0","0","0","0","0","0","1","0","0","7","","","","","0","5060","mukeet-ThinkPad-T490-192.168.0.112","1680193959.285","","","92.0.4515.131","92.0.4515.131","1680193975.0457","http://cms.ndma.gov.pk/page/chairman-national-disaster-management-authority","cms.ndma.gov.pk","http://cms.ndma.gov.pk","302","5274","3651.8999999985","3651.8999999985","","","n1.comsats.net.pk","android - chrome","Step_1","19004","http://cms.ndma.gov.pk/page/chairman-national-disaster-management-authority","9242","3655","4382","4382","4382","5655","9242","3923","image","IMG","http://cms.ndma.gov.pk/storage/app/public/settings/January2022/LMd5D8oVEDCq2Hn3At3f.png","0","41","1623","1685","1685","1690","1697","3652","3652","3652","3652","4910","4052","4052","4094","4383","","5274","5274","5283","3652","4384","4384","0.0019672692490866","0.0019672692490866","","4","9012","4097","","","4","230330_5C_F4","1","1","154763","0","0","0","0","0","1","177312","10166","2","48987","78750","19","239946","50772","17","325357","446936","6","447203","0","0","0","64464","1","64464","0","0","0","0","0","0","230330_5C_F4","",
"5674","5674","6196","129279","126221","650298","649415","45","45","44","45","0","0","0","0","0","1","B0CCC06B09A5E434A027B9C7BACD1FDE","5674","5685","4444","4515","http://cms.ndma.gov.pk/page/previous-ndma-chairman","8","0","AA3221D7F61117E41555C615F52E6369","http://cms.ndma.gov.pk/page/previous-ndma-chairman","3639","3639","3639","4444","4946","17","0","1288","2","5","100","-1","100","-1","-1","100","-1","-1","135216","0","-1","-1","446053","0","","17","3","0","103","99","18","135","84","0","0","0","0","0","0","0","0","0","0","5","0","0","0","0","0","0","0","0","0","0","0","52","76","4","23","0","1","83","0","0","12","0","0","0","0","0","9","0","0","0","0","0","0","0","0","0","0","0","2","0","0","0","0","0","0","0","0","0","0","0","0","0","0","0","0","0","0","0","0","0","0","0","0","0","0","0","0","0","0","0","0","0","0","0","4","0","1","0","0","0","0","0","0","0","0","0","0","1","0","1","10","","","","","0","5451","mukeet-ThinkPad-T490-192.168.0.112","1680193996.1071","","","92.0.4515.131","92.0.4515.131","1680194013.008","http://cms.ndma.gov.pk/page/previous-ndma-chairman","cms.ndma.gov.pk","http://cms.ndma.gov.pk","281","5674","3639","3639","","","n1.comsats.net.pk","android - chrome","Step_1","21053","http://cms.ndma.gov.pk/page/previous-ndma-chairman","9522","3625","5002","5002","5002","5731","9522","3988","image","IMG","http://cms.ndma.gov.pk/storage/app/public/settings/January2022/LMd5D8oVEDCq2Hn3At3f.png","0","46","1297","1344","1344","1349","1350","3639","3639","3639","3639","5496","4444","4445","4516","4945","","5674","5674","5686","3639","5021","5021","0.0014141155461629","0.0014141155461629","","30","9321","4520","","","30","230330_CH_F5","1","1","132497","0","0","0","0","0","1","148065","9376","2","45714","78750","19","239946","50772","17","325357","446936","6","447203","0","0","0","64464","1","64464","0","0","0","0","0","0","230330_CH_F5","",
"5089","5089","5501","130236","127145","650893","650010","45","45","44","45","0","0","0","0","0","1","FE96BCD5BE9E90D5763D1300D377CA4E","5089","5100","3766","3814","http://cms.ndma.gov.pk/page/national-disaster-management-fund","8","0","FC07D999E6BBCAAD567D1856D936376C","http://cms.ndma.gov.pk/page/national-disaster-management-fund","2960.3000000007","2960","2960","3766","4032","17","0","798","2","5","100","-1","100","-1","-1","100","-1","-1","135812","0","-1","-1","446053","0","","18","2","0","109","108","22","129","103","0","0","0","0","0","0","0","0","0","0","4","0","0","0","0","0","0","0","0","0","0","0","53","80","8","27","0","6","67","0","0","13","0","0","0","0","0","2","0","0","0","0","0","0","1","0","0","0","0","2","0","0","0","0","0","0","0","0","0","0","0","0","0","0","0","0","0","0","0","0","0","0","0","0","0","0","0","0","0","0","0","0","0","0","0","3","0","0","1","1","0","0","0","0","0","0","0","0","0","0","0","4","","","","","0","4737","mukeet-ThinkPad-T490-192.168.0.112","1680194035.1297","","","92.0.4515.131","92.0.4515.131","1680194050.8723","http://cms.ndma.gov.pk/page/national-disaster-management-fund","cms.ndma.gov.pk","http://cms.ndma.gov.pk","295","5089","2960.3000000007","2960.3000000007","","","n2.comsats.net.pk","android - chrome","Step_1","18967","http://cms.ndma.gov.pk/page/national-disaster-management-fund","8862","2948","4018","4018","4018","5267","8862","3284","image","IMG","http://cms.ndma.gov.pk/storage/app/public/settings/January2022/LMd5D8oVEDCq2Hn3At3f.png","0","40","813","879","879","882","883","2960","2960","2960","2960","4556","3766","3766","3814","4031","","5089","5089","5100","2960","4052","4052","0.0015563089030976","0.0015563089030976","","10","8675","3818","","","10","230330_Y8_F6","1","1","138399","0","0","0","0","0","1","151482","9971","2","47985","78750","19","239946","50772","17","325357","446936","6","447203","0","0","0","64464","1","64464","0","0","0","0","0","0","230330_Y8_F6","",
"6231","6231","6560","130932","127817","651215","650332","45","45","44","45","0","0","0","0","0","1","FAB82A9466E748F5D5681712656B86BF","6231","6248","4111","4171","http://cms.ndma.gov.pk/page/provincial-disaster-management-commission","8","0","2568B27A613ED106E22F27A89FEE10AD","http://cms.ndma.gov.pk/page/provincial-disaster-management-commission","3755.8000000007","3756","3756","4110","4306","17","0","1489","2","5","100","-1","100","-1","-1","100","-1","-1","136132","0","-1","-1","446053","0","","21","1","0","96","94","19","130","99","0","0","0","0","0","0","0","0","0","0","3","0","0","0","0","0","0","0","0","0","0","0","54","96","3","19","0","2","79","0","0","19","0","0","1","0","0","2","0","0","0","0","0","0","2","0","0","0","0","3","0","0","0","0","0","0","0","0","0","0","0","0","0","0","0","0","0","0","0","0","0","0","0","0","0","0","0","0","0","0","0","0","0","0","0","3","0","2","0","1","0","0","0","0","2","0","0","0","1","0","0","7","","","","","0","5798","mukeet-ThinkPad-T490-192.168.0.112","1680194071.9271","","","92.0.4515.131","92.0.4515.131","1680194088.6419","http://cms.ndma.gov.pk/page/provincial-disaster-management-commission","cms.ndma.gov.pk","http://cms.ndma.gov.pk","306","6231","3755.8000000007","3755.8000000007","","","n1.comsats.net.pk","android - chrome","Step_1","22021","http://cms.ndma.gov.pk/page/provincial-disaster-management-commission","9994","3735","4595","4595","4595","5818","9994","4005","image","IMG","http://cms.ndma.gov.pk/storage/app/public/settings/January2022/LMd5D8oVEDCq2Hn3At3f.png","0","52","1504","1565","1565","1569","1570","3755","3755","3755","3755","4624","4110","4111","4171","4306","","6231","6231","6248","3756","4439","4439","0.0019672692490866","0.0019672692490866","4175","23","9772","4175","4175","4175","23","230330_R5_F7","1","1","128419","0","0","0","0","0","1","137142","10293","2","49899","78750","19","239946","50772","17","325357","446936","6","447203","0","0","0","64464","1","64464","0","0","0","0","0","0","230330_R5_F7","",
"5398","5398","5740","130845","127733","651470","650587","45","45","44","45","0","0","0","0","0","1","4BB011107ECF789B994C1972955F9265","5398","5409","3991","4029","http://cms.ndma.gov.pk/page/provincial-disaster-management-authority","8","0","65CDD090D608D2D5F274AF436B483FA5","http://cms.ndma.gov.pk/page/provincial-disaster-management-authority","3621.0999999978","3621","3621","3991","4148","17","0","1237","2","5","100","-1","100","-1","-1","100","-1","-1","136387","0","-1","-1","446053","0","","20","3","0","136","101","23","121","81","0","0","0","0","0","0","0","0","0","0","4","0","0","0","0","0","0","0","0","0","0","0","57","84","3","21","0","1","54","0","0","13","0","0","1","0","1","21","0","0","0","0","0","0","0","0","0","0","0","2","0","0","1","0","0","0","0","0","0","0","0","0","0","0","0","0","0","0","0","0","0","0","0","0","1","0","0","0","0","1","0","0","0","0","0","5","0","1","0","1","0","0","0","0","0","0","0","0","1","1","0","9","","","","","0","4969","mukeet-ThinkPad-T490-192.168.0.112","1680194111.724","","","92.0.4515.131","92.0.4515.131","1680194128.1646","http://cms.ndma.gov.pk/page/provincial-disaster-management-authority","cms.ndma.gov.pk","http://cms.ndma.gov.pk","310","5397","3621.0999999978","3621.0999999978","","","n2.comsats.net.pk","android - chrome","Step_1","19955","http://cms.ndma.gov.pk/page/provincial-disaster-management-authority","9211","3607","4147","4147","4147","6209","9211","3860","image","IMG","http://cms.ndma.gov.pk/storage/app/public/settings/January2022/LMd5D8oVEDCq2Hn3At3f.png","0","49","1252","1316","1316","1319","1320","3621","3621","3621","3621","4584","3991","3991","4029","4147","","5398","5398","5409","3621","4148","4148","0.0019672692490866","0.0019672692490866","4029","0","8944","3607","3607","4029","0","230330_4X_F8","1","1","144674","0","0","0","0","0","1","156353","10548","2","50997","78750","19","239946","50772","17","325357","446936","6","447203","0","0","0","64464","1","64464","0","0","0","0","0","0","230330_4X_F8","",
"4834","4834","5393","130671","127565","651995","651112","45","45","44","45","0","0","0","0","0","1","8575E224C3276C669CDF0195BD623A99","4835","4843","3790","3827","http://cms.ndma.gov.pk/page/district-disaster-management-authority","8","0","A2E2D890A78D346C33044873AC27EE9A","http://cms.ndma.gov.pk/page/district-disaster-management-authority","3449.1999999993","3449","3449","3790","4215","17","0","1372","2","5","100","-1","100","-1","-1","100","-1","-1","136911","0","-1","-1","446053","0","","21","4","1","118","96","18","140","101","0","0","0","0","0","0","0","0","0","0","3","0","0","0","0","0","0","0","0","0","0","0","60","91","5","24","0","1","50","0","0","10","0","0","1","0","0","17","1","1","0","0","0","1","1","0","0","0","0","2","0","0","1","0","0","0","0","0","0","0","0","0","0","0","0","0","0","0","0","0","0","0","0","0","0","0","0","0","0","0","0","0","0","0","0","6","0","2","0","0","0","0","0","0","0","0","0","0","0","0","0","11","","","","","0","4605","mukeet-ThinkPad-T490-192.168.0.112","1680194150.2164","","","92.0.4515.131","92.0.4515.131","1680194168.3148","http://cms.ndma.gov.pk/page/district-disaster-management-authority","cms.ndma.gov.pk","http://cms.ndma.gov.pk","324","4834","3449.1999999993","3449.1999999993","","","n1.comsats.net.pk","android - chrome","Step_1","19934","http://cms.ndma.gov.pk/page/district-disaster-management-authority","8884","3434","4213","4213","4213","5111","8884","3679","image","IMG","http://cms.ndma.gov.pk/storage/app/public/settings/January2022/LMd5D8oVEDCq2Hn3At3f.png","0","45","1388","1456","1456","1462","1464","3449","3449","3449","3449","4647","3790","3790","3827","4215","","4834","4834","4843","3449","4215","4215","0.0015940116871332","0.0015940116871332","3827","0","8678","3434","3434","3827","0","230330_ZX_F9","1","1","162147","0","0","0","0","0","1","188073","11073","2","52943","78750","19","239946","50772","17","325357","446936","6","447203","0","0","0","64464","1","64464","0","0","0","0","0","0","230330_ZX_F9","",
"5728","5728","6202","128931","125885","651493","650610","45","45","44","45","0","0","0","0","0","1","24D395ADB06DE40B6416CFB0D58A7CD6","5728","5737","4104","4140","http://cms.ndma.gov.pk/page/vision-mission-aim","8","0","7C4C731F41319601BD0DF0E4BF164A5E","http://cms.ndma.gov.pk/page/vision-mission-aim","3692.4000000022","3692","3692","4104","4355","17","0","1488","2","5","100","-1","100","-1","-1","100","-1","-1","136411","0","-1","-1","446053","0","","19","2","0","107","98","18","128","97","0","0","0","0","0","0","0","0","0","0","4","0","0","0","0","0","0","0","0","0","0","0","55","86","3","21","0","1","58","0","0","18","0","0","0","0","0","5","1","0","0","0","0","0","12","0","0","0","0","2","0","0","0","0","0","0","0","0","0","0","0","0","0","0","0","0","0","0","0","0","0","0","0","0","0","0","0","0","0","0","0","0","0","0","0","5","0","1","0","0","0","0","0","0","0","0","0","0","1","0","","10","","","","","0","5445","mukeet-ThinkPad-T490-192.168.0.112","1680194189.3662","","","92.0.4515.131","92.0.4515.131","1680194206.9294","http://cms.ndma.gov.pk/page/vision-mission-aim","cms.ndma.gov.pk","http://cms.ndma.gov.pk","312","5727","3692.4000000022","3692.4000000022","","","n2.comsats.net.pk","android - chrome","Step_1","21509","http://cms.ndma.gov.pk/page/vision-mission-aim","9664","3682","4349","4349","4349","6078","9664","3944","image","IMG","http://cms.ndma.gov.pk/storage/app/public/settings/January2022/LMd5D8oVEDCq2Hn3At3f.png","0","46","1503","1565","1565","1568","1569","3692","3692","3692","3692","4886","4104","4104","4140","4354","","5728","5728","5737","3692","4355","4355","0.0013236288644773","0.0013236288644773","4140","0","9402","3682","3682","4140","0","230330_4P_FA","1","1","138203","0","0","0","0","0","1","153445","10571","2","51127","78750","19","239946","50772","17","325357","446936","6","447203","0","0","0","64464","1","64464","0","0","0","0","0","0","230330_4P_FA","",
"9590","9590","10028","128670","125633","651277","650394","45","45","44","45","0","0","0","0","0","1","310D09FFCA4D88C12D52242D37FC23C7","9591","9605","3711","3750","http://cms.ndma.gov.pk/page/our-achievement","8","0","724B428F7CBB4F9232B3BCF70568A44F","http://cms.ndma.gov.pk/page/our-achievement","3399.8999999985","3400","3400","3710","4183","17","0","1411","2","5","100","-1","100","-1","-1","100","-1","-1","136194","0","-1","-1","446053","0","","50","6","0","109","95","22","177","92","0","0","0","0","0","0","0","0","0","0","3","0","0","0","0","0","0","0","0","0","0","0","80","108","29","51","0","6","79","0","0","58","0","0","1","0","0","23","1","0","1","0","0","0","0","0","0","0","0","8","0","0","1","0","0","0","0","0","0","0","0","0","0","0","0","0","0","0","0","0","0","0","0","0","0","0","0","0","0","0","0","0","0","0","0","4","0","0","0","1","0","0","0","0","0","0","0","0","1","5","0","8","","","","","0","9006","mukeet-ThinkPad-T490-192.168.0.112","1680194230.5548","","","92.0.4515.131","92.0.4515.131","1680194248.3938","http://cms.ndma.gov.pk/page/our-achievement","cms.ndma.gov.pk","http://cms.ndma.gov.pk","524","9590","3399.8999999985","3399.8999999985","","","n1.comsats.net.pk","android - chrome","Step_1","25449","http://cms.ndma.gov.pk/page/our-achievement","13482","3405","4414","4414","4414","5658","13482","3787","image","IMG","http://cms.ndma.gov.pk/storage/app/public/settings/January2022/LMd5D8oVEDCq2Hn3At3f.png","0","41","1426","1487","1487","1490","1491","3399","3399","3399","3399","4446","3710","3710","3750","4183","","9590","9590","9605","3400","4410","4410","0.0013112408068656","0.0013112408068656","3750","0","13301","3405","3750","3750","0","230330_EN_FB","1","1","75580","0","0","0","0","0","1","79519","10355","2","60961","78750","19","239946","50772","17","325357","446936","6","447203","0","0","0","64464","1","64464","0","0","0","0","0","0","230330_EN_FB","",
"10331","10331","10808","223860","220808","1574420","1573537","91","91","90","91","0","0","0","0","0","1","1AACF4CF30C8D2F1739BC90B613695E1","10331","10342","4322","4396","http://cms.ndma.gov.pk/page/ndma-hrfs-warehouses","12","0","FF8791FDC07AEAB66C13A485A7BF1003","http://cms.ndma.gov.pk/page/ndma-hrfs-warehouses","3783.3999999985","3783","3783","4321","4646","19","0","1377","45","53","100","-1","100","-1","-1","100","-1","-1","957305","0","-1","-1","548757","0","","","5","0","1428","20","15","286","55","0","0","0","0","0","0","1","1","0","1","170","0","0","0","0","0","0","0","0","0","0","","47","72","","","","","208","0","","23","0","0","0","0","0","0","0","0","","0","0","0","17","0","0","0","0","0","0","0","0","0","0","0","0","0","0","0","0","0","0","0","0","0","0","0","0","0","0","0","0","0","0","0","0","0","0","0","0","0","0","0","2","15","0","0","0","2","0","0","0","0","0","0","0","0","0","0","1","","4","0","","0","","8433","mukeet-ThinkPad-T490-192.168.0.112","1680194274.9354","","","92.0.4515.131","92.0.4515.131","1680194292.9802","http://cms.ndma.gov.pk/page/ndma-hrfs-warehouses","cms.ndma.gov.pk","http://cms.ndma.gov.pk","281","10331","3783.3999999985","3783.3999999985","","","n1.comsats.net.pk","android - chrome","Step_1","26988","http://cms.ndma.gov.pk/page/ndma-hrfs-warehouses","14234","3801","4812","4812","4812","5816","14234","4200","image","IMG","http://cms.ndma.gov.pk/storage/app/public/settings/January2022/LMd5D8oVEDCq2Hn3At3f.png","0","51","1393","1462","1462","1466","1468","3783","3783","3783","3783","5230","4321","4322","4396","4645","4399","10331","10331","10342","3783","4793","4793","0.0014275808261757","0.0014275808261757","","1139","13996","9719","","","1871","230330_7C_FC","1","1","166940","0","0","0","0","0","1","175735","185281","3","621575","677367","36","2054483","97222","19","650633","549966","29","550233","0","0","0","64464","1","64464","0","0","0","120","3","58","230330_7C_FC","",
"56845","0","56845","261046","0","22953582","0","89","89","0","86","0","3","0","0","0","1","3A99C5BB2B348BC571779AE6D5064BF0","0","0","4169","4248","http://cms.ndma.gov.pk/news","8","0","6DE1AD1CEA918810C87BEA6DA3AA7AC3","http://cms.ndma.gov.pk/news","3776.700000003","3777","3777","4168","4680","17","0","1658","1","2","100","-1","100","-1","-1","100","-1","0","140056","0","-1","-1","22748240","0","","376","4","0","37","70","30","152","106","0","0","0","0","0","0","0","0","0","0","9","0","0","0","0","0","0","0","0","0","0","0","159","373","173","166","0","100","325","0","0","643","0","0","1","0","0","6","2","0","5","1","1","0","1","0","0","0","0","1","0","0","0","0","0","0","0","0","0","1","0","0","0","0","0","0","0","0","0","0","0","0","0","0","0","0","0","0","0","0","0","0","0","0","4","0","0","0","0","0","0","0","0","0","0","0","0","0","0","0","2","5","","","","","","54095","mukeet-ThinkPad-T490-192.168.0.112","1680194322.0949","","","92.0.4515.131","92.0.4515.131","1680194339.9889","http://cms.ndma.gov.pk/news","cms.ndma.gov.pk","http://cms.ndma.gov.pk","673","","3776.700000003","3776.700000003","","","n1.comsats.net.pk","android - chrome","Step_1","137492","http://cms.ndma.gov.pk/news","120943","3766","4670","4737","4737","118067","120943","6685","image","IMG","http://cms.ndma.gov.pk/storage/app/public/settings/January2022/LMd5D8oVEDCq2Hn3At3f.png","0","39","1674","1735","1735","1739","1740","3776","3776","3776","3776","39084","4168","4169","4248","4680","43083","","","","3777","4704","4704","0.0012331421827916","0.0012331421827916","4252","41","120849","4252","4252","4252","41","230330_VZ_FD","1","1","415923","0","0","0","0","0","1","","10733","3","68271","78750","19","239946","50772","17","325357","22748240","48","22748240","0","0","0","64464","1","64464","0","0","0","623","1","2599","230330_VZ_FD","Page Load Timeout",
"8176","8176","8742","125306","122281","651041","650158","44","44","43","44","0","0","0","0","0","1","36E68C08AFB618786E7B32534242087E","8176","8184","5303","5359","http://cms.ndma.gov.pk/page/sitrep-2022","8","0","58C4714BBC4AE2E68D3C2CDA4E6E7D50","http://cms.ndma.gov.pk/page/sitrep-2022","4655.3000000007","4655","4655","5303","7367","17","0","1987","2","5","100","-1","100","-1","-1","100","-1","-1","140524","0","-1","-1","446053","0","","26","2","0","88","104","36","119","80","0","0","0","0","0","0","0","0","0","0","4","0","0","0","0","0","0","0","0","0","0","0","91","93","6","24","0","2","76","0","0","34","1","0","17","0","0","0","0","0","12","0","0","2","7","0","0","0","0","0","0","0","0","0","0","0","0","0","0","0","0","0","0","0","0","0","0","0","0","0","0","0","0","0","0","0","0","0","0","0","0","0","0","0","0","4","0","1","0","0","0","0","0","0","0","0","0","0","1","0","2","3","","","","","0","7908","mukeet-ThinkPad-T490-192.168.0.112","1680194479.6013","","","92.0.4515.131","92.0.4515.131","1680194503.5473","http://cms.ndma.gov.pk/page/sitrep-2022","cms.ndma.gov.pk","http://cms.ndma.gov.pk","989","8176","4655.3000000007","4655.3000000007","","","n1.comsats.net.pk","android - chrome","Step_1","31321","http://cms.ndma.gov.pk/page/sitrep-2022","12433","4655","7413","7413","7413","8129","12433","5273","image","IMG","http://cms.ndma.gov.pk/storage/app/public/settings/January2022/LMd5D8oVEDCq2Hn3At3f.png","0","50","1997","2058","2058","2062","2064","4655","4655","4655","4655","7687","5302","5303","5358","7366","","8176","8176","8183","4655","7423","7423","0.0011641999491264","0.0011641999491264","5363","15","12260","5363","5363","5363","15","230330_Q0_FE","1","1","96379","0","0","0","0","0","1","105050","10119","1","104419","78750","19","239946","50772","17","325357","446936","6","447203","0","0","0","64464","1","64464","0","0","0","0","0","0","230330_Q0_FE","",
"6070","6070","6368","128670","125633","652310","651427","45","45","44","45","0","0","0","0","0","1","A6177912E80421B54A0B5067BD721118","6070","6079","3907","3973","http://cms.ndma.gov.pk/page/advisories-2022","8","0","AEABDE8567237D6A521532043FEF00ED","http://cms.ndma.gov.pk/page/advisories-2022","3429.3999999985","3429","3429","3906","4049","17","0","1144","2","5","100","-1","100","-1","-1","100","-1","-1","137232","0","-1","-1","446053","0","","20","2","0","138","111","26","123","91","0","0","0","0","0","0","0","0","0","0","5","0","0","0","0","0","0","0","0","0","0","0","69","84","4","19","0","1","77","0","0","21","0","0","0","0","0","13","1","0","0","0","0","0","1","0","1","0","0","2","0","0","1","0","0","0","0","0","0","0","0","0","0","0","0","0","0","0","0","0","0","0","0","0","0","0","0","0","0","0","0","0","0","0","0","6","0","1","0","1","0","0","0","0","0","0","0","0","1","2","0","9","","","","","0","5535","mukeet-ThinkPad-T490-192.168.0.112","1680194536.0723","","","92.0.4515.131","92.0.4515.131","1680194554.1497","http://cms.ndma.gov.pk/page/advisories-2022","cms.ndma.gov.pk","http://cms.ndma.gov.pk","542","6070","3429.3999999985","3429.3999999985","","","n2.comsats.net.pk","android - chrome","Step_1","20944","http://cms.ndma.gov.pk/page/advisories-2022","9840","3414","4040","4040","4040","6212","9840","3679","image","IMG","http://cms.ndma.gov.pk/storage/app/public/settings/January2022/LMd5D8oVEDCq2Hn3At3f.png","0","49","1160","1224","1224","1227","1229","3429","3429","3429","3429","4587","3906","3907","3973","4049","","6070","6070","6079","3429","4049","4049","0.0012062116227661","0.0012062116227661","3976","29","9623","3976","3976","3976","30","230330_GN_FF","1","1","124867","0","0","0","0","0","1","132242","11388","2","72854","78750","19","239946","50772","17","325357","446936","6","447203","0","0","0","64464","1","64464","0","0","0","0","0","0","230330_GN_FF","",
"6579","6579","6967","118326","115328","304217","303334","42","42","41","42","0","0","0","0","0","1","DFA6EAD23EEE439E296B4840ACBACF4E","6580","6588","5370","5432","http://cms.ndma.gov.pk/tenders","8","0","AAFD33601B8368D1AC284114B1438A56","http://cms.ndma.gov.pk/tenders","4945.8999999985","4946","4946","5369","5578","17","0","2384","2","5","100","-1","100","-1","-1","100","-1","-1","145178","0","-1","-1","94575","0","","48","2","0","124","88","52","110","94","0","0","0","0","0","0","0","0","0","0","3","0","0","0","0","0","0","0","0","0","0","0","107","234","3","36","0","1","72","0","0","12","0","0","0","0","0","1","0","0","0","0","0","0","1","0","0","0","0","2","0","0","0","0","0","0","0","0","0","0","0","0","0","0","0","0","0","0","0","0","0","0","0","0","0","0","0","0","0","0","0","0","0","0","0","2","0","0","0","0","0","0","0","0","0","0","0","0","0","0","1","3","","","","","0","5970","mukeet-ThinkPad-T490-192.168.0.112","1680194577.2353","","","92.0.4515.131","92.0.4515.131","1680194593.1434","http://cms.ndma.gov.pk/tenders","cms.ndma.gov.pk","http://cms.ndma.gov.pk","1588","6579","4945.8999999985","4945.8999999985","","","n1.comsats.net.pk","android - chrome","Step_1","27247","http://cms.ndma.gov.pk/tenders","10834","4927","6046","6046","6046","6737","10834","5280","image","IMG","http://cms.ndma.gov.pk/storage/app/public/settings/January2022/LMd5D8oVEDCq2Hn3At3f.png","0","45","2402","2468","2468","2471","2472","4945","4945","4945","4945","6686","5369","5370","5432","5578","","6579","6579","6588","4946","5596","5596","0.0011728177283345","0.0011728177283345","","28","10582","6666","","","51","230330_T7_FG","1","1","66379","0","0","0","0","0","1","72308","14773","1","93540","78750","19","239946","50772","17","325357","95458","4","95725","0","0","0","64464","1","64464","0","0","0","0","0","0","230330_T7_FG","",
"6765","6765","7150","127524","124526","648256","647373","45","45","44","44","1","0","0","0","0","1","AFCB2098AFE342D15DFBC497D73C12F9","6765","6773","4442","4483","http://cms.ndma.gov.pk/careers","8","0","0F63500B4E7DABBF60C6045D225484B3","http://cms.ndma.gov.pk/careers","3961.5999999978","3962","3962","4442","4651","17","0","1381","2","5","100","-1","100","-1","-1","100","-1","-1","136187","0","-1","-1","446053","0","","19","1","0","119","96","18","136","109","0","0","0","0","0","0","0","0","0","0","4","0","0","0","0","0","0","0","0","0","0","0","53","82","4","26","0","2","54","0","0","23","0","0","0","0","0","2","0","0","0","0","0","0","1","0","0","0","0","1","0","0","0","0","0","0","0","0","0","0","0","0","1","0","0","0","0","0","0","0","0","0","0","0","0","0","0","0","0","0","0","0","0","0","0","2","0","0","0","1","0","0","0","0","0","0","0","0","0","0","0","5","","","","","0","6391","mukeet-ThinkPad-T490-192.168.0.112","1680194621.5787","","","92.0.4515.131","92.0.4515.131","1680194640.242","http://cms.ndma.gov.pk/careers","cms.ndma.gov.pk","http://cms.ndma.gov.pk","368","6765","3961.5999999978","3961.5999999978","","","n2.comsats.net.pk","android - chrome","Step_1","23400","http://cms.ndma.gov.pk/careers","10606","3959","4652","4652","4652","7022","10606","4227","image","IMG","http://cms.ndma.gov.pk/storage/app/public/settings/January2022/LMd5D8oVEDCq2Hn3At3f.png","0","46","1394","1455","1455","1458","1460","3961","3961","3961","3961","5214","4442","4442","4483","4651","4486","6765","6765","6773","3962","4651","4651","0.0011695860611315","0.0011695860611315","4483","0","10383","3959","4483","4483","0","230330_SZ_FH","1","1","112368","0","0","0","0","0","1","120240","7334","2","29117","78750","19","239946","50772","17","325357","446936","6","447203","0","0","0","64464","1","64464","0","0","0","0","0","0","230330_SZ_FH","",
"20764","20764","21127","377243","374251","10156215","10155332","125","125","124","124","1","0","0","0","0","1","0A488ACC30AADE7C498FF972C80ACE6E","20765","20778","3748","3809","http://cms.ndma.gov.pk/plans","8","0","30758A890D6B0178E19E3DD20BBDFEF8","http://cms.ndma.gov.pk/plans","3359.8999999985","3360","3360","3746","4001","17","0","947","1","2","100","-1","100","-1","-1","100","-1","0","140718","0","-1","-1","9949481","10740","","775","7","0","41","70","37","201","108","0","0","0","0","0","0","0","0","0","0","7","0","0","0","0","0","0","0","0","0","0","0","50","557","296","385","0","18","96","0","0","153","0","0","0","0","0","13","0","0","0","0","0","0","0","0","0","0","0","0","0","0","0","0","0","0","0","0","0","0","0","0","0","0","0","0","0","0","0","0","0","0","0","0","0","0","0","0","0","0","0","0","0","0","0","0","0","0","0","1","0","0","0","0","0","0","0","0","0","0","0","7","","","","","0","18304","mukeet-ThinkPad-T490-192.168.0.112","1680194665.722","","","92.0.4515.131","92.0.4515.131","1680194683.7972","http://cms.ndma.gov.pk/plans","cms.ndma.gov.pk","http://cms.ndma.gov.pk","690","20764","3359.8999999985","3359.8999999985","","","n1.comsats.net.pk","android - chrome","Step_1","52956","http://cms.ndma.gov.pk/plans","24687","3348","4113","4113","4113","21083","24687","3903","image","IMG","http://cms.ndma.gov.pk/storage/app/public/settings/January2022/LMd5D8oVEDCq2Hn3At3f.png","0","49","964","1038","1038","1041","1043","3359","3359","3359","3359","20537","3746","3747","3808","4000","","20764","20764","20777","3360","4126","4126","0.0011410396675044","0.0011410396675044","3813","25","24459","3813","3813","3813","25","230330_CY_FJ","1","1","503281","0","0","0","0","0","1","512455","11865","2","85379","78750","19","239946","50772","17","325357","9950364","86","9950631","0","0","0","64464","1","64464","0","0","0","0","0","0","230330_CY_FJ","",
"6493","6493","6914","148978","145992","1094768","1093885","52","52","51","51","1","0","0","0","0","1","79152B2848F9A810F1EBC4A54CF757A0","6493","6501","4375","4416","http://cms.ndma.gov.pk/psm","8","0","8EFFF60F0B9AC2E0E4FECE312C61C70F","http://cms.ndma.gov.pk/psm","3964.9000000022","3965","3965","4375","4604","17","0","1672","2","4","100","-1","100","-1","-1","100","-1","0","135469","0","-1","-1","893283","0","","44","2","0","133","101","20","141","100","0","0","0","0","0","0","0","0","0","0","5","0","0","0","0","0","0","0","0","0","0","0","54","107","9","54","0","2","57","0","0","20","0","0","0","0","0","2","0","0","0","0","0","0","0","0","0","0","0","5","0","0","1","0","0","0","0","0","0","0","0","0","0","0","0","0","0","0","0","0","0","0","0","0","0","0","0","0","0","0","0","0","0","0","0","3","0","0","0","1","0","0","0","0","0","0","0","0","0","0","3","4","","","","","0","6044","mukeet-ThinkPad-T490-192.168.0.112","1680194738.9317","","","92.0.4515.131","92.0.4515.131","1680194755.8321","http://cms.ndma.gov.pk/psm","cms.ndma.gov.pk","http://cms.ndma.gov.pk","309","6493","3964.9000000022","3964.9000000022","","","n1.comsats.net.pk","android - chrome","Step_1","22116","http://cms.ndma.gov.pk/psm","10348","3944","4968","4968","4968","6167","10348","4287","image","IMG","http://cms.ndma.gov.pk/storage/app/public/settings/January2022/LMd5D8oVEDCq2Hn3At3f.png","0","44","1687","1788","1788","1791","1792","3964","3964","3964","3964","5930","4375","4375","4416","4604","","6493","6493","6501","3965","4604","4604","0.0011291902210932","0.0011291902210932","4416","0","10117","3944","3944","4416","0","230330_B1_FK","1","1","208845","0","0","0","0","0","1","226900","6616","2","27550","78750","19","239946","50772","17","325357","894166","13","894433","0","0","0","64464","1","64464","0","0","0","0","0","0","230330_B1_FK","",
"32262","32262","32691","407497","404484","16415670","16414787","133","133","132","133","0","0","0","0","0","1","46E1091D6C6C63BF3B5B9DD44AAF5A2A","32261","32276","4538","4604","http://cms.ndma.gov.pk/publications","8","0","5684C8ED9548BBDF92FD5C3CB734F1E1","http://cms.ndma.gov.pk/publications","4109","4109","4109","4537","4811","17","0","1952","1","2","100","-1","100","-1","-1","100","-1","0","152374","0","-1","-1","16198832","48265","","1993","5","0","18","39","46","218","110","0","0","0","0","0","0","0","0","0","0","0","0","0","0","0","0","0","0","0","0","0","0","113","1059","1200","400","0","55","152","0","0","259","0","0","2","0","1","1","3","0","1","1","1","0","1","1","1","0","0","1","0","0","0","0","0","0","0","0","0","0","0","0","0","0","0","0","0","0","0","0","0","0","0","0","0","0","0","0","0","0","0","0","0","0","5","0","0","0","0","1","0","0","0","0","0","0","0","0","0","0","0","5","","","","","0","26996","mukeet-ThinkPad-T490-192.168.0.112","1680194779.0372","","","92.0.4515.131","92.0.4515.131","1680194795.591","http://cms.ndma.gov.pk/publications","cms.ndma.gov.pk","http://cms.ndma.gov.pk","1489","32261","4109","4109","","","n2.comsats.net.pk","android - chrome","Step_1","59724","http://cms.ndma.gov.pk/publications","36495","4112","4820","4820","4820","33009","36495","4912","image","IMG","http://cms.ndma.gov.pk/storage/app/public/settings/January2022/LMd5D8oVEDCq2Hn3At3f.png","0","43","1971","2034","2035","2038","2040","4109","4109","4109","4109","32306","4537","4538","4604","4810","","32261","32262","32276","4109","4811","4811","0.0012320649603906","0.0012320649603906","4610","31","36255","4610","4610","4610","31","230330_ZP_FM","1","1","534033","0","0","0","0","0","1","541563","21969","1","244959","78750","19","239946","50772","17","325357","16199715","95","16199982","0","0","0","64464","1","64464","0","0","0","0","0","0","230330_ZP_FM","",
"5925","5925","6322","127785","124778","650267","649384","46","46","45","45","1","0","0","0","0","1","B16FCD777D54A680E1660E4D4A38168E","5925","5936","4035","4088","http://cms.ndma.gov.pk/contact-us","8","0","1E919D9B104283835085A04FB673692A","http://cms.ndma.gov.pk/contact-us","3629.700000003","3630","3630","4035","4289","17","0","1470","2","5","100","-1","100","-1","-1","100","-1","-1","138111","0","-1","-1","446053","0","","28","1","0","100","97","29","127","108","0","0","0","0","0","0","0","0","0","0","4","0","0","0","0","0","0","0","0","0","0","0","105","61","6","25","0","2","64","0","0","17","0","0","2","0","8","13","0","0","0","0","0","0","0","0","0","0","0","4","0","0","1","0","0","0","0","0","0","0","0","0","0","0","0","0","0","0","0","0","0","0","0","0","0","0","0","0","0","0","0","0","0","0","0","4","0","1","0","0","0","0","0","0","3","0","0","0","1","1","0","10","","","","","0","5497","mukeet-ThinkPad-T490-192.168.0.112","1680194857.5972","","","92.0.4515.131","92.0.4515.131","1680194875.4775","http://cms.ndma.gov.pk/contact-us","cms.ndma.gov.pk","http://cms.ndma.gov.pk","608","5924","3629.700000003","3629.700000003","","","n1.comsats.net.pk","android - chrome","Step_1","22734","http://cms.ndma.gov.pk/contact-us","9871","3614","4270","4270","4270","6262","9871","3862","image","IMG","http://cms.ndma.gov.pk/storage/app/public/settings/January2022/LMd5D8oVEDCq2Hn3At3f.png","0","44","1486","1557","1557","1563","1564","3629","3629","3629","3629","4759","4035","4035","4088","4289","","5924","5925","5936","3630","4289","4289","0.0011408682912134","0.0011408682912134","4095","15","9690","4095","4095","4095","15","230330_XM_FN","1","1","134020","0","0","0","0","0","1","145765","9258","2","61071","78750","19","239946","50772","17","325357","446936","6","447203","0","0","0","64464","1","64464","0","0","0","87","1","80","230330_XM_FN","",
"5620","5620","5993","137022","133697","653586","652703","45","45","44","45","0","0","0","0","0","1","A857B474C8CE2AF412E571E11BC79BED","5620","5627","3909","3948","http://cms.ndma.gov.pk/news/islamabad-march-28-2023-ndma-attends-annual-meeting-of-asia-pacific-forum-on-sustainable-development-at-bangkok","8","0","9963083A671B610F85E238A219041237","http://cms.ndma.gov.pk/news/islamabad-march-28-2023-ndma-attends-annual-meeting-of-asia-pacific-forum-on-sustainable-development-at-bangkok","3549.0999999978","3549","3549","3909","4151","17","0","1352","2","5","100","-1","100","-1","-1","100","-1","-1","138503","0","-1","-1","446053","0","","25","3","0","92","100","18","128","106","0","0","0","0","0","0","0","0","0","0","4","0","0","0","0","0","0","0","0","0","0","0","54","119","8","29","0","1","49","0","0","19","0","0","0","0","6","1","0","0","0","0","0","0","3","0","0","0","0","0","0","0","0","0","0","0","0","0","0","0","0","0","0","0","0","0","0","0","0","0","0","0","0","0","0","0","0","0","0","0","0","0","0","0","0","4","0","1","0","0","0","0","0","0","0","0","0","0","1","0","0","4","","","0","","0","5216","mukeet-ThinkPad-T490-192.168.0.112","1680194899.2856","","","92.0.4515.131","92.0.4515.131","1680194915.8418","http://cms.ndma.gov.pk/news/islamabad-march-28-2023-ndma-attends-annual-meeting-of-asia-pacific-forum-on-sustainable-development-at-bangkok","cms.ndma.gov.pk","http://cms.ndma.gov.pk","315","5619","3549.0999999978","3549.0999999978","","","n2.comsats.net.pk","android - chrome","Step_1","20737","http://cms.ndma.gov.pk/news/islamabad-march-28-2023-ndma-attends-annual-meeting-of-asia-pacific-forum-on-sustainable-development-at-bangkok","9373","3551","4378","4378","4378","5761","9373","3849","image","IMG","http://cms.ndma.gov.pk/storage/app/public/settings/January2022/LMd5D8oVEDCq2Hn3At3f.png","0","43","1365","1422","1423","1426","1428","3549","3549","3549","3549","5248","3909","3909","3948","4150","","5620","5620","5627","3549","4151","4151","0.0019672692490866","0.0019672692490866","3952","3","9199","3952","3952","3952","3","230330_CH_FP","1","1","140828","0","0","0","0","0","1","152929","12664","2","54747","78750","19","239946","50772","17","325357","446936","6","447203","0","0","0","64464","1","64464","0","0","0","0","0","0","230330_CH_FP","",
"5123","5123","5575","129279","126221","651299","650416","45","45","44","45","0","0","0","0","0","1","30FCA527B8D30C9B592175BD4FF29CE1","5123","5132","3812","3854","http://cms.ndma.gov.pk/news/eq-tremors-21-march-23","8","0","9E22DDF4F822B13320E2839FE76F2A50","http://cms.ndma.gov.pk/news/eq-tremors-21-march-23","3410.8000000007","3411","3411","3811","4050","17","0","874","2","5","100","-1","100","-1","-1","100","-1","-1","136212","0","-1","-1","446053","0","","21","2","0","133","100","18","107","83","0","0","0","0","0","0","0","0","0","0","4","0","0","0","0","0","0","0","0","0","0","0","54","99","5","22","0","1","58","0","0","16","0","0","0","0","0","0","0","0","0","0","0","0","4","0","0","0","0","2","0","0","0","0","0","0","0","0","0","0","0","0","0","0","0","0","0","0","0","0","0","0","0","0","0","0","0","0","0","0","0","0","0","0","0","3","0","0","0","0","0","0","0","0","0","0","0","0","1","0","1","6","","","","","0","4834","mukeet-ThinkPad-T490-192.168.0.112","1680194938.6939","","","92.0.4515.131","92.0.4515.131","1680194956.6714","http://cms.ndma.gov.pk/news/eq-tremors-21-march-23","cms.ndma.gov.pk","http://cms.ndma.gov.pk","298","5123","3410.8000000007","3410.8000000007","","","n1.comsats.net.pk","android - chrome","Step_1","20381","http://cms.ndma.gov.pk/news/eq-tremors-21-march-23","8991","3407","4301","4301","4301","5422","8991","3699","image","IMG","http://cms.ndma.gov.pk/storage/app/public/settings/January2022/LMd5D8oVEDCq2Hn3At3f.png","0","44","890","952","952","955","957","3410","3410","3410","3410","4610","3811","3811","3854","4049","","5123","5123","5132","3411","4050","4050","0.0015029863942471","0.0015029863942471","","42","8755","3858","","","42","230330_HP_FQ","1","1","138544","0","0","0","0","0","1","153075","10377","2","50701","78750","19","239946","50772","17","325357","446936","6","447203","0","0","0","64464","1","64464","0","0","0","0","0","0","230330_HP_FQ","",
"6187","6187","6636","136935","133613","650627","649744","45","45","44","45","0","0","0","0","0","1","40596F8CF0E69C492BFF3BCD39DCD540","6187","6196","4118","4160","http://cms.ndma.gov.pk/news/islamabad-march-21-2023-chairman-ndma-lt-gen-inam-haider-malik-attended-building-back-better-conf-org-by-usaid","8","0","DE686BCAC4FC3E46F5E583B788EB4A6C","http://cms.ndma.gov.pk/news/islamabad-march-21-2023-chairman-ndma-lt-gen-inam-haider-malik-attended-building-back-better-conf-org-by-usaid","3854.6000000015","3855","3855","4118","4598","17","0","1736","2","5","100","-1","100","-1","-1","100","-1","-1","135545","0","-1","-1","446053","0","","24","2","0","102","95","16","125","95","0","0","0","0","0","0","0","0","0","0","4","0","0","0","0","0","0","0","0","0","0","0","51","85","5","34","0","1","61","0","0","19","0","0","1","0","0","15","1","0","0","0","0","1","1","0","0","0","0","3","0","0","0","0","0","0","0","0","0","0","0","0","0","0","0","0","0","0","0","0","0","0","0","0","0","0","0","0","0","1","0","0","0","0","0","5","0","1","0","1","0","0","0","0","0","0","0","0","1","0","0","8","","","","","0","5875","mukeet-ThinkPad-T490-192.168.0.112","1680194978.1302","","","92.0.4515.131","92.0.4515.131","1680194994.6132","http://cms.ndma.gov.pk/news/islamabad-march-21-2023-chairman-ndma-lt-gen-inam-haider-malik-attended-building-back-better-conf-org-by-usaid","cms.ndma.gov.pk","http://cms.ndma.gov.pk","291","6187","3854.6000000015","3854.6000000015","","","n1.comsats.net.pk","android - chrome","Step_1","21428","http://cms.ndma.gov.pk/news/islamabad-march-21-2023-chairman-ndma-lt-gen-inam-haider-malik-attended-building-back-better-conf-org-by-usaid","10108","3849","4592","4592","4592","6500","10108","4111","image","IMG","http://cms.ndma.gov.pk/storage/app/public/settings/January2022/LMd5D8oVEDCq2Hn3At3f.png","0","45","1750","1810","1810","1813","1815","3854","3854","3854","3854","4858","4118","4118","4160","4598","","6187","6187","6196","3855","4598","4598","0.0019672692490866","0.0019672692490866","4160","0","9861","3849","4160","4160","0","230330_31_FR","1","1","132781","0","0","0","0","0","1","145977","9705","2","47273","78750","19","239946","50772","17","325357","446936","6","447203","0","0","0","64464","1","64464","0","0","0","0","0","0","230330_31_FR","",
"5256","5256","5614","140659","137277","651534","650651","46","46","45","46","0","0","0","0","0","1","20A177BF326D3D9173CBCE24A0BE8731","5256","5261","4016","4056","http://cms.ndma.gov.pk/news/islamabad-march-17-2023-mr-m-jehanzeb-khan-special-asst-to-the-pm-sapm-called-on-cn-ndma-ltg-inam-haider-malik-in-his-office-today","9","0","F538A6C0989362261258092975CDA906","http://cms.ndma.gov.pk/news/islamabad-march-17-2023-mr-m-jehanzeb-khan-special-asst-to-the-pm-sapm-called-on-cn-ndma-ltg-inam-haider-malik-in-his-office-today","3722.200000003","3722","3722","4016","4321","17","0","1397","2","7","100","-1","100","-1","-1","100","-1","-1","136452","0","-1","-1","446053","0","","27","2","0","134","103","19","157","104","0","0","0","0","0","0","0","0","0","0","4","0","0","0","0","0","0","0","0","0","0","0","52","87","6","37","0","1","52","0","0","11","0","0","0","0","0","13","0","0","0","0","0","0","0","0","0","0","0","2","0","0","0","0","0","0","0","0","0","0","0","0","0","0","0","0","0","0","0","0","0","0","0","0","0","0","0","0","0","0","0","0","0","0","0","3","0","0","0","0","0","0","0","0","0","0","0","0","1","0","0","6","","","","","0","4793","mukeet-ThinkPad-T490-192.168.0.112","1680195018.1688","","","92.0.4515.131","92.0.4515.131","1680195036.7298","http://cms.ndma.gov.pk/news/islamabad-march-17-2023-mr-m-jehanzeb-khan-special-asst-to-the-pm-sapm-called-on-cn-ndma-ltg-inam-haider-malik-in-his-office-today","cms.ndma.gov.pk","http://cms.ndma.gov.pk","293","5256","3722.200000003","3722.200000003","","","n1.comsats.net.pk","android - chrome","Step_1","20176","http://cms.ndma.gov.pk/news/islamabad-march-17-2023-mr-m-jehanzeb-khan-special-asst-to-the-pm-sapm-called-on-cn-ndma-ltg-inam-haider-malik-in-his-office-today","9012","3709","4301","4301","4301","5015","9012","3922","image","IMG","http://cms.ndma.gov.pk/storage/app/public/settings/January2022/LMd5D8oVEDCq2Hn3At3f.png","0","47","1414","1494","1494","1497","1498","3722","3722","3722","3722","4913","4016","4016","4056","4320","","5256","5256","5260","3722","4331","4331","0.0019672692490866","0.0019672692490866","4056","0","8823","3709","3709","4056","0","230330_7N_FS","1","1","154501","0","0","0","0","0","1","168606","10144","2","49739","78750","19","239946","50772","17","325357","447404","7","448097","0","0","0","64464","1","64464","0","0","0","0","0","0","230330_7N_FS","",
"5484","5484","5851","136326","133025","651390","650507","45","45","44","45","0","0","0","0","0","1","C0A60824F89C9D1663DE7D13F40AB098","5484","5491","4295","4362","http://cms.ndma.gov.pk/news/march-16-2023-islamabad-ndma-convenes-national-level-simulation-exercise-on-floods-and-rain-emergencies","8","0","3DCCC789FAA312D2B424A2E387075F99","http://cms.ndma.gov.pk/news/march-16-2023-islamabad-ndma-convenes-national-level-simulation-exercise-on-floods-and-rain-emergencies","3668.8000000007","3669","3669","4295","4428","17","0","1323","2","5","100","-1","100","-1","-1","100","-1","-1","136307","0","-1","-1","446053","0","","23","2","0","124","107","18","133","91","0","0","0","0","0","0","0","0","0","0","2","0","0","0","0","0","0","0","0","0","0","0","54","95","6","22","0","1","75","0","0","12","0","0","1","0","0","0","0","0","0","1","0","0","4","4","0","0","0","2","0","0","0","0","0","0","0","0","0","0","0","0","0","0","0","0","0","0","0","0","0","0","0","0","0","0","0","0","0","0","0","0","0","0","6","","0","3","1","0","0","0","0","0","0","0","0","0","1","1","0","12","","","","","0","5045","mukeet-ThinkPad-T490-192.168.0.112","1680195057.9827","","","92.0.4515.131","92.0.4515.131","1680195075.5148","http://cms.ndma.gov.pk/news/march-16-2023-islamabad-ndma-convenes-national-level-simulation-exercise-on-floods-and-rain-emergencies","cms.ndma.gov.pk","http://cms.ndma.gov.pk","299","5484","3668.8000000007","3668.8000000007","","","n2.comsats.net.pk","android - chrome","Step_1","19623","http://cms.ndma.gov.pk/news/march-16-2023-islamabad-ndma-convenes-national-level-simulation-exercise-on-floods-and-rain-emergencies","9305","3672","4584","4584","4584","5519","9305","3953","image","IMG","http://cms.ndma.gov.pk/storage/app/public/settings/January2022/LMd5D8oVEDCq2Hn3At3f.png","0","43","1339","1406","1406","1410","1411","3668","3668","3668","3668","4915","4295","4295","4362","4427","","5484","5484","5490","3669","4578","4578","0.0019672692490866","0.0019672692490866","","29","9063","4365","","","29","230330_X0_FT","1","1","143858","0","0","0","0","0","1","156334","10468","2","49268","78750","19","239946","50772","17","325357","446936","6","447203","0","0","0","64464","1","64464","0","0","0","0","0","0","230330_X0_FT","",
"5395","5395","5708","136413","133109","651423","650540","45","45","44","45","0","0","0","0","0","1","F1F260F6338DE9B3471FD86D6766B948","5395","5403","3782","3821","http://cms.ndma.gov.pk/news/march-14-2023-islamabad-ndma-convenes-national-level-simulation-exercises-on-floods-and-rain-emergencies","8","0","61FC3B413325A3629029A55FD0C102C5","http://cms.ndma.gov.pk/news/march-14-2023-islamabad-ndma-convenes-national-level-simulation-exercises-on-floods-and-rain-emergencies","3442.8000000007","3443","3443","3781","3977","17","0","1303","2","5","100","-1","100","-1","-1","100","-1","-1","136339","0","-1","-1","446053","0","","24","2","0","114","106","16","152","100","0","0","0","0","0","0","0","0","0","0","3","0","0","0","0","0","0","0","0","0","0","0","53","88","6","32","0","1","52","0","0","13","0","0","1","0","0","1","0","0","0","0","0","0","1","4","0","0","0","10","0","0","0","0","0","0","0","0","0","0","0","0","0","0","0","0","0","0","0","0","0","0","0","0","0","0","0","0","0","0","0","0","0","0","0","6","0","2","0","1","0","0","0","0","0","0","0","0","1","0","0","12","","","","","0","4904","mukeet-ThinkPad-T490-192.168.0.112","1680195097.2113","","","92.0.4515.131","92.0.4515.131","1680195113.8308","http://cms.ndma.gov.pk/news/march-14-2023-islamabad-ndma-convenes-national-level-simulation-exercises-on-floods-and-rain-emergencies","cms.ndma.gov.pk","http://cms.ndma.gov.pk","299","5395","3442.8000000007","3442.8000000007","","","n2.comsats.net.pk","android - chrome","Step_1","20398","http://cms.ndma.gov.pk/news/march-14-2023-islamabad-ndma-convenes-national-level-simulation-exercises-on-floods-and-rain-emergencies","9136","3452","3995","3995","3995","5519","9136","3681","image","IMG","http://cms.ndma.gov.pk/storage/app/public/settings/January2022/LMd5D8oVEDCq2Hn3At3f.png","0","43","1318","1369","1369","1372","1373","3442","3442","3442","3442","4484","3782","3782","3822","3977","","5395","5395","5404","3443","3995","3995","0.0019672692490866","0.0019672692490866","3821","0","8883","3452","3452","3821","0","230330_82_FV","1","1","147882","0","0","0","0","0","1","158978","10501","2","49283","78750","19","239946","50772","17","325357","446936","6","447203","0","0","0","64464","1","64464","0","0","0","0","0","0","230330_82_FV","",
"5367","5367","5776","138327","134957","651385","650502","45","45","44","45","0","0","0","0","0","1","CB09158E7D3889ED2D2EC284BF900AD9","5367","5371","4100","4153","http://cms.ndma.gov.pk/news/islamabad-08-march-2023-ndma-organized-two-day-workshop-on-framework-of-remodelled-national-disaster-preparedness-and-response","8","0","E2207B1D44F68C923679355A1E8D64DB","http://cms.ndma.gov.pk/news/islamabad-08-march-2023-ndma-organized-two-day-workshop-on-framework-of-remodelled-national-disaster-preparedness-and-response","3714.1000000015","3714","3714","4098","4337","17","0","1507","2","5","100","-1","100","-1","-1","100","-1","-1","136302","0","-1","-1","446053","0","","22","3","0","123","98","20","137","97","0","0","0","0","0","0","0","0","0","0","3","0","0","0","0","0","0","0","0","0","0","0","54","85","7","28","0","1","65","0","0","11","0","0","0","0","0","0","0","0","0","0","0","0","0","0","0","0","0","4","0","0","0","0","0","5","0","0","0","1","0","0","0","0","0","0","0","0","0","0","0","0","0","0","0","0","0","0","0","0","0","0","0","0","6","","0","0","0","1","0","0","0","0","0","0","0","0","0","0","8","2","","","","","0","4994","mukeet-ThinkPad-T490-192.168.0.112","1680195135.3541","","","92.0.4515.131","92.0.4515.131","1680195154.3409","http://cms.ndma.gov.pk/news/islamabad-08-march-2023-ndma-organized-two-day-workshop-on-framework-of-remodelled-national-disaster-preparedness-and-response","cms.ndma.gov.pk","http://cms.ndma.gov.pk","302","5366","3714.1000000015","3714.1000000015","","","n2.comsats.net.pk","android - chrome","Step_1","19815","http://cms.ndma.gov.pk/news/islamabad-08-march-2023-ndma-organized-two-day-workshop-on-framework-of-remodelled-national-disaster-preparedness-and-response","9176","3727","4469","4469","4469","6181","9176","4000","image","IMG","http://cms.ndma.gov.pk/storage/app/public/settings/January2022/LMd5D8oVEDCq2Hn3At3f.png","0","40","1520","1582","1582","1586","1587","3714","3714","3714","3714","5070","4098","4099","4153","4336","","5366","5367","5371","3714","4337","4337","0.0019672692490866","0.0019672692490866","","17","8953","4156","","","17","230330_EH_FW","1","1","152584","0","0","0","0","0","1","168523","10463","2","49279","78750","19","239946","50772","17","325357","446936","6","447203","0","0","0","64464","1","64464","0","0","0","0","0","0","230330_EH_FW","",
"5724","5724","6200","139371","135965","651011","650128","45","45","44","45","0","0","0","0","0","1","AAFC8E62835F08779860FA4EC7C12330","5724","5728","4418","4459","http://cms.ndma.gov.pk/news/islamabad-february-28-2023-ndma-sends-1000-ton-cargo-of-relief-consignment-through-pakistan-naval-ship-nasr-to-quake-hit-syria-and-turkiye","8","0","4B0BA413689F6B24B1D2E592B84D9A7D","http://cms.ndma.gov.pk/news/islamabad-february-28-2023-ndma-sends-1000-ton-cargo-of-relief-consignment-through-pakistan-naval-ship-nasr-to-quake-hit-syria-and-turkiye","4047.0999999978","4047","4047","4418","4674","17","0","1439","2","5","100","-1","100","-1","-1","100","-1","-1","135927","0","-1","-1","446053","0","","20","2","0","111","97","18","141","102","0","0","0","0","0","0","0","0","0","0","4","0","0","0","0","0","0","0","0","0","0","0","50","80","11","29","0","1","50","0","0","15","0","0","0","0","0","1","0","0","0","0","0","0","2","0","0","0","0","2","0","0","0","0","0","0","0","0","0","0","0","0","0","0","0","0","0","0","0","0","0","0","0","0","0","0","0","0","0","0","0","0","0","0","0","3","0","0","0","0","0","0","0","0","0","0","0","0","0","0","0","5","","","","","0","5455","mukeet-ThinkPad-T490-192.168.0.112","1680195176.2439","","","92.0.4515.131","92.0.4515.131","1680195192.8951","http://cms.ndma.gov.pk/news/islamabad-february-28-2023-ndma-sends-1000-ton-cargo-of-relief-consignment-through-pakistan-naval-ship-nasr-to-quake-hit-syria-and-turkiye","cms.ndma.gov.pk","http://cms.ndma.gov.pk","294","5724","4047.0999999978","4047.0999999978","","","n2.comsats.net.pk","android - chrome","Step_1","21306","http://cms.ndma.gov.pk/news/islamabad-february-28-2023-ndma-sends-1000-ton-cargo-of-relief-consignment-through-pakistan-naval-ship-nasr-to-quake-hit-syria-and-turkiye","9643","4064","4919","4919","4919","5446","9643","4317","image","IMG","http://cms.ndma.gov.pk/storage/app/public/settings/January2022/LMd5D8oVEDCq2Hn3At3f.png","0","44","1448","1508","1508","1514","1516","4046","4046","4046","4046","5187","4418","4418","4459","4673","","5724","5724","5728","4047","4882","4882","0.0019672692490866","0.0019672692490866","4459","0","9410","4064","4064","4459","0","230330_GQ_FX","1","1","136738","0","0","0","0","0","1","151721","10089","2","48013","78750","19","239946","50772","17","325357","446936","6","447203","0","0","0","64464","1","64464","0","0","0","0","0","0","230330_GQ_FX","",
"5800","5800","6336","133107","129917","651999","651116","45","45","44","45","0","0","0","0","0","1","CBDFD3879B27B4C83341F57A128D1C5F","5801","5805","4557","4610","http://cms.ndma.gov.pk/news/islamabad-15-feb-2023-us-arcent-team-arrives-pakistan-visited-ndma","8","0","8C4AC2B82FA0DF8D61AB76BA7C41CE5B","http://cms.ndma.gov.pk/news/islamabad-15-feb-2023-us-arcent-team-arrives-pakistan-visited-ndma","3986","3986","3986","4557","4936","17","0","1736","2","5","100","-1","100","-1","-1","100","-1","-1","136914","0","-1","-1","446053","0","","15","2","0","119","101","18","133","102","0","0","0","0","0","0","0","0","0","0","3","0","0","0","0","0","0","0","0","0","0","0","52","82","3","17","0","1","65","0","0","12","0","0","0","0","0","2","1","17","0","0","0","0","4","0","0","0","0","0","0","0","0","0","0","0","0","0","0","0","0","0","0","0","0","0","0","0","0","0","0","0","0","0","0","0","0","0","0","0","0","0","0","0","0","5","0","2","0","1","0","0","0","0","0","0","0","0","0","0","0","7","","","","","0","5567","mukeet-ThinkPad-T490-192.168.0.112","1680195215.284","","","92.0.4515.131","92.0.4515.131","1680195233.6107","http://cms.ndma.gov.pk/news/islamabad-15-feb-2023-us-arcent-team-arrives-pakistan-visited-ndma","cms.ndma.gov.pk","http://cms.ndma.gov.pk","296","5801","3986","3986","","","n2.comsats.net.pk","android - chrome","Step_1","20865","http://cms.ndma.gov.pk/news/islamabad-15-feb-2023-us-arcent-team-arrives-pakistan-visited-ndma","9754","3986","4931","4931","4931","6778","9754","4296","image","IMG","http://cms.ndma.gov.pk/storage/app/public/settings/January2022/LMd5D8oVEDCq2Hn3At3f.png","0","42","1749","1808","1808","1812","1813","3986","3986","3986","3986","5744","4556","4557","4610","4936","","5800","5800","5805","3986","4936","4936","0.0019672692490866","0.0019672692490866","","12","9517","4613","","","12","230330_G9_FY","1","1","141738","0","0","0","0","0","1","160215","11077","2","49963","78750","19","239946","50772","17","325357","446936","6","447203","0","0","0","64464","1","64464","0","0","0","0","0","0","230330_G9_FY","",
"6213","6213","6628","135456","132185","651772","650889","45","45","44","45","0","0","0","0","0","1","2DAE948151BB4819E1B5B3951F8C0C57","6213","6220","4547","4597","http://cms.ndma.gov.pk/news/february-14-2023-islamabad-ndma-held-gender-responsive-implementation-of-sfdrr-pilot-training","8","0","BC2AD2C8042E9940FB960C55655AD382","http://cms.ndma.gov.pk/news/february-14-2023-islamabad-ndma-held-gender-responsive-implementation-of-sfdrr-pilot-training","4045","4045","4045","4546","5067","17","0","1521","2","5","100","-1","100","-1","-1","100","-1","-1","136686","0","-1","-1","446053","0","","22","3","0","116","101","20","140","100","0","0","0","0","0","0","0","0","0","0","4","0","0","0","0","0","0","0","0","0","0","0","57","90","4","24","0","1","61","0","0","15","0","0","0","0","0","6","0","0","0","0","0","1","0","0","1","0","0","2","0","0","0","0","0","0","0","0","0","0","0","0","0","0","0","0","0","0","0","0","0","0","0","0","0","0","0","0","0","0","0","0","0","0","0","4","0","1","0","0","0","0","0","0","0","0","0","0","1","1","5","1","","","","","0","5845","mukeet-ThinkPad-T490-192.168.0.112","1680195256.57","","","92.0.4515.131","92.0.4515.131","1680195274.6548","http://cms.ndma.gov.pk/news/february-14-2023-islamabad-ndma-held-gender-responsive-implementation-of-sfdrr-pilot-training","cms.ndma.gov.pk","http://cms.ndma.gov.pk","295","6213","4045","4045","","","n1.comsats.net.pk","android - chrome","Step_1","21398","http://cms.ndma.gov.pk/news/february-14-2023-islamabad-ndma-held-gender-responsive-implementation-of-sfdrr-pilot-training","9981","4026","5054","5054","5054","6374","9981","4372","image","IMG","http://cms.ndma.gov.pk/storage/app/public/settings/January2022/LMd5D8oVEDCq2Hn3At3f.png","0","44","1553","1597","1597","1602","1604","4045","4045","4045","4045","5958","4546","4547","4596","5066","","6213","6213","6220","4045","5067","5067","0.0019672692490866","0.0019672692490866","4600","10","9797","4600","4600","4600","10","230330_7W_FZ","1","1","127623","0","0","0","0","0","1","138723","10850","2","49710","78750","19","239946","50772","17","325357","446936","6","447203","0","0","0","64464","1","64464","0","0","0","0","0","0","230330_7W_FZ","",
"7069","7069","7442","136935","133613","650968","650085","45","45","44","45","0","0","0","0","0","1","A79B54051444273BD7D3153A9E7F4C95","7069","7077","3681","3721","http://cms.ndma.gov.pk/news/islamabad-february-14-2023-pakistan-s-20-member-rescue-and-medical-team-left-for-assistance-to-quake-hit-syria","8","0","84EADAB7A89E00541D42CAF08CE40B44","http://cms.ndma.gov.pk/news/islamabad-february-14-2023-pakistan-s-20-member-rescue-and-medical-team-left-for-assistance-to-quake-hit-syria","3325.700000003","3326","3326","3681","3952","17","0","878","2","5","100","-1","100","-1","-1","100","-1","-1","135885","0","-1","-1","446053","0","","22","2","0","109","95","18","144","93","0","0","0","0","0","0","0","0","0","0","4","0","0","0","0","0","0","0","0","0","0","0","54","84","7","30","0","1","62","0","0","34","0","0","1","0","0","8","0","0","0","0","0","0","2","0","0","0","0","0","0","0","0","0","0","0","0","0","0","0","0","0","0","0","0","0","0","0","0","0","0","0","0","0","0","0","0","0","0","0","0","0","0","0","0","3","0","0","0","0","0","0","0","0","0","0","0","0","1","0","0","4","","","0","","0","6663","mukeet-ThinkPad-T490-192.168.0.112","1680195297.0984","","","92.0.4515.131","92.0.4515.131","1680195314.7485","http://cms.ndma.gov.pk/news/islamabad-february-14-2023-pakistan-s-20-member-rescue-and-medical-team-left-for-assistance-to-quake-hit-syria","cms.ndma.gov.pk","http://cms.ndma.gov.pk","295","7068","3325.700000003","3325.700000003","","","n1.comsats.net.pk","android - chrome","Step_1","21006","http://cms.ndma.gov.pk/news/islamabad-february-14-2023-pakistan-s-20-member-rescue-and-medical-team-left-for-assistance-to-quake-hit-syria","10837","3331","4324","4324","4324","7231","10837","3670","image","IMG","http://cms.ndma.gov.pk/storage/app/public/settings/January2022/LMd5D8oVEDCq2Hn3At3f.png","0","43","894","985","985","991","992","3325","3325","3325","3325","5174","3681","3681","3721","3952","3721","7068","7069","7077","3326","3971","3971","0.0019672692490866","0.0019672692490866","3721","0","10629","3331","3721","3721","0","230330_2G_G0","1","1","99172","0","0","0","0","0","1","105004","10046","2","47964","78750","19","239946","50772","17","325357","446936","6","447203","0","0","0","64464","1","64464","0","0","0","0","0","0","230330_2G_G0","",
"5310","5310","5958","131541","128405","650257","649374","45","45","44","45","0","0","0","0","0","1","E34DBB180EB43515707CC96A9D9F86B9","5310","5314","3405","3469","http://cms.ndma.gov.pk/news/donation-collection-points-for-turkiye-and-syria","8","0","222882CFF3CC9B60D3337C3A0D9A6ABD","http://cms.ndma.gov.pk/news/donation-collection-points-for-turkiye-and-syria","3004.9000000022","3005","3005","3405","3581","17","0","834","2","5","100","-1","100","-1","-1","100","-1","-1","135174","0","-1","-1","446053","0","","16","2","0","107","99","20","134","96","0","0","0","0","0","0","0","0","0","0","4","0","0","0","0","0","0","0","0","0","0","0","53","72","3","19","0","1","77","0","0","18","0","0","1","0","4","6","0","0","0","0","0","1","11","0","0","1","0","1","0","0","0","0","0","0","0","0","0","0","0","0","0","0","0","0","0","0","0","0","0","0","0","0","0","0","0","0","0","0","0","0","0","0","0","5","0","2","0","2","0","0","0","0","2","0","0","0","1","1","5","2","","","","","0","5190","mukeet-ThinkPad-T490-192.168.0.112","1680195337.8571","","","92.0.4515.131","92.0.4515.131","1680195354.5308","http://cms.ndma.gov.pk/news/donation-collection-points-for-turkiye-and-syria","cms.ndma.gov.pk","http://cms.ndma.gov.pk","284","5309","3004.9000000022","3004.9000000022","","","n2.comsats.net.pk","android - chrome","Step_1","20761","http://cms.ndma.gov.pk/news/donation-collection-points-for-turkiye-and-syria","9313","3018","3584","3584","3584","6915","9313","3266","image","IMG","http://cms.ndma.gov.pk/storage/app/public/settings/January2022/LMd5D8oVEDCq2Hn3At3f.png","0","40","850","917","917","923","925","3004","3004","3004","3004","4067","3405","3406","3469","3580","","5310","5310","5314","3005","3598","3598","0.0019672692490866","0.0019672692490866","3472","26","9120","3472","3472","3472","26","230330_20_G1","1","1","126904","0","0","0","0","0","1","145079","9335","2","45902","78750","19","239946","50772","17","325357","446936","6","447203","0","0","0","64464","1","64464","0","0","0","0","0","0","230330_20_G1","",
"11732","11732","12282","132411","129245","651096","650213","45","45","44","45","0","0","0","0","0","1","DBB99C9917F0766569847CC9BFBC0CB5","11732","11742","8344","8415","http://cms.ndma.gov.pk/news/islamabad-january-27-2023-ocha-head-calls-on-chairman-ndma","8","0","C515B8E336DF6CAE3FD3BB565299BF56","http://cms.ndma.gov.pk/news/islamabad-january-27-2023-ocha-head-calls-on-chairman-ndma","7452.1999999993","7452","7452","8344","9537","17","0","1687","2","5","100","-1","100","-1","-1","100","-1","-1","136010","0","-1","-1","446053","0","","18","3","0","99","98","24","123","91","0","0","0","0","0","0","0","0","0","0","2","0","0","0","0","0","0","0","0","0","0","0","46","77","4","26","0","2","96","0","0","37","","","","","","","","","","","","","","","","","","","","","","","","","","","","","","","","","","","","","","","","","","","","","","","","","","","","","","","","","","","","","","","","","","","","","","","","","","","0","11533","mukeet-ThinkPad-T490-192.168.0.112","1680195376.3467","","","92.0.4515.131","92.0.4515.131","1680195395.6663","http://cms.ndma.gov.pk/news/islamabad-january-27-2023-ocha-head-calls-on-chairman-ndma","cms.ndma.gov.pk","http://cms.ndma.gov.pk","293","11732","7452.1999999993","7452.1999999993","","","n1.comsats.net.pk","android - chrome","Step_1","33702","http://cms.ndma.gov.pk/news/islamabad-january-27-2023-ocha-head-calls-on-chairman-ndma","15800","7440","10521","10521","10521","11628","15800","8093","image","IMG","http://cms.ndma.gov.pk/storage/app/public/settings/January2022/LMd5D8oVEDCq2Hn3At3f.png","0","41","1703","1765","1765","1768","1770","7452","7452","7452","7452","11050","8343","8344","8414","9536","","11732","11732","11741","7452","10474","10474","0.0019672692490866","0.0019672692490866","8418","29","15515","8418","8418","8418","29","230330_TG_G2","1","1","61453","0","0","0","0","0","1","64730","10174","2","47940","78750","19","239946","50772","17","325357","446936","6","447203","0","0","0","64464","1","64464","0","0","0","0","0","0","230330_TG_G2","",
"5831","5831","6209","133368","130169","650925","650042","45","45","44","45","0","0","0","0","0","1","A1887ECA1750D03DCFE6759F71F479EF","5831","5838","3824","3863","http://cms.ndma.gov.pk/news/islamabad-january-24-2023-unfpa-representative-calls-on-chairman-ndma","8","0","47127CEC601EF23EF27A340301B7CAAA","http://cms.ndma.gov.pk/news/islamabad-january-24-2023-unfpa-representative-calls-on-chairman-ndma","3501.6000000015","3502","3502","3824","4159","17","0","1202","2","5","100","-1","100","-1","-1","100","-1","-1","135839","0","-1","-1","446053","0","","19","2","0","107","97","18","130","97","0","0","0","0","0","0","0","0","0","0","4","0","0","0","0","0","0","0","0","0","0","0","53","85","5","30","0","1","60","0","0","22","0","0","0","0","0","4","2","0","0","0","0","0","0","0","0","0","0","5","0","0","0","0","0","0","0","0","0","0","0","0","0","0","0","0","0","0","0","0","0","0","0","0","0","0","0","0","0","0","0","0","0","0","0","4","0","0","0","0","0","0","0","0","0","0","0","0","0","0","0","9","","","","","0","5452","mukeet-ThinkPad-T490-192.168.0.112","1680195431.6668","","","92.0.4515.131","92.0.4515.131","1680195450.4338","http://cms.ndma.gov.pk/news/islamabad-january-24-2023-unfpa-representative-calls-on-chairman-ndma","cms.ndma.gov.pk","http://cms.ndma.gov.pk","291","5830","3501.6000000015","3501.6000000015","","","n1.comsats.net.pk","android - chrome","Step_1","20993","http://cms.ndma.gov.pk/news/islamabad-january-24-2023-unfpa-representative-calls-on-chairman-ndma","9656","3508","4327","4327","4327","5456","9656","3787","image","IMG","http://cms.ndma.gov.pk/storage/app/public/settings/January2022/LMd5D8oVEDCq2Hn3At3f.png","0","46","1214","1269","1269","1272","1273","3501","3501","3501","3501","4653","3824","3824","3863","4158","","5831","5831","5838","3502","4325","4325","0.0019672692490866","0.0019672692490866","3863","0","9414","3508","3508","3863","0","230330_C6_G3","1","1","130002","0","0","0","0","0","1","140428","10003","2","47573","78750","19","239946","50772","17","325357","446936","6","447203","0","0","0","64464","1","64464","0","0","0","0","0","0","230330_C6_G3","",
"6192","6192","6584","132672","129497","651031","650148","45","45","44","45","0","0","0","0","0","1","790525C2540B12650AB0FC5232C6031A","6192","6200","4834","4907","http://cms.ndma.gov.pk/news/islamabad-january-24-2023-world-bank-s-team-met-chairman-ndma","8","0","DA97A96DE8DAB8ECB3D27D9A81CE51BE","http://cms.ndma.gov.pk/news/islamabad-january-24-2023-world-bank-s-team-met-chairman-ndma","4268.299999997","4268","4268","4833","5256","17","0","1716","2","5","100","-1","100","-1","-1","100","-1","-1","135946","0","-1","-1","446053","0","","19","2","0","105","102","18","124","100","0","0","0","0","0","0","0","0","0","0","4","0","0","0","0","0","0","0","0","0","0","0","58","78","4","24","0","1","83","0","0","12","0","0","0","0","0","1","0","0","0","0","0","1","12","0","0","0","0","1","0","0","1","0","0","0","0","0","0","0","0","0","0","0","0","0","0","0","0","0","0","0","0","0","1","0","0","0","0","1","0","0","0","0","0","9","0","2","0","1","0","0","0","0","0","0","0","0","1","0","5","4","","","","","0","5810","mukeet-ThinkPad-T490-192.168.0.112","1680195472.5085","","","92.0.4515.131","92.0.4515.131","1680195490.2298","http://cms.ndma.gov.pk/news/islamabad-january-24-2023-world-bank-s-team-met-chairman-ndma","cms.ndma.gov.pk","http://cms.ndma.gov.pk","292","6192","4268.299999997","4268.299999997","","","n2.comsats.net.pk","android - chrome","Step_1","21111","http://cms.ndma.gov.pk/news/islamabad-january-24-2023-world-bank-s-team-met-chairman-ndma","9979","4270","5254","5254","5254","6983","9979","4590","image","IMG","http://cms.ndma.gov.pk/storage/app/public/settings/January2022/LMd5D8oVEDCq2Hn3At3f.png","0","42","1731","1794","1794","1798","1800","4268","4268","4268","4268","6220","4833","4834","4907","5256","","6192","6192","6201","4268","5256","5256","0.0019672692490866","0.0019672692490866","","37","9758","4911","","","37","230330_AX_G4","1","1","133736","0","0","0","0","0","1","145252","10109","2","47840","78750","19","239946","50772","17","325357","446936","6","447203","0","0","0","64464","1","64464","0","0","0","0","0","0","230330_AX_G4","",
"5430","5430","6117","134760","131513","652939","652056","45","45","44","45","0","0","0","0","0","1","D55FD860E48B26ADC24739778492D1A5","5430","5440","3762","3803","http://cms.ndma.gov.pk/news/january-19-2023-islamabad-ndma-held-an-interactive-session-with-humanitarian-partners","8","0","3270D37FFF68E193B1F324385BC8930F","http://cms.ndma.gov.pk/news/january-19-2023-islamabad-ndma-held-an-interactive-session-with-humanitarian-partners","3371.6000000015","3372","3372","3761","4015","17","0","702","2","5","100","-1","100","-1","-1","100","-1","-1","137855","0","-1","-1","446053","0","","28","2","0","112","111","15","134","107","0","0","0","0","0","0","0","0","0","0","3","0","0","0","0","0","0","0","0","0","0","0","52","118","5","37","0","1","68","0","0","18","0","0","1","0","0","29","2","0","3","0","0","0","0","0","4","0","0","1","0","0","0","0","0","0","0","0","0","0","0","0","0","0","0","0","0","0","0","0","0","0","0","0","0","0","0","0","0","0","0","0","0","0","0","6","0","1","0","1","0","0","0","0","0","0","0","0","1","0","0","9","","","","","0","5249","mukeet-ThinkPad-T490-192.168.0.112","1680195513.4005","","","92.0.4515.131","92.0.4515.131","1680195530.9979","http://cms.ndma.gov.pk/news/january-19-2023-islamabad-ndma-held-an-interactive-session-with-humanitarian-partners","cms.ndma.gov.pk","http://cms.ndma.gov.pk","307","5430","3371.6000000015","3371.6000000015","","","n2.comsats.net.pk","android - chrome","Step_1","21725","http://cms.ndma.gov.pk/news/january-19-2023-islamabad-ndma-held-an-interactive-session-with-humanitarian-partners","9567","3371","4003","4003","4003","5975","9567","3632","image","IMG","http://cms.ndma.gov.pk/storage/app/public/settings/January2022/LMd5D8oVEDCq2Hn3At3f.png","0","41","719","789","789","792","794","3371","3371","3371","3371","4648","3762","3762","3803","4014","","5430","5430","5440","3372","4033","4033","0.0019672692490866","0.0019672692490866","3803","0","9354","3371","3371","3803","0","230330_A2_G5","1","1","120579","0","0","0","0","0","1","137913","12017","2","53523","78750","19","239946","50772","17","325357","446936","6","447203","0","0","0","64464","1","64464","0","0","0","0","0","0","230330_A2_G5","",
"5637","5637","6226","133629","130421","652515","651632","45","45","44","45","0","0","0","0","0","1","36A6C3E90689C35201720FE78766EBEB","5637","5643","4447","4526","http://cms.ndma.gov.pk/news/january-12-2023-islamabad-executive-director-adpc-calls-on-chairman-ndma","8","0","FFBBF1EFDD408A7152A14D0F9C32FBEF","http://cms.ndma.gov.pk/news/january-12-2023-islamabad-executive-director-adpc-calls-on-chairman-ndma","3805.1000000015","3805","3805","4446","4674","17","0","1732","2","5","100","-1","100","-1","-1","100","-1","-1","137435","0","-1","-1","446053","0","","21","3","0","120","109","27","131","127","0","0","0","0","0","0","0","0","0","0","4","0","0","0","0","0","0","0","0","0","0","0","56","111","5","24","0","1","89","0","0","11","0","0","9","0","0","0","0","0","0","0","0","1","0","0","0","0","0","1","0","0","0","0","0","0","0","0","0","0","0","0","0","0","0","0","0","0","0","0","0","0","0","0","0","0","0","0","0","0","0","0","0","0","0","4","0","1","0","0","0","0","0","0","0","0","0","0","1","0","0","10","","","","","0","5356","mukeet-ThinkPad-T490-192.168.0.112","1680195553.7397","","","92.0.4515.131","92.0.4515.131","1680195571.0351","http://cms.ndma.gov.pk/news/january-12-2023-islamabad-executive-director-adpc-calls-on-chairman-ndma","cms.ndma.gov.pk","http://cms.ndma.gov.pk","306","5636","3805.1000000015","3805.1000000015","","","n2.comsats.net.pk","android - chrome","Step_1","21689","http://cms.ndma.gov.pk/news/january-12-2023-islamabad-executive-director-adpc-calls-on-chairman-ndma","9663","3808","4860","4860","4860","5670","9663","4128","image","IMG","http://cms.ndma.gov.pk/storage/app/public/settings/January2022/LMd5D8oVEDCq2Hn3At3f.png","0","44","1740","1801","1801","1804","1805","3805","3805","3805","3805","5496","4446","4447","4526","4673","","5637","5637","5644","3805","4851","4851","0.0019672692490866","0.0019672692490866","","39","9427","4530","","","39","230330_4C_G6","1","1","145196","0","0","0","0","0","1","166871","11593","2","52192","78750","19","239946","50772","17","325357","446936","6","447203","0","0","0","64464","1","64464","0","0","0","0","0","0","230330_4C_G6","",
"5635","5635","6017","137805","134453","651466","650583","45","45","44","45","0","0","0","0","0","1","74CE910050DB502E66F8CA175618F4E0","5635","5640","4522","4592","http://cms.ndma.gov.pk/news/january-05-2023-islamabad-ndma-held-2nd-national-coordination-conference-for-winters-contingencies-with-key-stakeholders","8","0","9AE3DE1403444C9EFF3DABFAB0E92333","http://cms.ndma.gov.pk/news/january-05-2023-islamabad-ndma-held-2nd-national-coordination-conference-for-winters-contingencies-with-key-stakeholders","3576.6000000015","3577","3577","4521","5413","17","0","965","2","5","100","-1","100","-1","-1","100","-1","-1","136382","0","-1","-1","446053","0","","19","2","0","99","105","21","138","114","0","0","0","0","0","0","0","0","0","0","5","0","0","0","0","0","0","0","0","0","0","0","57","86","5","27","0","1","73","0","0","11","0","0","1","0","0","0","0","0","0","0","0","0","3","0","0","0","0","8","0","0","1","0","1","0","0","0","0","0","0","0","0","0","0","0","0","0","0","0","0","0","0","0","0","0","0","0","0","0","0","0","0","0","0","6","0","1","0","1","0","0","0","0","0","0","0","0","1","0","5","5","","","","","0","5221","mukeet-ThinkPad-T490-192.168.0.112","1680195594.8374","","","92.0.4515.131","92.0.4515.131","1680195613.484","http://cms.ndma.gov.pk/news/january-05-2023-islamabad-ndma-held-2nd-national-coordination-conference-for-winters-contingencies-with-key-stakeholders","cms.ndma.gov.pk","http://cms.ndma.gov.pk","296","5635","3576.6000000015","3576.6000000015","","","n1.comsats.net.pk","android - chrome","Step_1","20533","http://cms.ndma.gov.pk/news/january-05-2023-islamabad-ndma-held-2nd-national-coordination-conference-for-winters-contingencies-with-key-stakeholders","9469","3581","5420","5420","5420","5859","9469","4021","image","IMG","http://cms.ndma.gov.pk/storage/app/public/settings/January2022/LMd5D8oVEDCq2Hn3At3f.png","0","45","979","1045","1045","1048","1049","3576","3576","3576","3576","5652","4521","4522","4592","5413","","5635","5635","5640","3577","5413","5413","0.0019672692490866","0.0019672692490866","","31","9243","4596","","","31","230330_XM_G7","1","1","128952","0","0","0","0","0","1","139311","10544","2","49138","78750","19","239946","50772","17","325357","446936","6","447203","0","0","0","64464","1","64464","0","0","0","0","0","0","230330_XM_G7","",
"6001","6001","6539","133629","130421","651268","650385","45","45","44","45","0","0","0","0","0","1","C598ACA730F1606F9A13A89B93ED66B9","6001","6010","3991","4045","http://cms.ndma.gov.pk/news/january-03-2023-islamabad-ndma-held-neoc-session-on-post-flood-situation","8","0","55BE116D17405CDBE0D551A1596845B6","http://cms.ndma.gov.pk/news/january-03-2023-islamabad-ndma-held-neoc-session-on-post-flood-situation","3544.1000000015","3544","3544","3987","4231","17","0","1115","2","5","100","-1","100","-1","-1","100","-1","-1","136183","0","-1","-1","446053","0","","19","2","0","121","103","20","128","94","0","0","0","0","0","0","0","0","0","0","3","0","0","0","0","0","0","0","2","0","0","0","51","88","5","21","0","2","75","0","0","21","0","0","1","0","0","4","1","0","3","0","0","0","2","0","0","0","0","7","0","0","0","0","0","0","0","0","0","0","0","0","0","0","0","0","0","0","0","0","0","0","0","0","0","0","0","0","0","0","0","0","2","0","0","6","0","2","1","2","0","0","0","0","0","0","0","0","1","0","0","8","","","","","0","5740","mukeet-ThinkPad-T490-192.168.0.112","1680195635.1242","","","92.0.4515.131","92.0.4515.131","1680195652.545","http://cms.ndma.gov.pk/news/january-03-2023-islamabad-ndma-held-neoc-session-on-post-flood-situation","cms.ndma.gov.pk","http://cms.ndma.gov.pk","296","6001","3544.1000000015","3544.1000000015","","","n2.comsats.net.pk","android - chrome","Step_1","21494","http://cms.ndma.gov.pk/news/january-03-2023-islamabad-ndma-held-neoc-session-on-post-flood-situation","9935","3542","4232","4232","4232","6331","9935","3820","image","IMG","http://cms.ndma.gov.pk/storage/app/public/settings/January2022/LMd5D8oVEDCq2Hn3At3f.png","0","43","1131","1205","1205","1208","1210","3544","3544","3544","3544","4715","3987","3991","4045","4230","","6001","6001","6010","3544","4231","4231","0.0019672692490866","0.0019672692490866","4048","22","9717","4048","4048","4048","22","230330_0R_G8","1","1","120071","0","0","0","0","0","1","133111","10346","2","48580","78750","19","239946","50772","17","325357","446936","6","447203","0","0","0","64464","1","64464","0","0","0","0","0","0","230330_0R_G8","",
"4951","4951","5408","141459","137981","651166","650283","45","45","44","45","0","0","0","0","0","1","E7DB6AFEB52664B359B810B1BA166EF9","4951","4963","3563","3603","http://cms.ndma.gov.pk/news/january-02-2023-islamabad-ndma-conducts-review-session-on-covid-situation-issues-instructions-for-covid-awareness-campaign-and-maintaining-traveler-s-surveillance","8","0","C511214F485DF438A2B72E9B3BC1FC5D","http://cms.ndma.gov.pk/news/january-02-2023-islamabad-ndma-conducts-review-session-on-covid-situation-issues-instructions-for-covid-awareness-campaign-and-maintaining-traveler-s-surveillance","3283.200000003","3283","3283","3562","3929","17","0","720","2","5","100","-1","100","-1","-1","100","-1","-1","136081","0","-1","-1","446053","0","","16","2","0","112","111","21","132","82","0","0","0","0","0","0","0","0","0","0","3","0","0","0","0","0","0","0","0","0","0","0","52","83","4","22","0","3","71","0","0","16","0","0","0","0","0","3","0","0","0","0","0","0","1","1","0","0","0","3","0","0","0","0","0","0","0","0","0","0","0","0","0","0","0","0","0","0","0","0","0","0","0","0","0","0","0","0","0","0","0","0","0","0","0","7","0","2","0","2","0","0","0","0","0","0","0","0","0","0","0","7","","","","","0","4651","mukeet-ThinkPad-T490-192.168.0.112","1680195676.1049","","","92.0.4515.131","92.0.4515.131","1680195695.4568","http://cms.ndma.gov.pk/news/january-02-2023-islamabad-ndma-conducts-review-session-on-covid-situation-issues-instructions-for-covid-awareness-campaign-and-maintaining-traveler-s-surveillance","cms.ndma.gov.pk","http://cms.ndma.gov.pk","294","4950","3283.200000003","3283.200000003","","","n2.comsats.net.pk","android - chrome","Step_1","19857","http://cms.ndma.gov.pk/news/january-02-2023-islamabad-ndma-conducts-review-session-on-covid-situation-issues-instructions-for-covid-awareness-campaign-and-maintaining-traveler-s-surveillance","8830","3303","4227","4227","4227","5035","8830","3566","image","IMG","http://cms.ndma.gov.pk/storage/app/public/settings/January2022/LMd5D8oVEDCq2Hn3At3f.png","0","44","737","797","797","803","805","3283","3283","3283","3283","4659","3562","3563","3603","3929","","4950","4951","4963","3283","4185","4185","0.0019672692490866","0.0019672692490866","","9","8604","3607","","","9","230330_W4_G9","1","1","138900","0","0","0","0","0","1","153694","10244","2","48308","78750","19","239946","50772","17","325357","446936","6","447203","0","0","0","64464","1","64464","0","0","0","0","0","0","230330_W4_G9","",
