"loadTime","docTime","fullyLoaded","bytesOut","bytesOutDoc","bytesIn","bytesInDoc","requests","requestsFull","requestsDoc","responses_200","responses_404","responses_other","result","testStartOffset","cached","optimization_checked","main_frame","loadEventStart","loadEventEnd","domContentLoadedEventStart","domContentLoadedEventEnd","URL","connections","final_base_page_request","final_base_page_request_id","final_url","domInteractive","firstPaint","firstContentfulPaint","firstMeaningfulPaint","firstImagePaint","renderBlockingCSS","renderBlockingJS","TTFB","basePageSSLTime","score_cache","score_cdn","score_gzip","score_cookies","score_keep-alive","score_minify","score_combine","score_compress","score_etags","score_progressive_jpeg","gzip_total","gzip_savings","minify_total","minify_savings","image_total","image_savings","base_page_cdn","cpu.UpdateLayerTree","cpu.EventDispatch","cpu.CommitLoad","cpu.EvaluateScript","cpu.v8.compile","cpu.ParseHTML","cpu.ResourceFetcher::requestResource","cpu.ParseAuthorStyleSheet","cpu.UpdateLayoutTree","cpu.Layout","cpu.IntersectionObserverController::computeIntersections","cpu.Paint","cpu.largestContentfulPaint::Candidate","cpu.MarkDOMContent","cpu.ResourceChangePriority","cpu.HitTest","cpu.FunctionCall","cpu.TimerFire","cpu.MinorGC","cpu.V8.GC_HEAP_PROLOGUE","cpu.V8.GC_HEAP_EXTERNAL_PROLOGUE","cpu.V8.GC_SCAVENGER_COMPLETE_SWEEP_ARRAY_BUFFERS","cpu.V8.GC_SCAVENGER","cpu.V8.GC_TIME_TO_SAFEPOINT","cpu.V8.GC_HEAP_PROLOGUE_SAFEPOINT","cpu.V8.GC_SCAVENGER_SCAVENGE","cpu.V8.GC_SCAVENGER_SCAVENGE_WEAK_GLOBAL_HANDLES_IDENTIFY","cpu.V8.GC_SCAVENGER_SCAVENGE_ROOTS","cpu.V8.GC_SCAVENGER_SCAVENGE_PARALLEL","cpu.V8.GC_SCAVENGER_SCAVENGE_WEAK_GLOBAL_HANDLES_PROCESS","cpu.V8.GC_SCAVENGER_SCAVENGE_FINALIZE","cpu.V8.GC_SCAVENGER_SCAVENGE_UPDATE_REFS","cpu.V8.GC_SCAVENGER_FREE_REMEMBERED_SET","cpu.V8.GC_SCAVENGER_SWEEP_ARRAY_BUFFERS","cpu.V8.GC_HEAP_EXTERNAL_WEAK_GLOBAL_HANDLES","cpu.V8.GC_HEAP_EPILOGUE_SAFEPOINT","cpu.V8.GC_HEAP_EPILOGUE_REDUCE_NEW_SPACE","cpu.V8.GC_HEAP_EXTERNAL_EPILOGUE","cpu.V8.GC_HEAP_EPILOGUE","cpu.V8.GC_MC_COMPLETE_SWEEPING","cpu.V8.GC_MC_COMPLETE_SWEEP_ARRAY_BUFFERS","cpu.V8.GC_MC_INCREMENTAL_START","cpu.V8.GC_MC_INCREMENTAL_EXTERNAL_PROLOGUE","cpu.V8.GC_MC_INCREMENTAL_EMBEDDER_PROLOGUE","cpu.BlinkGC.IncrementalMarkingStartMarking","cpu.BlinkGC.VisitRoots","cpu.V8.GC_MC_INCREMENTAL_EXTERNAL_EPILOGUE","cpu.BlinkGC.IncrementalMarkingStep","cpu.BlinkGC.IncrementalMarkingWithDeadline","cpu.BlinkGC.MarkProcessWorklists","cpu.BlinkGC.MarkBailOutObjects","cpu.BlinkGC.MarkFlushV8References","cpu.BlinkGC.MarkProcessNotFullyconstructeddWorklist","cpu.BlinkGC.MarkProcessMarkingWorklist","cpu.V8.GC_MC_INCREMENTAL","cpu.V8.GC_MC_INCREMENTAL_EMBEDDER_TRACING","cpu.BlinkGC.UnifiedMarkingStep","cpu.BlinkGC.MarkFlushEphemeronPairs","cpu.BlinkGC.MarkProcessWriteBarrierWorklist","cpu.MajorGC","cpu.V8.GC_MC_INCREMENTAL_FINALIZE","cpu.V8.GC_MC_INCREMENTAL_FINALIZE_BODY","cpu.V8.GC_MARK_COMPACTOR","cpu.V8.GC_MC_PROLOGUE","cpu.V8.GC_MC_MARK","cpu.V8.GC_MC_MARK_FINISH_INCREMENTAL","cpu.BlinkGC.AtomicPauseMarkPrologue","cpu.BlinkGC.AtomicPauseMarkRoots","cpu.V8.GC_MC_MARK_ROOTS","cpu.V8.GC_MC_MARK_MAIN","cpu.V8.GC_MC_MARK_WEAK_CLOSURE","cpu.V8.GC_MC_MARK_EMBEDDER_TRACING_CLOSURE","cpu.V8.GC_MC_MARK_EMBEDDER_TRACING","cpu.BlinkGC.AtomicPauseMarkTransitiveClosure","cpu.BlinkGC.MarkInvokeEphemeronCallbacks","cpu.V8.GC_MC_MARK_WEAK_CLOSURE_EPHEMERON","cpu.V8.GC_MC_MARK_WEAK_CLOSURE_EPHEMERON_MARKING","cpu.V8.GC_MC_MARK_WEAK_CLOSURE_WEAK_HANDLES","cpu.V8.GC_MC_MARK_WEAK_CLOSURE_WEAK_ROOTS","cpu.V8.GC_MC_MARK_WEAK_CLOSURE_HARMONY","cpu.V8.GC_MC_CLEAR","cpu.V8.GC_MC_CLEAR_STRING_TABLE","cpu.V8.GC_MC_CLEAR_FLUSHABLE_BYTECODE","cpu.V8.GC_MC_CLEAR_FLUSHED_JS_FUNCTIONS","cpu.V8.GC_MC_CLEAR_WEAK_LISTS","cpu.V8.GC_MC_CLEAR_MAPS","cpu.V8.GC_MC_CLEAR_WEAK_REFERENCES","cpu.V8.GC_MC_CLEAR_WEAK_COLLECTIONS","cpu.V8.GC_MC_SWEEP","cpu.V8.GC_MC_EVACUATE","cpu.V8.GC_MC_EVACUATE_PROLOGUE","cpu.V8.GC_MC_EVACUATE_COPY","cpu.V8.GC_MC_EVACUATE_COPY_PARALLEL","cpu.V8.GC_MC_EVACUATE_UPDATE_POINTERS","cpu.V8.GC_MC_EVACUATE_UPDATE_POINTERS_TO_NEW_ROOTS","cpu.V8.GC_MC_EVACUATE_UPDATE_POINTERS_SLOTS_MAIN","cpu.V8.GC_MC_EVACUATE_UPDATE_POINTERS_PARALLEL","cpu.V8.GC_MC_EVACUATE_UPDATE_POINTERS_WEAK","cpu.V8.GC_MC_EVACUATE_REBALANCE","cpu.V8.GC_MC_EVACUATE_CLEAN_UP","cpu.V8.GC_MC_EVACUATE_EPILOGUE","cpu.V8.GC_MC_FINISH","cpu.V8.GC_MC_FINISH_SWEEP_ARRAY_BUFFERS","cpu.V8.GC_MC_EPILOGUE","cpu.V8.GC_HEAP_EMBEDDER_TRACING_EPILOGUE","cpu.BlinkGC.AtomicPauseMarkEpilogue","cpu.BlinkGC.AtomicPauseSweepAndCompact","cpu.BlinkGC.LazySweepOnAllocation","cpu.BlinkGC.LazySweepInIdle","cpu.MarkLoad","cpu.FireAnimationFrame","cpu.XHRReadyStateChange","cpu.XHRLoad","cpu.V8.GC_MC_MARK_EMBEDDER_PROLOGUE","cpu.BlinkGC.CompleteSweep","cpu.Idle","tester","start_epoch","osVersion","os_version","browserVersion","browser_version","date","document_URL","document_hostname","document_origin","domElements","domComplete","PerformancePaintTiming.first-paint","PerformancePaintTiming.first-contentful-paint","base_page_ip_ptr","base_page_cname","base_page_dns_server","browser_name","eventName","test_run_time_ms","testUrl","lastVisualChange","render","visualComplete85","visualComplete90","visualComplete95","visualComplete99","visualComplete","SpeedIndex","LargestContentfulPaintType","LargestContentfulPaintNodeType","LargestContentfulPaintImageURL","chromeUserTiming.navigationStart","chromeUserTiming.fetchStart","chromeUserTiming.responseEnd","chromeUserTiming.unloadEventStart","chromeUserTiming.unloadEventEnd","chromeUserTiming.commitNavigationEnd","chromeUserTiming.domLoading","chromeUserTiming.domInteractive","chromeUserTiming.domContentLoadedEventStart","chromeUserTiming.domContentLoadedEventEnd","chromeUserTiming.firstPaint","chromeUserTiming.firstContentfulPaint","chromeUserTiming.firstMeaningfulPaintCandidate","chromeUserTiming.firstMeaningfulPaint","chromeUserTiming.LayoutShift","chromeUserTiming.firstImagePaint","chromeUserTiming.domComplete","chromeUserTiming.loadEventStart","chromeUserTiming.loadEventEnd","chromeUserTiming.InteractiveTime","chromeUserTiming.LargestTextPaint","chromeUserTiming.LargestContentfulPaint","chromeUserTiming.LargestImagePaint","chromeUserTiming.TotalLayoutShift","chromeUserTiming.CumulativeLayoutShift","FirstInteractive","maxFID","TTIMeasurementEnd","LastInteractive","TimeToInteractive","FirstCPUIdle","TotalBlockingTime","testID","run","step","effectiveBps","domTime","aft","titleTime","domLoading","server_rtt","edge-processed","effectiveBpsDoc","bytes.html","requests.html","bytesUncompressed.html","bytes.js","requests.js","bytesUncompressed.js","bytes.css","requests.css","bytesUncompressed.css","bytes.image","requests.image","bytesUncompressed.image","bytes.flash","requests.flash","bytesUncompressed.flash","bytes.font","requests.font","bytesUncompressed.font","bytes.video","requests.video","bytesUncompressed.video","bytes.other","requests.other","bytesUncompressed.other","id","cpu.FireIdleCallback","cpu.V8.GC_MC_INCREMENTAL_LAYOUT_CHANGE","axe_failed",
"15430","15430","27042","410881","207792","7763754","6456547","184","184","101","183","0","1","0","0","0","1","493D856A7EC06B14389E6A4BA8500EAA","15430","15743","3994","3994","https://ignite.org.pk/","11","0","10AED22B0568783D13F416A5424B485F","https://ignite.org.pk/","3929","4003.9000000004","4004","4004","9009","20","1","1926","477","44","100","94","-1","100","-1","-1","83","-1","92","1998196","121954","-1","-1","5577852","967561","Cloudflare","842","66","1","459","513","74","231","229","974","438","126","99","0","0","0","63","967","399","5","0","0","0","4","0","0","4","2","0","23","0","0","0","0","0","0","0","0","0","0","0","0","1","0","0","0","0","0","0","0","0","0","0","0","7","0","0","0","0","0","1","0","0","1","0","0","0","0","0","0","5","0","0","0","0","0","0","0","0","0","0","0","0","0","0","0","0","0","0","0","0","0","0","3","0","0","0","0","0","0","0","0","0","0","0","1","1","0","3","8","0","148","26","3","0","0","21317","mukeet-ThinkPad-T490-192.168.0.112","1680175516.9023","","","92.0.4515.131","92.0.4515.131","1680175533.4874","https://ignite.org.pk/","ignite.org.pk","https://ignite.org.pk","2436","15430","4003.9000000004","4003.9000000004","","","noel.ns.cloudflare.com","android - chrome","Step_1","51060","https://ignite.org.pk/","23205","3994","23205","23205","23205","23205","23205","20332","background-image","DIV","https://ignite.org.pk/wp-content/uploads/2023/03/Home-Page-Slider-Picture-min.jpg","0","42","1966","1996","1996","2000","2001","3929","3993","3993","4003","4003","4003","4003","19239","9009","15430","15430","15742","25151","4004","23171","23171","0.80083183827548","0.7185160453117","4109","421","30849","25447","25447","4109","4019","230330_K0_28","1","1","309115","0","0","0","0","0","1","478121","673921","35","1681749","1128540","45","3239939","185382","24","1154574","5579337","43","5583796","0","0","0","194740","7","194740","0","0","0","1834","30","1597","230330_K0_28","","","",
"4926","4926","14678","321473","147454","2489143","1422571","143","143","72","139","3","1","0","0","0","1","526086005DE06BB49CF3F0E1FB9F5B5C","4926","5201","2895","2895","https://ignite.org.pk/who-we-are/","11","0","340ADBF5C05B7BFD859C72AA57DB05B8","https://ignite.org.pk/who-we-are/","2817","2888.9000000004","2889","2889","4984","20","1","976","13","41","100","100","-1","100","-1","-1","78","-1","100","1738653","0","-1","-1","512148","114659","Cloudflare","125","236","1","835","684","92","243","202","535","183","31","33","0","0","0","15","616","10","1","0","0","0","0","0","0","0","1","0","28","1","0","0","0","0","0","0","0","0","0","0","0","0","0","0","0","0","0","0","0","0","1","0","0","15","0","0","0","0","0","0","0","0","0","0","0","0","0","0","0","25","0","1","0","0","0","0","0","0","0","0","0","1","0","0","0","0","0","0","0","0","0","0","5","0","1","0","1","0","0","0","0","0","0","0","0","2","0","4","7","0","70","13","4","0","1","10655","mukeet-ThinkPad-T490-192.168.0.112","1680175587.0069","","","92.0.4515.131","92.0.4515.131","1680175603.9018","https://ignite.org.pk/who-we-are/","ignite.org.pk","https://ignite.org.pk","1642","4926","2888.9000000004","2888.9000000004","","","noel.ns.cloudflare.com","android - chrome","Step_1","37494","https://ignite.org.pk/who-we-are/","9524","2884","4974","5934","7118","9424","9524","5060","background-image","DIV","https://ignite.org.pk/wp-content/uploads/2018/12/about.jpg","0","50","997","1056","1056","1059","1060","2816","2895","2895","2888","2888","2888","2888","7074","4983","4925","4926","5200","11869","2889","4984","4984","0.24037040187308","0.22777699374572","","527","17678","13655","","","3581","230330_NC_29","1","1","181662","0","0","0","0","0","1","360144","708592","37","1955187","896255","36","2888423","176711","21","1100912","513633","13","518092","0","0","0","192348","7","192348","0","0","0","1604","29","1129","230330_NC_29","","","",
"5085","5085","16225","317127","143225","2479622","1414545","141","141","70","139","1","1","0","0","0","1","3BAFC7BBBE0A9E666B531B6CC2F6E3FF","5086","5386","2782","2782","https://ignite.org.pk/our-mission/","11","0","9E2A30076F6864616CAB11D1F74972FE","https://ignite.org.pk/our-mission/","2707","3203.6999999993","3204","3204","4457","20","1","1252","20","41","100","100","-1","100","-1","-1","80","-1","100","1736614","0","-1","-1","562686","114659","Cloudflare","","16","4","2387","68","55","229","20","25","5","","","","","","","2290","0","1","0","0","0","0","0","0","1","0","5","100","0","0","0","0","0","0","0","0","0","1","0","0","0","0","0","0","0","0","","0","0","7","0","0","3","9","0","0","0","0","0","0","0","9","0","0","0","0","0","0","0","0","0","0","0","0","0","0","0","0","0","0","0","0","0","0","0","2","0","0","0","0","0","8","0","0","0","0","0","0","0","0","0","0","0","0","3","1","7","","","","","","","4","10957","mukeet-ThinkPad-T490-192.168.0.112","1680175642.7185","","","92.0.4515.131","92.0.4515.131","1680175658.5585","https://ignite.org.pk/our-mission/","ignite.org.pk","https://ignite.org.pk","1656","5085","3203.6999999993","3203.6999999993","","","noel.ns.cloudflare.com","android - chrome","Step_1","39835","https://ignite.org.pk/our-mission/","9223","3205","5215","6137","7094","9157","9223","5165","background-image","DIV","https://ignite.org.pk/wp-content/uploads/2018/12/about.jpg","0","46","1283","1342","1342","1346","1349","2707","2782","2782","3203","3203","3203","3203","7084","4456","5085","5085","5385","12220","3204","5534","5534","0.24496931640938","0.22777699374572","","1481","19858","15680","","","4809","230330_EB_2A","1","1","165606","0","0","0","0","0","1","369043","656412","35","1514018","896260","36","2888432","176711","21","1100912","564171","14","568630","0","0","0","184464","6","184464","0","0","0","1604","29","1129","230330_EB_2A","4","0","",
"5349","5349","15451","318141","143714","2436621","1372190","141","141","70","139","1","1","0","0","0","1","3D84602BCA22AD181A0C34B0FDCD4BBF","5349","5638","3018","3018","https://ignite.org.pk/our-contributors/","11","0","938BFFF54038BF371FD21E47B4F29CD0","https://ignite.org.pk/our-contributors/","2943","3052.5","3053","3053","5497","20","1","998","10","41","100","100","-1","100","-1","-1","78","-1","100","1736208","0","-1","-1","512148","114659","Cloudflare","146","228","0","817","586","105","235","188","686","185","20","32","0","0","0","20","540","11","0","0","0","0","0","0","0","1","2","0","26","1","0","0","0","0","0","0","0","0","0","0","0","0","0","0","1","0","0","0","0","0","0","0","0","24","0","0","0","0","0","0","0","0","0","0","0","0","0","0","0","31","0","0","0","0","0","0","0","0","0","0","0","0","0","0","0","0","0","0","0","0","0","0","7","0","1","1","1","0","0","0","0","0","0","0","0","3","0","2","5","0","45","11","2","0","5","11475","mukeet-ThinkPad-T490-192.168.0.112","1680175700.7994","","","92.0.4515.131","92.0.4515.131","1680175716.6897","https://ignite.org.pk/our-contributors/","ignite.org.pk","https://ignite.org.pk","1695","5349","3052.5","3052.5","","","noel.ns.cloudflare.com","android - chrome","Step_1","37680","https://ignite.org.pk/our-contributors/","9985","3043","5488","6229","7629","9699","9985","5553","background-image","DIV","https://ignite.org.pk/wp-content/uploads/2018/12/about.jpg","0","44","1028","1091","1091","1094","1096","2943","3017","3018","3052","3052","3052","3052","7622","5496","5348","5349","5638","12100","3053","5750","5750","0.24538774526578","0.22777699374572","13697","336","18970","13697","13697","13697","3246","230330_YA_2B","1","1","168589","0","0","0","0","0","1","315373","656066","35","1516394","896259","36","2888432","176711","21","1100912","513633","13","518092","0","0","0","192348","7","192348","0","0","0","1604","29","1129","230330_YA_2B","","","",
"4681","4681","14333","316595","139581","2429177","1362968","140","140","68","139","0","1","0","0","0","1","F9C56006821EBEAB62B3E9FEAAEC6E0E","4681","4929","2500","2501","https://ignite.org.pk/board-of-directors/","11","0","A73EE0C90D720EDAD3F9F79947BF6F72","https://ignite.org.pk/board-of-directors/","2414","2991.1000000006","2991","2991","5054","20","1","939","7","41","100","100","-1","100","-1","-1","78","-1","100","1738359","0","-1","-1","512148","114659","Cloudflare","156","219","1","749","634","127","235","199","582","194","23","43","0","0","0","11","555","14","1","0","0","0","1","0","0","1","2","0","31","0","0","0","0","0","0","0","0","0","0","0","0","0","0","0","0","0","0","0","0","0","1","0","0","0","2","0","0","0","0","0","0","0","0","0","0","0","0","0","0","0","0","0","0","0","0","0","0","0","0","0","0","0","0","0","0","0","1","0","0","0","0","0","3","0","1","0","0","0","0","0","0","0","0","0","0","2","0","3","6","0","53","13","2","","2","10464","mukeet-ThinkPad-T490-192.168.0.112","1680175755.7516","","","92.0.4515.131","92.0.4515.131","1680175772.4596","https://ignite.org.pk/board-of-directors/","ignite.org.pk","https://ignite.org.pk","1752","4681","2991.1000000006","2991.1000000006","","","noel.ns.cloudflare.com","android - chrome","Step_1","36814","https://ignite.org.pk/board-of-directors/","9056","2987","5043","5532","6842","8923","9056","5131","background-image","DIV","https://ignite.org.pk/wp-content/uploads/2018/12/about.jpg","0","42","974","1012","1012","1017","1018","2414","2500","2500","2991","2991","2991","2991","6830","5053","4681","4681","4929","10469","2991","5054","5054","0.24551417211599","0.22777699374572","","320","17252","14524","","","3229","230330_9J_2C","1","1","181363","0","0","0","0","0","1","364235","656507","35","1528523","896258","36","2888432","176711","21","1100912","513633","13","518092","0","0","0","184464","6","184464","0","0","0","1604","29","1129","230330_9J_2C","","0","",
"5697","5697","16081","332236","156095","2578379","1512261","148","148","76","146","1","1","0","0","0","1","91CD86528065F780D1B155F66F460183","5697","5978","3063","3063","https://ignite.org.pk/our-team/","11","0","EEA14F94457FC06051D1BA5349B3BB15","https://ignite.org.pk/our-team/","2981","3434.1000000006","3434","3434","5829","20","1","1370","10","41","100","100","-1","100","-1","-1","79","-1","72","1738312","0","-1","-1","659746","142175","Cloudflare","173","216","1","825","600","92","237","200","766","176","27","40","0","0","0","23","527","14","1","0","0","0","1","0","0","0","1","0","25","1","0","0","0","0","0","0","0","0","0","0","0","0","0","0","0","0","0","0","0","0","1","0","0","23","3","0","0","0","0","0","0","0","0","0","0","0","1","0","0","15","0","0","0","0","0","0","0","0","0","0","0","0","0","0","0","0","0","0","0","0","0","0","13","0","1","0","1","0","0","0","0","0","0","0","0","2","0","2","6","0","60","13","1","0","5","11986","mukeet-ThinkPad-T490-192.168.0.112","1680175811.651","","","92.0.4515.131","92.0.4515.131","1680175827.4456","https://ignite.org.pk/our-team/","ignite.org.pk","https://ignite.org.pk","1792","5697","3434.1000000006","3434.1000000006","","","dana.ns.cloudflare.com","android - chrome","Step_1","40739","https://ignite.org.pk/our-team/","10211","3436","6623","6623","8106","10144","10211","6042","background-image","DIV","https://ignite.org.pk/wp-content/uploads/2018/12/about.jpg","0","41","1393","1447","1447","1450","1451","2982","3063","3063","3434","3434","3434","3434","8088","5829","5697","5697","5979","","3434","6082","6082","0.25012332564337","0.22777699374572","","330","19775","16413","","","3591","230330_42_2D","1","1","175268","0","0","0","0","0","1","349494","658112","36","1531057","896257","36","2888423","176711","21","1100912","661231","20","665690","0","0","0","184464","6","184464","0","0","0","1604","29","1129","230330_42_2D","","","",
"5611","5611","16932","316501","145762","2581846","1518180","142","142","72","141","0","1","0","0","0","1","5B2D80375269ED36B6C7954CE4D2C64B","5611","5868","2647","2647","https://ignite.org.pk/cif/","11","0","C74D8CD1B8B7CDAF0E9D6BF899DACE29","https://ignite.org.pk/cif/","2553","3177.8000000007","3178","3178","4329","20","1","1050","8","42","100","100","-1","100","-1","-1","91","-1","100","1738066","0","-1","-1","648948","58688","Cloudflare","216","69","2","559","605","106","206","215","829","285","51","52","0","0","0","18","522","18","2","0","0","0","2","0","0","2","0","0","13","0","0","0","0","0","0","0","0","0","0","0","0","2","0","1","1","0","0","0","0","0","0","0","0","8","0","0","0","0","0","2","0","0","1","0","0","0","0","0","0","46","0","0","0","0","0","0","0","0","0","0","0","0","0","0","0","0","0","0","0","0","0","0","0","0","0","0","0","0","0","0","0","0","0","0","1","0","1","2","7","0","144","21","4","0","7","12910","mukeet-ThinkPad-T490-192.168.0.112","1680175869.5612","","","92.0.4515.131","92.0.4515.131","1680175885.63","https://ignite.org.pk/cif/","ignite.org.pk","https://ignite.org.pk","1939","5611","3177.8000000007","3177.8000000007","","","dana.ns.cloudflare.com","android - chrome","Step_1","35161","https://ignite.org.pk/cif/","10992","3171","5091","6635","8176","10925","10992","5272","background-image","DIV","https://ignite.org.pk/wp-content/uploads/2018/12/seed-fund.jpg","0","44","1076","1144","1144","1148","1149","2553","2647","2647","3177","3177","3177","3177","8147","4329","5611","5611","5868","15068","3178","5106","5106","0.24442286683043","0.22777699374572","","403","20494","16768","","","4190","230330_KK_2E","1","1","162564","0","0","0","0","0","1","332861","656175","33","1521331","896263","36","2888441","176711","21","1100912","650433","15","654892","0","0","0","200660","8","200660","0","0","0","1604","29","1129","230330_KK_2E","","","",
"4939","4939","15624","336297","162459","2530649","1468635","147","147","77","145","1","1","0","0","0","1","D1F760D4541FF7E875DF8EFD4A119C28","4939","5234","2948","2948","https://ignite.org.pk/national-grassroots-research-initiative/","11","0","08947FBC50FCC399BF44909081243C8A","https://ignite.org.pk/national-grassroots-research-initiative/","2867","2943.6000000006","2944","2944","3976","20","1","954","9","42","100","100","-1","100","-1","-1","86","-1","100","1741313","0","-1","-1","597313","87958","Cloudflare","186","254","1","874","676","102","267","202","1050","221","55","47","0","0","0","40","711","14","1","0","0","0","0","3","1","0","1","1","45","1","0","0","0","0","0","0","0","0","0","0","0","0","0","0","10","0","0","0","0","0","6","0","0","2","6","1","0","0","0","0","0","0","0","0","0","0","0","0","0","0","0","0","0","0","0","0","0","0","0","0","0","1","0","0","0","0","0","0","0","0","0","0","3","0","1","0","1","0","0","0","0","0","0","0","0","3","1","4","7","0","96","15","2","","1","10710","mukeet-ThinkPad-T490-192.168.0.112","1680175923.4336","","","92.0.4515.131","92.0.4515.131","1680175940.2993","https://ignite.org.pk/national-grassroots-research-initiative/","ignite.org.pk","https://ignite.org.pk","1870","4939","2943.6000000006","2943.6000000006","","","dana.ns.cloudflare.com","android - chrome","Step_1","39965","https://ignite.org.pk/national-grassroots-research-initiative/","10145","2926","4932","6045","7648","10046","10145","4988","background-image","DIV","https://ignite.org.pk/wp-content/uploads/2018/12/FYP.jpg","0","42","1000","1026","1026","1032","1033","2867","2948","2948","2943","2943","2943","2943","7614","3975","4939","4939","5234","","2944","4991","4991","0.24645952306613","0.22777699374572","","400","17861","14633","","","4172","230330_3X_2F","1","1","172505","0","0","0","0","0","1","368540","656546","34","1532051","897005","38","2890072","180692","23","1127428","598798","16","603257","0","0","0","196004","7","196004","0","0","0","1604","29","1129","230330_3X_2F","","","",
"14854","14854","26349","383862","213960","6499489","5437936","174","174","104","172","1","1","0","0","0","1","7017F7022FD19053F525D6615CD81AC8","14854","15095","3249","3250","https://ignite.org.pk/cgb/","12","0","2582939E8C7B23674EB3AA9940F0C30C","https://ignite.org.pk/cgb/","3167","3272","3272","3272","5283","20","1","1117","11","45","100","80","-1","100","-1","-1","95","-1","82","2583828","534864","-1","-1","3727661","203977","Cloudflare","256","56","1","542","589","80","214","195","1248","335","128","67","0","0","0","32","956","449","16","0","0","0","14","0","1","12","2","1","13","1","0","0","0","0","0","0","0","0","0","0","0","0","0","0","0","0","0","0","2","2","1","0","0","16","10","3","2","0","0","5","0","0","3","0","0","0","0","0","0","22","0","0","0","0","0","0","0","0","0","0","0","0","0","0","0","0","0","0","0","0","0","0","0","0","0","0","0","0","0","0","0","0","0","0","3","6","2","1","15","0","94","21","1","0","1","20927","mukeet-ThinkPad-T490-192.168.0.112","1680175981.6165","","","92.0.4515.131","92.0.4515.131","1680175997.7363","https://ignite.org.pk/cgb/","ignite.org.pk","https://ignite.org.pk","2471","14854","3272","3272","","","dana.ns.cloudflare.com","android - chrome","Step_1","51783","https://ignite.org.pk/cgb/","20760","3255","14321","15920","17983","20440","20760","12979","background-image","DIV","https://ignite.org.pk/wp-content/uploads/2019/01/seed-fund.jpg","0","43","1142","1189","1189","1194","1196","3167","3250","3250","3272","3272","3272","3272","17949","5282","14854","14854","15095","","3272","14361","14361","0.25177063556244","0.22777699374572","8599","436","29363","26409","","8599","4447","230330_ZM_2G","1","1","257589","0","0","0","0","0","1","395860","661755","35","1562840","1737970","44","3848814","176711","21","1100912","3729146","37","3733605","0","0","0","192280","7","192280","0","0","0","1627","30","1132","230330_ZM_2G","","","",
"24569","24569","36056","321800","147598","2399737","1334155","143","143","72","141","1","1","0","0","0","1","F62249CDF536E0E2C5B5C8E683265E27","24569","24882","6952","6952","https://ignite.org.pk/cyberhackathon/","11","0","7F85A4FA3479DA96FC2679BE96F00D9B","https://ignite.org.pk/cyberhackathon/","6825","7436.5","7436","7436","23926","20","1","1551","13","42","100","100","-1","100","-1","-1","100","-1","100","1738439","0","-1","-1","464800","3817","Cloudflare","219","74","1","548","598","84","208","201","690","297","37","45","0","0","0","26","488","20","11","0","0","0","10","0","0","10","2","1","16","2","0","0","0","0","0","0","0","0","0","1","0","10","1","2","12","0","0","0","2","0","0","0","0","19","0","0","0","0","0","0","0","0","0","0","0","0","0","0","0","31","0","0","0","0","0","0","0","0","0","0","0","0","0","0","0","0","1","0","0","0","0","0","0","0","0","1","0","0","0","0","0","0","0","0","0","0","0","2","16","0","133","35","2","0","2","32202","mukeet-ThinkPad-T490-192.168.0.112","1680176051.9013","","","92.0.4515.131","92.0.4515.131","1680176069.9211","https://ignite.org.pk/cyberhackathon/","ignite.org.pk","https://ignite.org.pk","1789","24569","7436.5","7436.5","","","dana.ns.cloudflare.com","android - chrome","Step_1","56703","https://ignite.org.pk/cyberhackathon/","29579","7453","23930","25563","26961","29579","29579","21645","background-image","DIV","https://ignite.org.pk/wp-content/uploads/2022/09/seed1-min.jpg","0","37","1571","1626","1626","1629","1630","6825","6953","6953","7436","7436","7436","7436","26932","23925","24569","24569","24882","33072","7436","23926","23926","0.24525446459646","0.22777699374572","7515","363","39299","35724","","7515","3667","230330_Y5_2H","1","1","69547","0","0","0","0","0","1","57961","658215","35","1523609","896262","36","2888432","176711","21","1100912","466285","14","470744","0","0","0","200660","8","200660","0","0","0","1604","29","1129","230330_Y5_2H","","","",
"5915","5915","21443","349147","176236","2615074","1550937","154","154","84","151","2","1","0","0","0","1","C30FD1DE5256B4016D144ECD9717F38F","5915","6177","2989","2989","https://ignite.org.pk/national-incubation-centers/","11","0","864C782FF386D401760AB9D28C16FEB2","https://ignite.org.pk/national-incubation-centers/","2908","3053.3999999994","3053","3053","4243","20","1","1101","15","42","100","100","-1","100","-1","-1","82","-1","100","1743844","0","-1","-1","630964","118721","Cloudflare","228","112","1","557","627","86","219","235","953","306","71","68","0","0","0","45","498","34","3","0","0","0","3","0","0","2","1","0","9","1","0","0","0","0","0","0","0","0","0","0","0","1","0","0","0","2","0","0","0","0","0","0","0","15","0","0","0","0","0","2","0","0","1","0","0","0","0","0","0","21","0","0","0","0","0","0","0","0","0","0","0","0","0","0","0","0","0","0","0","0","0","0","0","0","0","0","0","0","0","0","0","0","0","0","1","2","1","1","7","0","84","19","5","0","9","17207","mukeet-ThinkPad-T490-192.168.0.112","1680176129.2607","","","92.0.4515.131","92.0.4515.131","1680176146.0896","https://ignite.org.pk/national-incubation-centers/","ignite.org.pk","https://ignite.org.pk","1802","5915","3053.3999999994","3053.3999999994","","","noel.ns.cloudflare.com","android - chrome","Step_1","40164","https://ignite.org.pk/national-incubation-centers/","11154","3059","5370","6880","8539","11001","11154","5523","background-image","DIV","https://ignite.org.pk/wp-content/uploads/2018/12/icubators.jpg","0","47","1124","1177","1177","1181","1182","2908","2989","2989","3053","3053","3053","3053","8505","4243","5915","5915","6178","14228","3053","5373","5373","0.2421440692851","0.22777699374572","","387","24966","21392","","","3705","230330_CZ_2J","1","1","128555","0","0","0","0","0","1","322172","707311","35","2021449","897014","38","2890090","180692","23","1127428","632449","22","636908","0","0","0","196004","7","196004","0","0","0","1604","29","1129","230330_CZ_2J","","","",
"94886","94886","100248","1841668","1838151","26321591","26178431","535","535","532","518","10","7","0","0","0","1","2725CD96770AA6ACBE72364553C9A5D6","94885","94892","10518","10518","https://ignite.org.pk/nic/","8","0","5365FA7AD4A04EB2F1F9885C629C1E87","https://ignite.org.pk/nic/","10445","10108.7","10109","","14866","21","0","3204","7","51","100","100","-1","100","-1","-1","85","-1","32","546221","0","-1","-1","13331092","2049303","Cloudflare","10575","54","0","43","77","217","696","240","6802","5416","8929","6578","0","0","0","103","19","0","","0","0","","","0","0","","","","","","","","","","0","0","0","0","0","0","0","4","1","0","3","5","0","0","0","0","7","0","0","5","7","0","0","0","0","1","0","0","0","0","0","0","0","0","0","0","0","0","0","0","0","0","0","0","0","0","0","0","0","0","0","0","0","0","0","0","0","0","2","0","1","0","0","0","0","0","0","0","0","0","0","11","28","0","44","0","","","","","","60376","mukeet-ThinkPad-T490-192.168.0.112","1680176187.6447","","","92.0.4515.131","92.0.4515.131","1680176206.5096","https://ignite.org.pk/nic/","ignite.org.pk","https://ignite.org.pk","14965","94881","10108.7","10108.7","","","dana.ns.cloudflare.com","android - chrome","Step_1","190841","https://ignite.org.pk/nic/","14860","10105","14860","14860","14860","14860","14860","12142","background-image","DIV","https://ignite.org.pk/nic/beta/img/ignite/ignite.png","0","43","3808","3287","3287","3293","3294","10445","10518","10518","10108","10108","10108","","14727","14866","94881","94886","94892","","10109","87407","87407","0.072185989124806","0.068575497366154","14608","967","103702","101922","","14608","9019","230330_GA_2K","1","1","271233","0","0","0","0","0","1","285535","133955","11","1002107","251177","26","909326","162807","21","1179132","13331092","447","13331092","0","0","0","119360","3","119360","11929280","6","11929280","393920","21","405297","230330_GA_2K","","","1",
"5619","5619","17925","315675","143501","2477250","1412922","141","141","70","138","2","1","0","0","0","1","4819A760C595C4A6C774BB107DEE729C","5619","5912","2909","2909","https://ignite.org.pk/digiskills-pk/","11","0","7B9FA10531A7072E780B041068A0EDF0","https://ignite.org.pk/digiskills-pk/","2834","2945.2000000002","2945","2945","5150","20","1","1029","8","41","100","100","-1","100","-1","-1","78","-1","100","1736591","0","-1","-1","511743","113567","Cloudflare","","14","5","2545","36","77","208","51","23","5","","","","","","","933","0","11","0","0","0","8","0","2","8","0","1","68","0","0","0","0","0","0","0","0","0","0","0","0","2","0","1","1","1","0","","9","8","4","1","0","1","32","12","10","0","1","3","1","0","2","0","0","0","0","0","0","0","0","0","0","0","0","0","0","0","0","0","0","0","0","0","0","0","0","0","0","0","0","0","11","0","0","0","0","0","0","0","0","0","0","0","0","0","0","23","","","","","","","0","13796","mukeet-ThinkPad-T490-192.168.0.112","1680176399.7844","","","92.0.4515.131","92.0.4515.131","1680176419.17","https://ignite.org.pk/digiskills-pk/","ignite.org.pk","https://ignite.org.pk","1698","5619","2945.2000000002","2945.2000000002","","","noel.ns.cloudflare.com","android - chrome","Step_1","37654","https://ignite.org.pk/digiskills-pk/","10606","2952","5163","6630","8397","10606","10606","5317","background-image","DIV","https://ignite.org.pk/wp-content/uploads/2018/12/digiskills.jpg","0","44","1077","1090","1090","1095","1096","2834","2908","2908","2945","2945","2945","2945","8339","5149","5619","5619","5912","","2945","5150","5150","0.24034352128614","0.22777699374572","","462","21412","16496","","","4874","230330_JX_2M","1","1","146617","0","0","0","0","0","1","307826","704986","36","1998711","896257","36","2888423","176711","21","1100912","513228","13","517687","0","0","0","184464","6","184464","0","0","0","1604","29","1129","230330_JX_2M","6","","",
"6906","6906","17284","330444","156212","3480827","2417430","147","147","76","146","0","1","0","0","0","1","093D03EF74D385F4D1D8CB3D4921E5F7","6906","7192","3129","3129","https://ignite.org.pk/digiskills-SB/","11","0","1B7B86B2CB2EF7987A938EDCF77FE67C","https://ignite.org.pk/digiskills-SB/","3051","3164.4000000004","3164","3164","5354","20","1","1168","10","42","100","100","-1","100","-1","-1","100","-1","100","1736621","0","-1","-1","1557719","13305","Cloudflare","207","80","0","579","593","84","220","190","863","248","59","46","0","0","0","36","514","23","6","0","0","0","6","0","0","5","1","1","25","1","0","0","0","0","0","0","0","0","0","0","0","0","0","0","0","0","0","0","0","0","0","0","0","21","2","0","0","0","0","0","0","0","0","0","0","0","0","0","0","39","0","0","0","0","0","0","0","0","0","0","0","0","0","0","0","0","0","0","0","0","0","0","2","0","0","0","0","0","0","0","0","0","0","0","0","0","0","1","4","0","71","21","6","0","2","13329","mukeet-ThinkPad-T490-192.168.0.112","1680176458.0441","","","92.0.4515.131","92.0.4515.131","1680176477.2313","https://ignite.org.pk/digiskills-SB/","ignite.org.pk","https://ignite.org.pk","1840","6906","3164.4000000004","3164.4000000004","","","dana.ns.cloudflare.com","android - chrome","Step_1","35293","https://ignite.org.pk/digiskills-SB/","12003","3144","6888","7865","9581","12003","12003","6661","background-image","DIV","https://ignite.org.pk/wp-content/uploads/2022/09/seed1-min.jpg","0","47","1189","1249","1249","1252","1253","3051","3129","3129","3164","3164","3164","3164","9575","5354","6905","6906","7192","","3164","6949","6949","0.29009056382996","0.22777699374572","","384","20897","17526","","","3682","230330_9Q_2N","1","1","215985","0","0","0","0","0","1","421301","654771","34","1524443","896257","36","2888423","176711","21","1100912","1559204","20","1563663","0","0","0","192280","7","192280","0","0","0","1604","29","1129","230330_9Q_2N","","","",
"4576","4576","17746","317131","145968","2423401","1356761","142","142","71","138","3","1","0","0","0","1","9E03A8E6DEB92C3D7C148D2083C3C0D8","4576","4833","2820","2820","https://ignite.org.pk/invest-mentor/","11","0","4623205786DFB68B394A4B9D12AAC6E2","https://ignite.org.pk/invest-mentor/","2746","2844.5999999996","2845","2845","4698","20","1","967","9","41","100","100","-1","100","-1","-1","83","-1","100","1737744","0","-1","-1","455113","80743","Cloudflare","","10","5","1957","64","79","188","52","20","4","","","","","","","1003","0","9","0","0","0","8","0","1","7","0","1","64","0","0","0","3","0","0","0","0","0","0","0","0","0","0","0","0","0","0","0","3","2","3","0","0","1","7","3","3","0","1","0","0","0","0","0","0","0","0","0","0","0","0","0","0","0","0","0","0","0","0","0","0","0","0","0","0","0","0","0","0","0","0","0","2","0","0","0","1","0","0","0","0","0","0","0","0","0","0","3","3","","","","","","0","14232","mukeet-ThinkPad-T490-192.168.0.112","1680176515.1436","","","92.0.4515.131","92.0.4515.131","1680176533.4452","https://ignite.org.pk/invest-mentor/","ignite.org.pk","https://ignite.org.pk","1624","4575","2844.5999999996","2844.5999999996","","","noel.ns.cloudflare.com","android - chrome","Step_1","35870","https://ignite.org.pk/invest-mentor/","10157","2848","4705","5485","7759","10157","10157","4895","background-image","DIV","https://ignite.org.pk/wp-content/uploads/2018/12/invest-mentor.jpg","0","45","995","1060","1060","1063","1064","2746","2820","2821","2844","2844","2844","2844","7714","4697","4576","4576","4833","13809","2845","4698","4698","0.24203168860528","0.22777699374572","","345","21337","17741","","","4030","230330_Q0_2P","1","1","144430","0","0","0","0","0","1","375938","707767","37","1775814","896257","36","2888423","176711","21","1100912","456598","13","461057","0","0","0","184464","6","184464","0","0","0","1604","29","1129","230330_Q0_2P","5","0","",
"6660","6660","18978","350044","170463","3417789","2339565","157","157","83","153","3","1","0","0","0","1","6A0E578FC037929A5F1BC9EB16927E62","6660","6923","2706","2706","https://ignite.org.pk/media/","11","0","84FE8D38028DA3222A39A82563DA6A97","https://ignite.org.pk/media/","2619","3240.7000000002","3241","3241","4677","20","1","1074","6","43","100","100","-1","100","-1","-1","92","-1","100","1757313","0","-1","-1","1418663","114721","Cloudflare","212","98","1","1048","679","97","213","212","1146","354","64","77","0","0","0","49","595","21","15","0","0","0","13","0","1","11","3","1","31","1","0","0","0","0","0","0","0","0","0","0","0","0","0","0","0","0","0","0","0","0","0","0","0","36","0","0","0","0","0","1","0","0","1","0","0","0","0","0","0","35","0","0","0","0","0","0","0","0","0","0","0","0","0","0","0","0","0","0","0","0","0","0","0","0","1","0","0","0","0","0","0","0","0","0","0","0","0","0","9","0","95","30","2","0","5","13819","mukeet-ThinkPad-T490-192.168.0.112","1680176570.6495","","","92.0.4515.131","92.0.4515.131","1680176588.8404","https://ignite.org.pk/media/","ignite.org.pk","https://ignite.org.pk","1808","6659","3240.7000000002","3240.7000000002","","","noel.ns.cloudflare.com","android - chrome","Step_1","41254","https://ignite.org.pk/media/","12145","3252","6305","7722","9710","12145","12145","6483","background-image","DIV","https://ignite.org.pk/wp-content/uploads/2018/12/outreach.jpg","0","42","1101","1168","1168","1172","1175","2619","2706","2706","3240","3240","3240","3240","9646","4676","6660","6660","6923","","3241","6361","6361","0.25626284479961","0.22777699374572","","759","22571","18509","","","5184","230330_T4_2Q","1","1","190895","0","0","0","0","0","1","418826","708925","37","2028005","910339","39","2943523","180692","23","1127428","1420148","20","1424607","0","0","0","196004","7","196004","0","0","0","1681","31","1206","230330_T4_2Q","","","",
"17057","17057","31684","360966","186535","8817353","7739794","162","162","90","160","1","1","0","0","0","1","CAF4FCCC88F1C1AD8B5F71E78FF31BB1","17057","17340","3597","3597","https://ignite.org.pk/events/","11","0","395F6D91FEEF387EE0EDABD48F4BF4D4","https://ignite.org.pk/events/","3507","4254.7000000002","4255","4255","16658","20","1","1440","13","43","100","100","-1","100","-1","-1","97","-1","100","1757674","0","-1","-1","6870829","236273","Cloudflare","664","73","0","1320","571","94","240","195","2974","597","704","196","0","0","0","314","841","26","14","0","0","0","13","0","0","12","1","2","20","1","0","0","0","0","0","0","0","0","0","0","0","0","0","0","7","0","0","0","3","3","2","0","0","11","7","4","3","0","0","3","0","0","2","0","0","0","0","0","0","7","0","0","0","0","0","0","0","0","0","0","0","0","0","0","0","0","0","0","0","0","0","0","9","0","0","0","0","0","0","0","0","0","0","0","2","2","2","5","16","0","111","22","4","0","1","22581","mukeet-ThinkPad-T490-192.168.0.112","1680176632.4533","","","92.0.4515.131","92.0.4515.131","1680176651.574","https://ignite.org.pk/events/","ignite.org.pk","https://ignite.org.pk","3127","17057","4254.7000000002","4254.7000000002","","","noel.ns.cloudflare.com","android - chrome","Step_1","56194","https://ignite.org.pk/events/","24692","4264","16659","18553","22338","24692","24692","12992","background-image","DIV","https://ignite.org.pk/wp-content/uploads/2018/12/outreach.jpg","0","43","1478","1512","1512","1516","1517","3507","3596","3596","4254","4254","4254","4254","22285","16658","17057","17057","17340","","4255","16707","16707","0.24758449328845","0.22777699374572","5118","872","35638","31937","","5118","7172","230330_ZA_2R","1","1","291540","0","0","0","0","0","1","495600","664261","34","1611116","909594","37","2941883","176711","21","1100912","6871902","32","6873737","0","0","0","193204","7","193204","0","0","0","1681","31","1206","230330_ZA_2R","","0","",
"18442","18442","39197","359996","191250","8716736","7654862","161","161","92","159","1","1","0","0","0","1","8CA72F98B80E2E66E15895B0B52FD12D","18442","18687","5468","5468","https://ignite.org.pk/newsbites/","11","0","3078BAF70AABE31AB3FFFD8151E12A18","https://ignite.org.pk/newsbites/","5399","5484.6000000006","5485","5485","17284","20","1","2883","14","42","100","100","-1","100","-1","-1","97","-1","99","1755013","0","-1","-1","6772714","227254","Cloudflare","1184","160","0","624","562","119","254","179","7076","707","1500","253","0","0","0","536","2468","24","9","0","0","0","8","0","0","8","3","1","17","2","0","0","0","0","0","0","0","0","0","0","0","0","0","0","0","1","0","0","0","0","0","0","0","13","7","0","0","0","0","0","0","0","0","0","0","0","0","0","0","9","0","0","0","0","0","0","0","0","0","0","0","0","0","0","0","0","0","0","0","0","0","0","4","0","0","0","0","0","0","0","0","0","0","0","0","2","0","1","11","0","76","26","2","0","2","23347","mukeet-ThinkPad-T490-192.168.0.112","1680176710.1153","","","92.0.4515.131","92.0.4515.131","1680176727.9019","https://ignite.org.pk/newsbites/","ignite.org.pk","https://ignite.org.pk","5617","18442","5484.6000000006","5484.6000000006","","","dana.ns.cloudflare.com","android - chrome","Step_1","71325","https://ignite.org.pk/newsbites/","32673","5470","20801","20801","29961","32605","32673","14737","background-image","DIV","https://ignite.org.pk/wp-content/uploads/2018/12/outreach.jpg","0","43","3078","2982","2982","2985","2986","5399","5467","5467","5484","5484","5484","5484","29567","17283","18442","18442","18687","","5485","17284","17284","0.2519635943976","0.22777699374572","6437","2215","43682","39422","","6437","12301","230330_48_2S","1","1","240037","0","0","0","0","0","1","491989","673912","34","1784417","897518","38","2890793","176711","21","1100912","6773787","32","6775622","0","0","0","193204","7","193204","0","0","0","1604","29","1129","230330_48_2S","","","",
"10941","10941","24771","398364","220020","5387081","4309142","177","177","104","175","1","1","0","0","0","1","CC20D65FD7793DD290EBBEB9C5B86B27","10941","11187","3973","3973","https://ignite.org.pk/tv-shows-and-newsreel/","11","0","9A35380ABAE85C486413D86EEB8AD295","https://ignite.org.pk/tv-shows-and-newsreel/","3899","3991.0999999996","3991","3991","9669","20","1","1491","13","44","100","100","-1","100","-1","-1","97","-1","100","1754348","0","-1","-1","3435545","118907","Cloudflare","440","86","0","1189","619","92","262","222","1946","495","313","45","0","0","0","159","632","29","12","0","0","0","11","0","0","10","1","1","24","1","0","0","0","0","0","0","0","0","0","0","0","1","0","1","1","0","0","1","2","2","1","0","0","2","4","1","1","0","0","0","0","0","0","0","0","0","0","0","0","0","0","0","0","0","0","0","0","0","0","0","0","0","0","0","0","0","0","0","0","0","0","0","2","0","0","0","0","0","0","0","0","0","0","0","0","1","0","4","7","0","104","23","7","","4","18014","mukeet-ThinkPad-T490-192.168.0.112","1680176801.9406","","","92.0.4515.131","92.0.4515.131","1680176823.0081","https://ignite.org.pk/tv-shows-and-newsreel/","ignite.org.pk","https://ignite.org.pk","2508","10941","3991.0999999996","3991.0999999996","","","dana.ns.cloudflare.com","android - chrome","Step_1","48265","https://ignite.org.pk/tv-shows-and-newsreel/","16952","3979","9652","12162","14828","16784","16952","9395","background-image","DIV","https://ignite.org.pk/wp-content/uploads/2018/12/outreach.jpg","0","45","1510","1574","1574","1577","1578","3899","3973","3973","3991","3991","3991","3991","14771","9668","10941","10941","11187","","3991","9733","9733","0.2486374780734","0.22777699374572","4527","694","27833","25034","","4527","6138","230330_3F_2T","1","1","231403","0","0","0","0","0","1","455993","660897","35","1568904","909590","37","2941874","176711","21","1100912","3436618","45","3438453","0","0","0","201584","8","201584","0","0","0","1681","31","1206","230330_3F_2T","","0","",
"11612","11612","25250","373813","193260","5893718","4814487","166","166","92","165","0","1","0","0","0","1","5ED9201A6B1A4936B4596C4B9A5A6BF9","11612","11890","3545","3545","https://ignite.org.pk/newspaper-articles/","11","0","2F697D8223D1D335257370CA0201A5AA","https://ignite.org.pk/newspaper-articles/","3458","4084.5999999996","4085","4085","11752","20","1","2142","12","43","100","100","-1","100","-1","-1","89","-1","100","1756500","0","-1","-1","3950080","462833","Cloudflare","403","82","0","1187","650","71","245","194","2199","456","321","42","0","0","0","128","552","23","17","0","0","0","15","0","0","14","3","2","34","1","0","0","0","0","0","0","0","0","0","0","0","0","0","0","0","2","0","1","2","2","1","0","0","17","2","1","1","0","0","0","0","0","0","0","0","0","0","0","0","20","0","0","0","0","0","0","0","0","0","0","0","0","0","0","0","0","0","0","0","0","0","0","0","0","0","0","1","0","0","0","0","0","0","0","0","0","0","1","7","0","115","26","7","0","0","18403","mukeet-ThinkPad-T490-192.168.0.112","1680176873.6646","","","92.0.4515.131","92.0.4515.131","1680176892.8541","https://ignite.org.pk/newspaper-articles/","ignite.org.pk","https://ignite.org.pk","2459","11612","4084.5999999996","4084.5999999996","","","noel.ns.cloudflare.com","android - chrome","Step_1","47428","https://ignite.org.pk/newspaper-articles/","18302","4085","12918","14763","15891","18302","18302","10336","background-image","DIV","https://ignite.org.pk/wp-content/uploads/2018/12/outreach.jpg","0","42","2192","2233","2233","2237","2238","3458","3545","3545","4084","4084","4084","4084","15843","11751","11612","11612","11890","","4085","11982","11982","0.26369461357307","0.22777699374572","5229","701","28787","24434","","5229","6263","230330_PM_2V","1","1","255050","0","0","0","0","0","1","508393","661375","35","1582697","909594","37","2941883","176711","21","1100912","3951153","35","3952988","0","0","0","193204","7","193204","0","0","0","1681","31","1206","230330_PM_2V","","","",
"7657","7657","19944","350353","173446","3877694","2803270","157","157","84","155","1","1","0","0","0","1","AF948C0563FF0ED72CAAC092BD8F79AF","7658","7929","3375","3375","https://ignite.org.pk/blogs/","11","0","93A01F19C80272EF9952E6B6B9897073","https://ignite.org.pk/blogs/","3294","3293.2000000002","3293","3293","7675","20","1","1175","10","42","100","100","-1","100","-1","-1","86","-1","31","1748069","0","-1","-1","1949551","277575","Cloudflare","236","95","1","1053","639","83","219","203","1213","207","28","74","0","0","0","55","543","22","0","0","0","0","0","0","0","0","0","0","7","0","0","0","0","0","0","0","0","0","0","0","0","2","1","1","1","0","0","4","1","1","0","0","0","24","7","1","1","0","0","0","0","0","0","0","0","0","0","0","0","30","0","0","0","0","0","0","0","0","0","0","0","0","0","0","0","0","0","0","0","0","0","0","4","0","0","0","1","0","0","0","0","0","0","0","0","0","0","2","22","0","86","23","4","0","7","15043","mukeet-ThinkPad-T490-192.168.0.112","1680176942.6708","","","92.0.4515.131","92.0.4515.131","1680176960.5205","https://ignite.org.pk/blogs/","ignite.org.pk","https://ignite.org.pk","1950","7657","3293.2000000002","3293.2000000002","","","noel.ns.cloudflare.com","android - chrome","Step_1","41164","https://ignite.org.pk/blogs/","13325","3283","7653","8700","10800","13325","13325","7355","background-image","DIV","https://ignite.org.pk/wp-content/uploads/2018/12/outreach.jpg","0","45","1210","1259","1259","1263","1265","3294","3375","3375","3293","3293","3293","3293","10747","7674","7657","7657","7929","","3293","7706","7706","0.28045492904929","0.22777699374572","","560","23333","19207","","","5396","230330_2Z_2W","1","1","206600","0","0","0","0","0","1","432469","654209","34","1520598","909593","37","2941883","176711","21","1100912","1951036","28","1955495","0","0","0","184464","6","184464","0","0","0","1681","31","1206","230330_2Z_2W","","","",
"5743","5743","17856","335900","161257","2586203","1522141","149","149","78","148","0","1","0","0","0","1","65E587CE2ADB308EE2DD4E97E7ACBA45","5743","6001","3242","3242","https://ignite.org.pk/social-media-assets/","11","0","6528D989F03D8396D1061A419CE6ED57","https://ignite.org.pk/social-media-assets/","3157","3696.4000000004","3696","3696","5168","20","1","1838","13","42","100","100","-1","100","-1","-1","83","-1","100","1741452","0","-1","-1","654479","114721","Cloudflare","233","111","1","571","627","99","220","187","856","232","71","42","0","0","0","41","577","17","4","0","0","0","3","0","0","3","1","0","37","0","0","0","0","0","0","0","0","0","0","0","0","0","0","0","0","0","0","0","0","0","0","0","0","17","2","0","0","0","0","0","0","0","0","0","0","0","0","0","0","24","0","0","0","0","0","0","0","0","0","0","0","1","0","0","0","0","0","0","0","0","0","0","2","0","0","0","0","0","0","0","0","0","0","0","0","2","0","3","13","0","120","32","1","0","7","13698","mukeet-ThinkPad-T490-192.168.0.112","1680177004.1413","","","92.0.4515.131","92.0.4515.131","1680177023.2693","https://ignite.org.pk/social-media-assets/","ignite.org.pk","https://ignite.org.pk","1699","5743","3696.4000000004","3696.4000000004","","","noel.ns.cloudflare.com","android - chrome","Step_1","39205","https://ignite.org.pk/social-media-assets/","10929","3688","6134","6739","8566","10929","10929","6197","background-image","DIV","https://ignite.org.pk/wp-content/uploads/2018/12/outreach.jpg","0","51","1862","1919","1919","1922","1923","3157","3242","3242","3696","3696","3696","3696","8518","5168","5743","5743","6001","","3696","6143","6143","0.24479030701046","0.22777699374572","","491","20792","17215","","","4581","230330_HJ_2X","1","1","161456","0","0","0","0","0","1","389792","654933","34","1524242","897006","38","2890072","180692","23","1127428","655964","18","660423","0","0","0","196004","7","196004","0","0","0","1604","29","1129","230330_HJ_2X","","","",
"7662","7662","20038","334247","153430","2482285","1389627","149","149","75","145","3","1","0","0","0","1","515D872BA97EF08134735D3E6F60294F","7662","7930","5229","5229","https://ignite.org.pk/careers/","11","0","7E110C3E28160B32E89CF58011F70B9A","https://ignite.org.pk/careers/","5132","5696.6000000006","5697","5697","5697","20","1","3259","14","42","100","100","-1","100","-1","-1","82","-1","100","1749365","0","-1","-1","485514","89602","Cloudflare","210","149","1","613","661","192","240","218","1206","377","256","61","0","0","0","21","731","21","2","0","0","0","1","0","0","1","0","0","15","1","0","0","0","0","0","0","0","0","0","0","0","0","0","0","0","0","0","0","2","2","1","0","0","0","3","2","2","0","1","0","0","0","0","0","0","0","0","0","0","0","0","0","0","0","0","0","0","0","0","0","0","0","0","0","0","0","0","0","0","0","0","0","2","0","0","0","0","0","0","0","0","0","0","0","0","1","0","0","16","0","93","28","6","","","14904","mukeet-ThinkPad-T490-192.168.0.112","1680177064.8001","","","92.0.4515.131","92.0.4515.131","1680177084.6837","https://ignite.org.pk/careers/","ignite.org.pk","https://ignite.org.pk","1818","7662","5696.6000000006","5696.6000000006","","","noel.ns.cloudflare.com","android - chrome","Step_1","42918","https://ignite.org.pk/careers/","13192","5695","7587","8682","10674","13192","13192","7809","background-image","DIV","https://ignite.org.pk/wp-content/uploads/2018/12/career.jpg","0","58","3280","3343","3343","3346","3350","5132","5229","5229","5696","5696","5696","5696","10623","5696","7662","7662","7931","","5697","7630","7630","0.24100035400362","0.22777699374572","","555","23636","18998","","","5399","230330_T3_2Y","1","1","147939","0","0","0","0","0","1","315609","706080","36","1952068","905793","39","2925320","176711","21","1100912","486999","15","491458","0","0","0","201584","8","201584","0","0","0","5118","30","84244","230330_T3_2Y","","","",
"7401","7401","19062","339902","162386","2547714","1469902","152","152","79","148","3","1","0","0","0","1","5F41C7FA25F4F86A94F966CA143119DE","7401","7700","5146","5146","https://ignite.org.pk/procurement/","11","0","42109E96F7A52AA9F02ECF31B8AF1E26","https://ignite.org.pk/procurement/","5071","5166.2999999998","5166","5166","6543","20","1","1923","11","43","100","100","-1","100","-1","-1","84","-1","100","1755432","0","-1","-1","542458","89602","Cloudflare","215","79","0","978","617","72","222","219","777","219","49","47","0","0","0","31","651","22","5","0","0","0","5","0","0","4","1","0","15","1","0","0","0","0","0","0","0","0","0","0","0","0","0","0","0","0","0","0","0","0","0","0","0","0","1","0","0","0","0","0","0","0","0","0","0","0","0","0","0","0","0","0","0","0","0","0","0","0","0","0","0","0","0","0","0","0","0","0","0","0","0","0","3","0","0","0","0","0","0","0","0","0","0","0","0","1","0","0","11","0","87","29","5","","","14695","mukeet-ThinkPad-T490-192.168.0.112","1680177129.9321","","","92.0.4515.131","92.0.4515.131","1680177148.8272","https://ignite.org.pk/procurement/","ignite.org.pk","https://ignite.org.pk","1667","7401","5166.2999999998","5166.2999999998","","","noel.ns.cloudflare.com","android - chrome","Step_1","36984","https://ignite.org.pk/procurement/","12228","5155","7535","8394","10065","12228","12228","7658","background-image","DIV","https://ignite.org.pk/wp-content/uploads/2018/12/career.jpg","0","42","1948","2016","2016","2020","2021","5071","5146","5146","5166","5166","5166","5166","10025","6543","7401","7401","7700","","5166","7538","7538","0.24052115026276","0.22777699374572","","512","22362","22155","","","4606","230330_5S_2Z","1","1","148650","0","0","0","0","0","1","268328","707171","36","2000667","910339","39","2943523","180692","23","1127428","543943","15","548402","0","0","0","203888","8","203888","0","0","0","1681","31","1206","230330_5S_2Z","","","",
"5354","5354","18588","319036","142709","2274320","1209297","142","142","70","140","1","1","0","0","0","1","ABD976266BF1165130DED97C842F24F7","5355","5650","3779","3779","https://ignite.org.pk/reviewers/","11","0","6C777141F87F2B22DE4C5AF1DEAD7A7C","https://ignite.org.pk/reviewers/","3713","3872.5","3873","3873","5408","20","1","1132","13","41","100","100","-1","100","-1","-1","100","-1","100","1738017","0","-1","-1","347731","2081","Cloudflare","","14","5","2510","32","78","219","63","22","5","","","","","","","1051","0","8","0","0","0","6","0","0","10","0","1","79","0","0","0","0","0","0","0","0","0","0","0","0","0","0","0","0","0","0","0","3","3","11","0","0","2","10","4","3","0","1","3","0","0","2","0","1","0","0","0","0","0","0","0","0","0","0","0","0","0","0","0","0","0","0","0","0","0","0","0","0","0","0","0","15","0","1","0","0","0","0","0","0","0","0","0","1","1","1","12","","","","","","","4","14372","mukeet-ThinkPad-T490-192.168.0.112","1680177187.1979","","","92.0.4515.131","92.0.4515.131","1680177206.6896","https://ignite.org.pk/reviewers/","ignite.org.pk","https://ignite.org.pk","1716","5354","3872.5","3872.5","","","dana.ns.cloudflare.com","android - chrome","Step_1","39551","https://ignite.org.pk/reviewers/","11517","3877","5396","6856","9058","11517","11517","5676","background-image","DIV","https://ignite.org.pk/wp-content/uploads/2022/09/seed1-min.jpg","0","45","1174","1227","1227","1231","1233","3713","3779","3779","3872","3872","3872","3872","9001","5407","5354","5354","5650","","3873","5408","5408","0.24770318047385","0.22777699374572","","452","22140","21806","","","5158","230330_YX_30","1","1","130288","0","0","0","0","0","1","286427","657688","36","1526644","896257","36","2888423","176711","21","1100912","349216","13","353675","0","0","0","192844","7","192844","0","0","0","1604","29","1129","230330_YX_30","31","0","",
"6465","6465","18836","330053","142634","2407251","1312534","146","146","70","145","0","1","0","0","0","1","715FB8BE88A0C5833C88702C5B70AA95","6465","6729","4539","4539","https://ignite.org.pk/complaints/","11","0","EBEC49FE02DD511BA62D777CE480A6B1","https://ignite.org.pk/complaints/","4472","4601","4601","4601","9990","20","1","1186","19","41","100","100","-1","100","-1","-1","100","-1","100","1767012","0","-1","-1","473690","4096","Cloudflare","280","98","1","608","628","65","185","234","644","153","39","40","0","0","0","29","799","40","2","0","0","0","2","0","0","2","0","0","15","0","0","0","0","0","0","0","0","0","0","0","0","0","0","0","3","0","0","1","2","2","2","0","0","0","3","1","1","0","0","0","0","0","0","0","0","0","0","0","0","0","0","0","0","0","0","0","0","0","0","0","0","0","0","0","0","0","0","0","0","0","0","0","0","0","0","0","0","0","0","0","0","0","0","0","0","0","0","0","14","0","222","33","1","","","14683","mukeet-ThinkPad-T490-192.168.0.112","1680177248.6594","","","92.0.4515.131","92.0.4515.131","1680177266.5174","https://ignite.org.pk/complaints/","ignite.org.pk","https://ignite.org.pk","1697","6465","4601","4601","","","dana.ns.cloudflare.com","android - chrome","Step_1","39563","https://ignite.org.pk/complaints/","13022","4586","9428","10056","12179","13022","13022","6478","background-image","DIV","https://ignite.org.pk/wp-content/uploads/2019/11/slide-1.png","0","43","1211","1266","1266","1270","1272","4472","4540","4540","4600","4600","4600","4600","9340","9989","6465","6465","6729","","4601","11126","11126","0.62391251735627","0.56110917971506","","577","21120","17810","","","5189","230330_TE_31","1","1","136388","0","0","0","0","0","1","248633","660084","35","1531046","920905","40","2983286","176711","21","1100912","475175","16","479634","0","0","0","172772","5","172772","0","0","0","1604","29","1129","230330_TE_31","","","",
"8854","8854","21379","336314","152958","4432567","3098871","139","139","67","138","0","1","0","0","0","1","263373C41054E669667ED60FA410FDBA","8854","9114","3487","3487","https://ignite.org.pk/ignite-signs-agreement-for-its-eighth-national-incubation-center-in-aerospace-technologies/","10","0","CD5BC17547DA0A320CC8AC4BAFDE2249","https://ignite.org.pk/ignite-signs-agreement-for-its-eighth-national-incubation-center-in-aerospace-technologies/","3403","4020.3000000007","4020","4020","14144","18","1","1086","10","42","100","100","-1","100","-1","-1","100","-1","100","1714502","0","-1","-1","2543064","2081","Cloudflare","","23","5","2605","183","68","206","16","22","5","","","","","","","1113","0","1","0","0","0","1","0","0","1","0","0","76","0","0","0","0","0","0","0","0","0","0","0","0","0","0","0","0","0","0","0","3","3","3","1","0","0","6","3","3","0","0","1","0","0","0","0","0","0","0","0","0","0","0","0","0","0","0","0","0","0","0","0","0","0","0","0","0","0","2","0","0","0","0","0","4","0","0","0","0","0","0","0","0","0","0","0","0","2","0","8","","","","","","","5","17004","mukeet-ThinkPad-T490-192.168.0.112","1680177307.4088","","","92.0.4515.131","92.0.4515.131","1680177326.6705","https://ignite.org.pk/ignite-signs-agreement-for-its-eighth-national-incubation-center-in-aerospace-technologies/","ignite.org.pk","https://ignite.org.pk","1813","8854","4020.3000000007","4020.3000000007","","","noel.ns.cloudflare.com","android - chrome","Step_1","41722","https://ignite.org.pk/ignite-signs-agreement-for-its-eighth-national-incubation-center-in-aerospace-technologies/","14145","4021","11633","11633","11633","14062","14145","6842","text","SPAN","","0","50","1100","1154","1154","1160","1162","3403","3487","3487","4020","4020","4020","4020","11499","14144","8854","8854","9115","","4020","4020","14144","0.24675825451899","0.22777699374572","4021","650","24182","21268","","4021","5189","230330_HC_32","1","1","218428","0","0","0","0","0","1","398927","656719","33","1522608","873457","33","2800047","175686","19","1095250","2544549","20","2549008","0","0","0","180588","6","180588","0","0","0","1568","28","1113","230330_HC_32","5","","",
"8647","8647","20756","310977","131233","4428769","3229924","131","131","59","130","0","1","0","0","0","1","5ECB7A8B0C3FE42398855A991286A2F8","8647","8961","3146","3146","https://ignite.org.pk/ignite-and-huawei-ink-mou-for-cooperation-and-fostering-startup-programs/","10","0","E1DE77120DCBEF0196F6A71FE5246200","https://ignite.org.pk/ignite-and-huawei-ink-mou-for-cooperation-and-fostering-startup-programs/","3058","3726.9000000004","3727","3727","13528","18","1","1111","9","41","100","100","-1","100","-1","-1","100","-1","75","1711395","0","-1","-1","2542389","25130","Cloudflare","","21","5","2494","31","110","214","70","22","4","","","","","","","902","0","6","0","0","0","5","0","7","5","0","0","96","0","0","0","0","0","0","0","0","0","0","0","0","0","0","0","0","0","0","0","3","3","2","0","0","1","16","4","3","0","0","3","0","0","2","0","0","0","0","0","0","0","0","0","0","0","0","0","0","0","0","0","0","0","0","0","0","0","0","0","0","0","0","0","15","0","0","0","0","0","0","0","0","0","0","0","2","5","1","12","7","","","","","","2","16672","mukeet-ThinkPad-T490-192.168.0.112","1680177370.7569","","","92.0.4515.131","92.0.4515.131","1680177388.8436","https://ignite.org.pk/ignite-and-huawei-ink-mou-for-cooperation-and-fostering-startup-programs/","ignite.org.pk","https://ignite.org.pk","1694","8647","3726.9000000004","3726.9000000004","","","noel.ns.cloudflare.com","android - chrome","Step_1","40885","https://ignite.org.pk/ignite-and-huawei-ink-mou-for-cooperation-and-fostering-startup-programs/","13540","3711","11107","11107","11107","13540","13540","6462","text","SPAN","","0","42","1146","1186","1186","1190","1191","3059","3147","3147","3726","3726","3726","3726","11010","13527","8647","8647","8962","","3727","3727","13528","0.24673037715958","0.22777699374572","3711","648","24303","20744","","3711","4770","230330_CC_33","1","1","225440","0","0","0","0","0","1","428599","653596","33","1508580","873457","33","2800047","175686","19","1095250","2543874","12","2548333","0","0","0","180588","6","180588","0","0","0","1568","28","1113","230330_CC_33","5","","",
"10193","10193","22052","354740","170547","4871252","3805365","145","145","73","144","0","1","0","0","0","1","54817A4CDFCEA3F028271007D5D2F1EF","10193","10455","3881","3881","https://ignite.org.pk/federal-minister-for-it-and-telecom-inaugurates-ignites-6th-national-incubation-center-in-hyderabad/","10","0","6AD1141CF751A01FD0C6AA3958EBF405","https://ignite.org.pk/federal-minister-for-it-and-telecom-inaugurates-ignites-6th-national-incubation-center-in-hyderabad/","3799","4422.0999999996","4422","4422","15172","18","1","1211","13","42","100","100","-1","100","-1","-1","100","-1","100","1712950","0","-1","-1","2983228","2081","Cloudflare","","30","5","2301","38","76","184","72","19","4","","","","","","","1074","0","3","0","0","0","2","0","1","2","0","0","74","0","0","0","0","0","0","0","0","0","0","0","0","0","0","0","0","0","0","","2","2","9","0","0","1","5","4","3","0","0","0","0","0","0","0","0","0","0","0","0","0","0","0","0","0","0","0","0","0","0","0","0","0","0","0","0","0","1","0","0","0","0","0","13","0","0","0","0","0","0","0","0","0","0","0","0","2","0","8","","","","","","","4","18104","mukeet-ThinkPad-T490-192.168.0.112","1680177432.0136","","","92.0.4515.131","92.0.4515.131","1680177451.8823","https://ignite.org.pk/federal-minister-for-it-and-telecom-inaugurates-ignites-6th-national-incubation-center-in-hyderabad/","ignite.org.pk","https://ignite.org.pk","1906","10193","4422.0999999996","4422.0999999996","","","noel.ns.cloudflare.com","android - chrome","Step_1","42416","https://ignite.org.pk/federal-minister-for-it-and-telecom-inaugurates-ignites-6th-national-incubation-center-in-hyderabad/","15184","4417","11859","11859","12726","15184","15184","7212","text","SPAN","","0","47","1244","1290","1290","1294","1296","3799","3881","3881","4422","4422","4422","4422","12683","15172","10192","10193","10455","","4422","4422","15172","0.24669678090779","0.22777699374572","4417","454","25642","22299","","4417","4835","230330_C2_34","1","1","233734","0","0","0","0","0","1","423665","655241","34","1536398","873456","33","2800038","175686","19","1095250","2984713","25","2989172","0","0","0","180588","6","180588","0","0","0","1568","28","1113","230330_C2_34","5","","",
"7894","7894","20956","315933","142961","2386870","1321440","141","141","70","139","1","1","0","0","0","1","58457D6B69735BE82843918A6945758D","7895","8173","5527","5527","https://ignite.org.pk/contact-us/","11","0","F0DA91BA0F41A1E71E2116ED02C15FCE","https://ignite.org.pk/contact-us/","5452","5446.0999999996","5446","5446","7160","20","1","958","13","40","100","100","-1","100","-1","-1","81","-1","100","1738709","0","-1","-1","467801","89602","Cloudflare","326","89","0","637","645","59","214","218","828","194","62","49","0","0","0","19","531","34","5","0","0","0","4","0","0","3","0","1","25","0","0","0","0","0","0","0","0","0","0","0","0","0","0","0","0","0","0","0","0","0","0","0","0","0","0","0","0","0","0","0","0","0","0","0","0","0","0","0","0","0","0","0","0","0","0","0","0","0","0","0","0","0","0","0","0","0","0","0","0","0","0","0","0","0","0","0","0","0","0","0","0","0","0","0","0","0","0","0","0","0","169","34","4","","","16803","mukeet-ThinkPad-T490-192.168.0.112","1680177496.7185","","","92.0.4515.131","92.0.4515.131","1680177515.7758","https://ignite.org.pk/contact-us/","ignite.org.pk","https://ignite.org.pk","1781","7894","5446.0999999996","5446.0999999996","","","noel.ns.cloudflare.com","android - chrome","Step_1","40505","https://ignite.org.pk/contact-us/","12936","5440","8861","8861","10586","12936","12936","7481","background-image","DIV","https://ignite.org.pk/wp-content/uploads/2018/12/career.jpg","0","41","1001","1052","1052","1057","1059","5452","5527","5527","5446","5446","5446","5446","10542","7160","7894","7894","8173","17910","5446","7213","7213","0.24614785777343","0.22777699374572","","420","24669","21003","","","4260","230330_QS_35","1","1","119355","0","0","0","0","0","1","190519","657891","35","1522846","896914","37","2889671","176711","21","1100912","469286","13","473745","0","0","0","184464","6","184464","0","0","0","1604","29","1129","230330_QS_35","","","",
"9377","9377","21806","347961","177675","4954682","3891821","156","156","86","154","1","1","0","0","0","1","BADA2921649D39EBB13C5BD692CAE86D","9377","9627","3165","3166","https://ignite.org.pk/resources/","11","0","59F0A115763F374B8F1CFF2351612066","https://ignite.org.pk/resources/","3087","3096","3096","3096","4541","20","1","970","14","42","100","100","-1","100","-1","-1","98","-1","100","1741394","0","-1","-1","3021534","80743","Cloudflare","231","102","1","628","627","86","229","199","1196","237","98","60","0","0","0","47","657","16","3","0","0","0","2","0","0","2","0","0","11","0","0","0","0","0","0","0","0","0","0","0","0","0","0","0","16","0","0","1","1","1","1","0","0","26","0","0","0","0","0","0","0","0","0","0","0","0","0","0","0","23","0","0","0","0","0","0","0","0","0","0","0","0","0","0","0","0","0","0","0","0","0","0","0","0","0","0","0","0","0","0","0","0","0","0","0","0","0","1","4","0","130","34","1","0","0","17133","mukeet-ThinkPad-T490-192.168.0.112","1680177558.5911","","","92.0.4515.131","92.0.4515.131","1680177577.6879","https://ignite.org.pk/resources/","ignite.org.pk","https://ignite.org.pk","1772","9376","3096","3096","","","dana.ns.cloudflare.com","android - chrome","Step_1","43938","https://ignite.org.pk/resources/","15065","3100","8422","10472","12573","15065","15065","8467","background-image","DIV","https://ignite.org.pk/wp-content/uploads/2018/12/invest-mentor.jpg","0","45","1008","1056","1056","1060","1061","3088","3166","3166","3096","3096","3096","3096","12516","4540","9377","9377","9627","","3096","8420","8420","0.24490674876869","0.22777699374572","3248","530","25385","20653","","3248","5106","230330_9B_36","1","1","237794","0","0","0","0","0","1","462926","656353","34","1524659","897010","38","2890081","180692","23","1127428","3023019","25","3027478","0","0","0","196004","7","196004","0","0","0","1604","29","1129","230330_9B_36","","","",
