"loadTime","docTime","fullyLoaded","bytesOut","bytesOutDoc","bytesIn","bytesInDoc","requests","requestsFull","requestsDoc","responses_200","responses_404","responses_other","result","testStartOffset","cached","optimization_checked","main_frame","loadEventStart","loadEventEnd","domContentLoadedEventStart","domContentLoadedEventEnd","URL","connections","final_base_page_request","final_base_page_request_id","final_url","firstPaint","firstContentfulPaint","firstMeaningfulPaint","domInteractive","firstImagePaint","renderBlockingCSS","renderBlockingJS","TTFB","basePageSSLTime","score_cache","score_cdn","score_gzip","score_cookies","score_keep-alive","score_minify","score_combine","score_compress","score_etags","score_progressive_jpeg","gzip_total","gzip_savings","minify_total","minify_savings","image_total","image_savings","base_page_cdn","cpu.UpdateLayerTree","cpu.EventDispatch","cpu.CommitLoad","cpu.EvaluateScript","cpu.v8.compile","cpu.ParseHTML","cpu.ResourceFetcher::requestResource","cpu.ParseAuthorStyleSheet","cpu.UpdateLayoutTree","cpu.Layout","cpu.MinorGC","cpu.V8.GC_HEAP_PROLOGUE","cpu.V8.GC_HEAP_EXTERNAL_PROLOGUE","cpu.V8.GC_SCAVENGER_COMPLETE_SWEEP_ARRAY_BUFFERS","cpu.V8.GC_SCAVENGER","cpu.V8.GC_TIME_TO_SAFEPOINT","cpu.V8.GC_HEAP_PROLOGUE_SAFEPOINT","cpu.V8.GC_SCAVENGER_SCAVENGE","cpu.V8.GC_SCAVENGER_SCAVENGE_WEAK_GLOBAL_HANDLES_IDENTIFY","cpu.V8.GC_SCAVENGER_SCAVENGE_ROOTS","cpu.V8.GC_SCAVENGER_SCAVENGE_PARALLEL","cpu.V8.GC_SCAVENGER_SCAVENGE_WEAK_GLOBAL_HANDLES_PROCESS","cpu.V8.GC_SCAVENGER_SCAVENGE_FINALIZE","cpu.V8.GC_SCAVENGER_SCAVENGE_UPDATE_REFS","cpu.V8.GC_SCAVENGER_FREE_REMEMBERED_SET","cpu.V8.GC_SCAVENGER_SWEEP_ARRAY_BUFFERS","cpu.V8.GC_HEAP_EXTERNAL_WEAK_GLOBAL_HANDLES","cpu.V8.GC_HEAP_EPILOGUE_SAFEPOINT","cpu.V8.GC_HEAP_EPILOGUE_REDUCE_NEW_SPACE","cpu.V8.GC_HEAP_EXTERNAL_EPILOGUE","cpu.V8.GC_HEAP_EPILOGUE","cpu.IntersectionObserverController::computeIntersections","cpu.Paint","cpu.ResourceChangePriority","cpu.largestContentfulPaint::Candidate","cpu.FunctionCall","cpu.XHRReadyStateChange","cpu.MarkDOMContent","cpu.FireAnimationFrame","cpu.TimerFire","cpu.HitTest","cpu.XHRLoad","cpu.MarkLoad","cpu.Idle","tester","start_epoch","osVersion","os_version","browserVersion","browser_version","date","document_URL","document_hostname","document_origin","domElements","domComplete","PerformancePaintTiming.first-paint","PerformancePaintTiming.first-contentful-paint","base_page_ip_ptr","base_page_cname","base_page_dns_server","browser_name","eventName","test_run_time_ms","lastVisualChange","render","visualComplete85","visualComplete90","visualComplete95","visualComplete99","visualComplete","SpeedIndex","chromeUserTiming.navigationStart","chromeUserTiming.fetchStart","chromeUserTiming.responseEnd","chromeUserTiming.unloadEventStart","chromeUserTiming.unloadEventEnd","chromeUserTiming.commitNavigationEnd","chromeUserTiming.domLoading","chromeUserTiming.firstPaint","chromeUserTiming.firstContentfulPaint","chromeUserTiming.firstMeaningfulPaintCandidate","chromeUserTiming.firstMeaningfulPaint","chromeUserTiming.domInteractive","chromeUserTiming.domContentLoadedEventStart","chromeUserTiming.domContentLoadedEventEnd","chromeUserTiming.LayoutShift","chromeUserTiming.firstImagePaint","chromeUserTiming.InteractiveTime","chromeUserTiming.domComplete","chromeUserTiming.loadEventStart","chromeUserTiming.loadEventEnd","chromeUserTiming.LargestTextPaint","chromeUserTiming.LargestContentfulPaint","chromeUserTiming.LargestImagePaint","chromeUserTiming.TotalLayoutShift","chromeUserTiming.CumulativeLayoutShift","FirstInteractive","maxFID","TTIMeasurementEnd","LastInteractive","TimeToInteractive","FirstCPUIdle","TotalBlockingTime","testID","run","step","effectiveBps","domTime","aft","titleTime","domLoading","server_rtt","error","edge-processed","LargestContentfulPaintType","LargestContentfulPaintNodeType","LargestContentfulPaintImageURL","effectiveBpsDoc","bytes.html","requests.html","bytesUncompressed.html","bytes.js","requests.js","bytesUncompressed.js","bytes.css","requests.css","bytesUncompressed.css","bytes.image","requests.image","bytesUncompressed.image","bytes.flash","requests.flash","bytesUncompressed.flash","bytes.font","requests.font","bytesUncompressed.font","bytes.video","requests.video","bytesUncompressed.video","bytes.other","requests.other","bytesUncompressed.other","id","cpu.V8.GC_MC_COMPLETE_SWEEPING","cpu.V8.GC_MC_COMPLETE_SWEEP_ARRAY_BUFFERS","cpu.V8.GC_MC_INCREMENTAL_START","cpu.V8.GC_MC_INCREMENTAL_EXTERNAL_PROLOGUE","cpu.V8.GC_MC_INCREMENTAL_EMBEDDER_PROLOGUE","cpu.BlinkGC.IncrementalMarkingStartMarking","cpu.BlinkGC.VisitRoots","cpu.V8.GC_MC_INCREMENTAL_EXTERNAL_EPILOGUE","cpu.BlinkGC.IncrementalMarkingStep","cpu.BlinkGC.IncrementalMarkingWithDeadline","cpu.BlinkGC.MarkProcessWorklists","cpu.BlinkGC.MarkBailOutObjects","cpu.BlinkGC.MarkFlushV8References","cpu.BlinkGC.MarkProcessNotFullyconstructeddWorklist","cpu.BlinkGC.MarkProcessMarkingWorklist","cpu.V8.GC_MC_INCREMENTAL","cpu.V8.GC_MC_INCREMENTAL_EMBEDDER_TRACING","cpu.BlinkGC.UnifiedMarkingStep","cpu.BlinkGC.MarkProcessWriteBarrierWorklist","cpu.BlinkGC.MarkFlushEphemeronPairs","cpu.MajorGC","cpu.V8.GC_MC_INCREMENTAL_FINALIZE","cpu.V8.GC_MC_INCREMENTAL_FINALIZE_BODY","cpu.V8.GC_MARK_COMPACTOR","cpu.V8.GC_MC_PROLOGUE","cpu.V8.GC_MC_MARK","cpu.V8.GC_MC_MARK_FINISH_INCREMENTAL","cpu.BlinkGC.AtomicPauseMarkPrologue","cpu.BlinkGC.AtomicPauseMarkRoots","cpu.V8.GC_MC_MARK_ROOTS","cpu.V8.GC_MC_MARK_MAIN","cpu.V8.GC_MC_MARK_WEAK_CLOSURE","cpu.V8.GC_MC_MARK_EMBEDDER_TRACING_CLOSURE","cpu.V8.GC_MC_MARK_EMBEDDER_TRACING","cpu.BlinkGC.AtomicPauseMarkTransitiveClosure","cpu.BlinkGC.MarkInvokeEphemeronCallbacks","cpu.V8.GC_MC_MARK_WEAK_CLOSURE_EPHEMERON","cpu.V8.GC_MC_MARK_WEAK_CLOSURE_EPHEMERON_MARKING","cpu.V8.GC_MC_MARK_WEAK_CLOSURE_WEAK_HANDLES","cpu.V8.GC_MC_MARK_WEAK_CLOSURE_WEAK_ROOTS","cpu.V8.GC_MC_MARK_WEAK_CLOSURE_HARMONY","cpu.V8.GC_MC_CLEAR","cpu.V8.GC_MC_CLEAR_STRING_TABLE","cpu.V8.GC_MC_CLEAR_FLUSHABLE_BYTECODE","cpu.V8.GC_MC_CLEAR_FLUSHED_JS_FUNCTIONS","cpu.V8.GC_MC_CLEAR_WEAK_LISTS","cpu.V8.GC_MC_CLEAR_MAPS","cpu.V8.GC_MC_CLEAR_WEAK_REFERENCES","cpu.V8.GC_MC_CLEAR_WEAK_COLLECTIONS","cpu.V8.GC_MC_SWEEP","cpu.V8.GC_MC_EVACUATE","cpu.V8.GC_MC_EVACUATE_PROLOGUE","cpu.V8.GC_MC_EVACUATE_COPY","cpu.V8.GC_MC_EVACUATE_COPY_PARALLEL","cpu.V8.GC_MC_EVACUATE_UPDATE_POINTERS","cpu.V8.GC_MC_EVACUATE_UPDATE_POINTERS_TO_NEW_ROOTS","cpu.V8.GC_MC_EVACUATE_UPDATE_POINTERS_SLOTS_MAIN","cpu.V8.GC_MC_EVACUATE_UPDATE_POINTERS_PARALLEL","cpu.V8.GC_MC_EVACUATE_UPDATE_POINTERS_WEAK","cpu.V8.GC_MC_EVACUATE_REBALANCE","cpu.V8.GC_MC_EVACUATE_CLEAN_UP","cpu.V8.GC_MC_EVACUATE_EPILOGUE","cpu.V8.GC_MC_FINISH","cpu.V8.GC_MC_FINISH_SWEEP_ARRAY_BUFFERS","cpu.V8.GC_MC_EPILOGUE","cpu.V8.GC_HEAP_EMBEDDER_TRACING_EPILOGUE","cpu.BlinkGC.AtomicPauseMarkEpilogue","cpu.BlinkGC.AtomicPauseSweepAndCompact","cpu.BlinkGC.LazySweepOnAllocation","cpu.BlinkGC.CompleteSweep","cpu.BlinkGC.LazySweepInIdle","chromeUserTiming.markAsMainFrame",
"64047","64047","66971","133536","128707","6056380","6012018","61","61","59","55","5","1","0","0","0","1","02BA7FD26FEDD3F9D21401547A04EC65","64047","64099","14003","14071","https://nhsrc.gov.pk/","9","0","1B5BC8125E877F8F738C8FA8930F20A5","https://nhsrc.gov.pk/","13898.400000095","13898","13898","14003","14305","18","6","7079","1771","3","4","23","-1","100","-1","-1","82","-1","15","2271924","1765707","-1","-1","3606599","669181","","1895","15","0","223","298","17","114","225","1345","223","0","0","0","0","0","0","0","0","7","0","10","0","0","0","0","0","0","0","0","0","0","1054","285","0","0","6734","0","0","6701","13","56","5","0","47747","rumaisa-HP-ProDesk-400-G5-MT-10.103.72.46","1683733556.4146","","","92.0.4515.131","92.0.4515.131","1683733574.3185","https://nhsrc.gov.pk/","nhsrc.gov.pk","https://nhsrc.gov.pk","812","64032","13898.400000095","13898.400000095","","","ns5.ntc.net.pk","android - chrome","Step_1","80654","70551","13879","17821","17821","31325","70551","70551","21602","0","40","7097","7171","7171","7175","7176","13898","13898","13898","13898","14003","14003","14071","19701","14305","19721","64032","64047","64099","13898","17838","17838","0.875085515","0.8748917853","19686","130","70372","64100","19686","19686","224","230510_VH_2","1","1","101121","0","0","0","0","0","Unhandled exception running test: '>=' not supported between instances of 'NoneType' and 'float'","1","background-image","DIV","https://nhsrc.gov.pk/SiteImage/Slider/kashmir-810x400.jpg","105533","94553","6","94553","1270094","9","1270094","916217","18","929406","3606599","23","3606599","0","0","0","168300","3","168300","0","0","0","617","2","2599","230510_VH_2","","","","","","","","","","","","","","","","","","","","","","","","","","","","","","","","","","","","","","","","","","","","","","","","","","","","","","","","","","","","","","","","","","","","","","","","",
"70574","70574","71982","152815","147986","6392141","6347779","71","71","69","66","5","0","0","0","0","1","7CDFDBBFF1EB2DDD9DF975B31A2635D3","70574","70631","20520","20597","https://nhsrc.gov.pk/index","11","0","56F953227CC127B9D3BD6A008710F9B4","https://nhsrc.gov.pk/index","20376.100000143","20376","20376","20520","20904","18","6","10529","9","14","20","32","-1","100","-1","-1","82","-1","15","2591275","1765708","-1","-1","3623009","669181","","1826","13","0","201","414","24","122","245","1330","282","2","0","0","0","1","0","0","1","4","0","20","1","0","0","0","0","0","0","0","0","0","1000","269","0","0","6952","0","0","6902","45","53","7","0","52259","rumaisa-HP-ProDesk-400-G5-MT-10.103.72.46","1683733657.0719","","","92.0.4515.131","92.0.4515.131","1683733672.5942","https://nhsrc.gov.pk/index","nhsrc.gov.pk","https://nhsrc.gov.pk","812","70551","20376.100000143","20376.100000143","","","ns.cyber.net.pk","android - chrome","Step_1","87350","72775","20357","24552","24552","42500","42500","42500","27615","0","38","10548","10619","10619","10622","10623","20376","20376","20376","20376","20520","20520","20597","26644","20904","28736","70551","70574","70631","20376","24174","24174","0.8787952606","0.8786015309","27153","133","75441","70631","27153","27153","474","230510_KF_3","1","1","104016","0","0","0","0","0","Unhandled exception running test: '>=' not supported between instances of 'NoneType' and 'float'","1","background-image","DIV","https://nhsrc.gov.pk/SiteImage/Slider/kashmir-810x400.jpg","105717","96566","7","100112","1587409","17","2258788","916217","18","929406","3623009","24","3623009","0","0","0","168300","3","168300","0","0","0","640","2","2602","230510_KF_3","0","0","0","0","0","0","0","0","0","0","2","0","0","0","1","0","0","0","0","0","0","0","0","0","0","0","0","0","0","0","0","0","0","0","0","0","0","0","0","0","0","0","0","0","0","0","0","0","0","0","0","0","0","2","0","0","0","0","0","0","0","0","0","0","0","0","0","0","2","1","","",
"40418","40418","41327","106818","101989","2818790","2774428","51","51","49","45","6","0","0","0","0","1","96E93C8F34E8C3CC68424243029AA3AC","40418","40449","11158","11177","https://nhsrc.gov.pk/Detail/ZWI2NGYyOTgtOTI4NS00ZTJmLTgwMGMtYTY5NzFmZjEwMzA4","11","0","4FB6E7EA5F043C3D9F1FA33DC7E4CC45","https://nhsrc.gov.pk/Detail/ZWI2NGYyOTgtOTI4NS00ZTJmLTgwMGMtYTY5NzFmZjEwMzA4","11206","11206","11206","11158","12022","18","6","1244","15","21","30","33","-1","100","-1","-1","100","-1","-1","2537452","1717876","-1","-1","161409","0","","21","6","0","263","433","14","91","223","74","123","0","0","0","0","0","0","0","0","0","0","11","0","0","0","0","0","0","0","0","0","0","2","16","0","0","126","0","0","0","3","1","3","0","39876","rumaisa-HP-ProDesk-400-G5-MT-10.103.72.46","1683733762.2273","","","92.0.4515.131","92.0.4515.131","1683733779.1685","https://nhsrc.gov.pk/Detail/ZWI2NGYyOTgtOTI4NS00ZTJmLTgwMGMtYTY5NzFmZjEwMzA4","nhsrc.gov.pk","https://nhsrc.gov.pk","314","40396","11206","11206","","","ns.cyber.net.pk","android - chrome","Step_1","52042","12687","11175","11175","11175","11266","12687","12687","11246","0","35","1282","1323","1323","1328","1330","11205","11205","11205","11205","11157","11158","11176","12356","12022","12300","40396","40418","40448","11206","11206","12703","0.2832138573","0.2832138573","16145","102","40841","16145","16145","16145","194","230510_A9_4","1","1","70323","0","0","0","0","0","Unhandled exception running test: '>=' not supported between instances of 'NoneType' and 'float'","1","text","LI","","70823","43991","8","47529","1587406","17","2258784","916217","18","929406","161409","5","161409","0","0","0","109744","2","109744","0","0","0","23","1","3","230510_A9_4","0","0","4","0","2","22","0","0","0","0","0","0","0","0","0","0","0","0","0","0","0","0","0","0","0","0","0","0","0","0","0","0","0","0","0","0","0","0","0","0","0","0","0","0","0","0","0","0","0","0","0","0","0","2","0","0","0","0","0","0","0","0","0","0","0","0","0","0","0","","9","",
"40338","40338","41241","106818","101989","2818174","2773812","51","51","49","45","6","0","0","0","0","1","3CD3B72BDFF1262255F64DFB5388709F","40338","40373","11107","11130","https://nhsrc.gov.pk/Detail/YjIxNDkyYWQtNzcxNi00NTNmLThiNzItYWI3YzY0ZGYxZmYx","11","0","81CE7D34038FF088ED43158C5167B5AC","https://nhsrc.gov.pk/Detail/YjIxNDkyYWQtNzcxNi00NTNmLThiNzItYWI3YzY0ZGYxZmYx","11186.600000143","11187","11187","11107","11924","18","6","2449","15","21","30","33","-1","100","-1","-1","100","-1","-1","2536836","1717464","-1","-1","161409","0","","20","2","0","254","407","16","90","225","73","94","0","0","0","0","0","0","0","0","0","0","5","0","0","0","0","0","0","0","0","0","0","1","20","0","0","126","0","0","0","6","1","9","0","39865","rumaisa-HP-ProDesk-400-G5-MT-10.103.72.46","1683733833.3221","","","92.0.4515.131","92.0.4515.131","1683733850.6397","https://nhsrc.gov.pk/Detail/YjIxNDkyYWQtNzcxNi00NTNmLThiNzItYWI3YzY0ZGYxZmYx","nhsrc.gov.pk","https://nhsrc.gov.pk","309","40312","11186.600000143","11186.600000143","","","ns.cyber.net.pk","android - chrome","Step_1","51473","12703","11184","11184","11232","11943","12703","12703","11283","0","37","2489","2542","2543","2546","2547","11186","11186","11186","11186","11107","11108","11131","12408","11923","11217","40312","40338","40373","11187","11187","12715","0.2802406772","0.2802406772","13929","105","40767","13929","13929","13929","201","230510_K5_5","1","1","72648","0","0","0","0","0","Unhandled exception running test: '>=' not supported between instances of 'NoneType' and 'float'","1","text","LI","","73208","43372","8","46910","1587409","17","2258788","916217","18","929406","161409","5","161409","0","0","0","109744","2","109744","0","0","0","23","1","3","230510_K5_5","0","0","4","0","2","2","0","0","0","0","0","0","0","0","0","7","0","0","0","0","0","0","0","0","0","0","0","0","0","0","0","0","0","0","0","0","0","0","0","0","0","0","0","0","0","0","0","1","0","0","0","0","0","0","0","0","0","0","0","0","0","0","0","0","0","0","1","0","0","","10","",
"40715","40715","43406","109273","104444","2888469","2844107","52","52","50","46","6","0","0","0","0","1","A28BF5917915852A933D13E5384FAAD2","40715","40750","11452","11478","https://nhsrc.gov.pk/Detail/NmNlNTIwNjItMjIxYy00ZjZkLWI0NDctNmZiOTgyZmZlNTlm","11","0","E8A08F75803A4F3F38C495E4AD1BB878","https://nhsrc.gov.pk/Detail/NmNlNTIwNjItMjIxYy00ZjZkLWI0NDctNmZiOTgyZmZlNTlm","11466.5","11467","11467","11452","12887","18","6","2394","12","20","29","33","-1","100","-1","-1","98","-1","0","2535852","1716781","-1","-1","232688","5821","","36","5","0","253","413","16","103","202","55","94","2","0","0","0","2","0","0","2","0","0","14","0","0","0","0","0","0","0","0","0","0","10","19","0","0","172","0","0","2","7","1","3","0","41971","rumaisa-HP-ProDesk-400-G5-MT-10.103.72.46","1683733904.2073","","","92.0.4515.131","92.0.4515.131","1683733920.8158","https://nhsrc.gov.pk/Detail/NmNlNTIwNjItMjIxYy00ZjZkLWI0NDctNmZiOTgyZmZlNTlm","nhsrc.gov.pk","https://nhsrc.gov.pk","300","40688","11466.5","11466.5","","","ns.cyber.net.pk","android - chrome","Step_1","54792","13994","11482","13994","13994","13994","13994","13994","13132","0","41","2429","2471","2472","2475","2477","11466","11466","11466","11466","11451","11452","11477","13520","12887","11569","40687","40715","40750","11467","13984","13984","0.2802406772","0.1891711143","14403","101","41144","14403","14403","14403","209","230510_8K_6","1","1","70429","0","0","0","0","0","Unhandled exception running test: '>=' not supported between instances of 'NoneType' and 'float'","1","image","IMG","https://nhsrc.gov.pk/SiteImage/Misc/images/Pakistan%20Map.JPG","74217","42391","8","45931","1587406","17","2258784","916217","18","929406","232688","6","232688","0","0","0","109744","2","109744","0","0","0","23","1","3","230510_8K_6","0","0","3","0","2","2","0","0","0","0","0","0","0","0","1","5","0","0","0","0","0","0","0","0","0","0","0","0","0","0","0","0","0","0","0","0","0","0","0","0","0","0","0","0","0","0","0","0","0","0","0","0","0","0","0","0","0","0","0","0","0","0","0","0","0","0","0","1","0","","8","",
"44392","44392","45819","106818","101989","2817561","2773199","51","51","49","45","6","0","0","0","0","1","E004B4E25EA3C39640D0297E3DED70D3","44392","44424","15145","15166","https://nhsrc.gov.pk/Detail/ZWQ4YWJiZDctZGY1NC00YWUyLWFlNWYtMzczMTY4ZGQyYTkz","11","0","736BE3B368AE528427E6C7655FAF3164","https://nhsrc.gov.pk/Detail/ZWQ4YWJiZDctZGY1NC00YWUyLWFlNWYtMzczMTY4ZGQyYTkz","15228.5","15228","15228","15145","15935","18","6","7700","16","21","30","33","-1","100","-1","-1","100","-1","-1","2536223","1716964","-1","-1","161409","0","","12","5","0","208","417","21","97","220","55","94","1","0","0","0","1","0","0","1","0","0","18","0","0","0","0","0","0","0","0","0","0","1","15","0","0","111","3","0","0","1","2","9","0","44479","rumaisa-HP-ProDesk-400-G5-MT-10.103.72.46","1683733977.7762","","","92.0.4515.131","92.0.4515.131","1683733994.781","https://nhsrc.gov.pk/Detail/ZWQ4YWJiZDctZGY1NC00YWUyLWFlNWYtMzczMTY4ZGQyYTkz","nhsrc.gov.pk","https://nhsrc.gov.pk","306","44366","15228.5","15228.5","","","ns.cyber.net.pk","android - chrome","Step_1","56569","16940","15222","15222","15222","15261","16940","16940","15302","0","38","7737","7797","7797","7800","7801","15228","15228","15228","15228","15145","15145","15166","16874","15934","15252","44366","44392","44424","15228","15228","16944","0.2802406772","0.2802406772","17969","101","44817","17969","17969","17969","205","230510_ZC_7","1","1","73914","0","0","0","0","0","Unhandled exception running test: '>=' not supported between instances of 'NoneType' and 'float'","1","text","P","","75580","42759","8","46300","1587409","17","2258788","916217","18","929406","161409","5","161409","0","0","0","109744","2","109744","0","0","0","23","1","3","230510_ZC_7","0","0","0","0","0","0","0","0","0","0","0","0","0","0","3","0","0","0","0","0","1","0","0","0","0","0","0","0","0","0","0","0","0","0","0","0","0","0","0","0","0","0","0","0","0","0","0","0","0","0","0","0","0","12","0","0","0","0","0","0","0","0","0","0","0","0","1","0","1","27","","",
"44836","44836","45735","143049","138220","2931026","2886664","63","63","61","57","6","0","0","0","0","1","C8F2DA6CD8B7B8CD82A2F0988A54AB7F","44836","44872","15566","15592","https://nhsrc.gov.pk/Detail/NTJjMmY2MTYtMGYxOS00NDg5LTgzN2YtNGZmOWJiM2FhM2Ez","11","0","E14FEE5B0301C0109E72D5F97267E263","https://nhsrc.gov.pk/Detail/NTJjMmY2MTYtMGYxOS00NDg5LTgzN2YtNGZmOWJiM2FhM2Ez","15667.900000095","15668","15668","15565","16422","18","6","6206","14","23","45","34","-1","100","-1","-1","100","-1","-1","2572822","1718871","-1","-1","237949","0","","15","9","0","182","414","14","116","221","75","92","2","0","0","0","1","0","0","1","0","0","14","0","0","0","0","0","0","0","0","0","0","7","29","0","0","135","1","0","2","2","1","8","0","44354","rumaisa-HP-ProDesk-400-G5-MT-10.103.72.46","1683734053.4453","","","92.0.4515.131","92.0.4515.131","1683734070.1368","https://nhsrc.gov.pk/Detail/NTJjMmY2MTYtMGYxOS00NDg5LTgzN2YtNGZmOWJiM2FhM2Ez","nhsrc.gov.pk","https://nhsrc.gov.pk","385","44805","15667.900000095","15667.900000095","","","ns.cyber.net.pk","android - chrome","Step_1","56721","17356","15675","15675","15675","15895","17356","17356","15751","0","36","6232","6300","6300","6304","6305","15667","15667","15667","15667","15565","15566","15592","16663","16422","15683","44805","44836","44873","15668","15668","17345","0.2802406772","0.2802406772","21698","101","48842","21698","21698","21698","419","230510_3A_8","1","1","74148","0","0","0","0","0","Unhandled exception running test: '>=' not supported between instances of 'NoneType' and 'float'","1","text","P","","74725","45397","8","48935","1618240","21","2369994","917962","20","955466","238275","10","238275","0","0","0","109744","2","109744","0","0","0","1408","2","5058","230510_3A_8","1","0","1","0","0","0","0","0","0","0","0","0","0","0","13","2","0","0","0","0","0","0","0","0","0","0","0","0","0","0","0","0","0","0","0","0","0","0","0","0","0","0","0","0","0","0","0","0","0","0","0","0","0","5","0","0","0","0","0","0","0","0","0","0","0","0","0","2","9","0","4","",
"51471","51471","52487","106818","101989","2818777","2774415","51","51","49","45","6","0","0","0","0","1","9CCD1BE428952ABC55F54C1767D8A713","51470","51502","22173","22203","https://nhsrc.gov.pk/Detail/ZGQ5ZWUyMWMtMDYxYy00MDEyLTllMDAtODFmZGRkNThjZTAw","11","0","81333B11F01AD4F377CCE2530D44B801","https://nhsrc.gov.pk/Detail/ZGQ5ZWUyMWMtMDYxYy00MDEyLTllMDAtODFmZGRkNThjZTAw","22264.399999857","22264","22264","22172","22953","18","6","9117","14","21","30","33","-1","100","-1","-1","100","-1","-1","2537439","1717833","-1","-1","161409","0","","22","4","0","183","384","22","128","204","62","119","0","0","0","0","0","0","0","0","0","0","9","0","0","0","0","0","0","0","0","0","0","2","36","0","0","148","0","0","2","4","1","9","0","51115","rumaisa-HP-ProDesk-400-G5-MT-10.103.72.46","1683734129.029","","","92.0.4515.131","92.0.4515.131","1683734145.995","https://nhsrc.gov.pk/Detail/ZGQ5ZWUyMWMtMDYxYy00MDEyLTllMDAtODFmZGRkNThjZTAw","nhsrc.gov.pk","https://nhsrc.gov.pk","341","51441","22264.399999857","22264.399999857","","","ns.cyber.net.pk","android - chrome","Step_1","63705","23685","22265","22265","22265","22265","22498","23685","22312","0","32","9153","9206","9206","9209","9211","22264","22264","22264","22264","22173","22173","22203","23336","22953","23344","51442","51471","51503","22264","22264","23703","0.2982635555","0.2982635555","24754","101","51894","24754","24754","24754","183","230510_CX_9","1","1","64993","0","0","0","0","0","Unhandled exception running test: '>=' not supported between instances of 'NoneType' and 'float'","1","text","TD","","65505","43975","8","47514","1587409","17","2258788","916217","18","929406","161409","5","161409","0","0","0","109744","2","109744","0","0","0","23","1","3","230510_CX_9","0","0","2","0","1","8","0","0","1","1","1","0","0","0","0","1","0","0","0","0","0","0","0","0","0","0","0","0","0","0","0","0","0","0","0","0","0","0","0","0","0","0","0","0","0","0","0","0","0","0","0","0","0","3","0","0","0","0","0","0","0","0","0","0","0","0","0","0","4","9","","",
"41195","41195","42109","149925","145096","2946251","2901889","66","66","64","60","6","0","0","0","0","1","0145D42C16D88306C977234AC287A193","41196","41227","11908","11927","https://nhsrc.gov.pk/Detail/YTc2MmQ5ZTktYmRlMS00OGM1LTk0MTEtZjI1ZTNlZjM0ODI1","11","0","DFDB5334744B4406AC15FE489B368FF0","https://nhsrc.gov.pk/Detail/YTc2MmQ5ZTktYmRlMS00OGM1LTk0MTEtZjI1ZTNlZjM0ODI1","11924.700000048","11925","11925","11907","12774","18","6","2395","13","25","47","34","-1","100","-1","-1","100","-1","0","2572097","1717039","-1","-1","253899","0","","52","29","1","459","3","3","77","6","52","73","2","0","0","0","2","0","0","1","0","0","11","0","0","0","0","0","0","0","0","0","0","2","28","0","","460","3","0","10","308","","0","0","40471","rumaisa-HP-ProDesk-400-G5-MT-10.103.72.46","1683734211.8185","","","92.0.4515.131","92.0.4515.131","1683734229.1076","https://nhsrc.gov.pk/Detail/YTc2MmQ5ZTktYmRlMS00OGM1LTk0MTEtZjI1ZTNlZjM0ODI1","nhsrc.gov.pk","https://nhsrc.gov.pk","305","41172","11924.700000048","11924.700000048","","","ns.cyber.net.pk","android - chrome","Step_1","52216","13512","11942","11942","11942","12777","13512","13512","12044","0","33","2445","2477","2477","2480","2482","11924","11924","11924","11924","11907","11907","11926","13222","12774","12006","41171","41195","41226","11925","13483","13483","0.2802406772","0.2802406772","17269","173","45258","17269","17269","17269","463","230510_ZT_A","1","1","74186","0","0","0","0","0","Unhandled exception running test: '>=' not supported between instances of 'NoneType' and 'float'","1","image","DIV","","74790","42700","8","46241","1620212","23","2376950","917962","20","955466","254225","11","254225","0","0","0","109744","2","109744","0","0","0","1408","2","5058","230510_ZT_A","1","0","2","0","0","9","1","0","0","0","0","10","0","0","0","4","0","0","0","0","0","0","0","0","0","0","0","0","0","0","0","0","0","0","0","0","0","0","0","0","0","0","0","0","0","0","0","0","0","0","0","0","0","17","0","0","0","0","0","0","0","0","0","0","0","0","4","0","0","8","","",
"40833","40833","43041","111668","106839","3048322","3003960","53","53","51","47","6","0","0","0","0","1","C3C61F16A2B8FF6907941BFCC436FEB0","40832","40864","11651","11672","https://nhsrc.gov.pk/Detail/NjlkZTk2MTEtZjJjNy00OWY0LTg1YWUtMzA3NWI1MGQ3YTNm","11","0","26DF9678F477AEAEAB0861B92920DB09","https://nhsrc.gov.pk/Detail/NjlkZTk2MTEtZjJjNy00OWY0LTg1YWUtMzA3NWI1MGQ3YTNm","11682.200000048","11682","11682","11650","12409","18","6","2259","13","20","28","33","-1","100","-1","-1","100","-1","0","2536043","1716907","-1","-1","392350","0","","25","6","0","281","414","18","93","231","78","121","0","0","0","0","0","0","0","0","0","0","13","0","0","0","0","0","0","0","0","0","0","2","33","0","0","145","0","0","0","8","1","5","0","41510","rumaisa-HP-ProDesk-400-G5-MT-10.103.72.46","1683734283.5388","","","92.0.4515.131","92.0.4515.131","1683734300.7626","https://nhsrc.gov.pk/Detail/NjlkZTk2MTEtZjJjNy00OWY0LTg1YWUtMzA3NWI1MGQ3YTNm","nhsrc.gov.pk","https://nhsrc.gov.pk","303","40807","11682.200000048","11682.200000048","","","ns.cyber.net.pk","android - chrome","Step_1","53872","14020","11661","13616","13616","13616","14020","14020","12647","0","35","2291","2334","2334","2338","2339","11682","11682","11682","11682","11650","11651","11672","12771","12409","11754","40807","40833","40865","11682","13628","13628","0.2962206338","0.2962206338","14535","98","41257","14535","14535","14535","179","230510_HW_B","1","1","74746","0","0","0","0","0","Unhandled exception running test: '>=' not supported between instances of 'NoneType' and 'float'","1","image","IMG","https://nhsrc.gov.pk/SiteImage/Misc/images/PPW1.jpg","77875","42579","8","46120","1587409","17","2258788","916217","18","929406","392350","7","392350","0","0","0","109744","2","109744","0","0","0","23","1","3","230510_HW_B","1","0","4","0","1","7","0","0","1","1","1","0","0","0","10","2","0","0","0","0","1","0","0","0","0","0","0","0","0","0","0","0","0","0","0","0","0","0","0","0","0","0","0","0","0","0","0","0","0","0","0","0","0","9","0","2","0","3","0","0","0","0","0","0","0","0","0","0","0","","12","",
"42181","42181","43478","149925","145096","2946710","2902348","66","66","64","60","6","0","0","0","0","1","28AE816C73942E521AC947FAC2FC6785","42181","42214","12958","12993","https://nhsrc.gov.pk/Detail/YzdmZmJmMWQtN2E4OC00YTk0LWE3YzUtOTU0YjU5OTRiYTg0","11","0","C0B9656D649D4DDEF70C1D78C8BFE47A","https://nhsrc.gov.pk/Detail/YzdmZmJmMWQtN2E4OC00YTk0LWE3YzUtOTU0YjU5OTRiYTg0","12979.799999952","12980","12980","12957","13743","18","6","3199","15","25","47","34","-1","100","-1","-1","100","-1","0","2572556","1717282","-1","-1","253899","0","","27","2","0","234","408","22","96","221","78","112","0","0","0","0","0","0","0","0","0","0","17","0","0","0","0","0","0","0","0","0","0","1","30","0","0","159","1","0","0","6","1","3","0","42059","rumaisa-HP-ProDesk-400-G5-MT-10.103.72.46","1683734356.8321","","","92.0.4515.131","92.0.4515.131","1683734374.6129","https://nhsrc.gov.pk/Detail/YzdmZmJmMWQtN2E4OC00YTk0LWE3YzUtOTU0YjU5OTRiYTg0","nhsrc.gov.pk","https://nhsrc.gov.pk","318","42153","12979.799999952","12979.799999952","","","ns.cyber.net.pk","android - chrome","Step_1","54002","14181","12987","13144","13144","13144","13144","13398","13141","0","36","3230","3278","3278","3281","3282","12979","12979","12979","12979","12957","12958","12993","14095","13743","14102","42152","42181","42214","12980","14467","14467","0.0998647421","0.0998647421","18036","104","46574","18036","18036","18036","367","230510_V7_C","1","1","73157","0","0","0","0","0","Unhandled exception running test: '>=' not supported between instances of 'NoneType' and 'float'","1","image","DIV","","74453","43156","8","46698","1620215","23","2376954","917962","20","955466","254225","11","254225","0","0","0","109744","2","109744","0","0","0","1408","2","5058","230510_V7_C","","","","","","","","","","","","","","","","","","","","","","","","","","","","","","","","","","","","","","","","","","","","","","","","","","","","","","","","","","","","","","","","","","","","","","","","",
"39854","39854","41109","106497","101668","2880248","2835886","52","52","50","47","5","0","0","0","0","1","DFFCF47A88AEB3ACAE4CE23A34F520CB","39854","39883","10811","10837","https://nhsrc.gov.pk/Publications","11","0","EAE81968CCA1B13A54A249CF7CFD024B","https://nhsrc.gov.pk/Publications","10693.100000143","10693","10693","10810","11405","18","6","1418","15","20","29","33","-1","100","-1","-1","83","-1","100","2540138","1720184","-1","-1","221373","37735","","25","6","0","327","420","22","93","246","84","148","1","0","0","0","0","0","0","0","0","0","10","0","0","0","0","0","0","0","2","0","0","2","28","0","0","138","0","0","1","1","1","8","0","39506","rumaisa-HP-ProDesk-400-G5-MT-10.103.72.46","1683734430.8114","","","92.0.4515.131","92.0.4515.131","1683734448.4159","https://nhsrc.gov.pk/Publications","nhsrc.gov.pk","https://nhsrc.gov.pk","365","39829","10693.100000143","10693.100000143","","","ns.cyber.net.pk","android - chrome","Step_1","52507","12171","10696","10696","10696","10696","12171","12171","10737","0","38","1449","1524","1524","1528","1529","10693","10693","10693","10693","10810","10811","10837","11754","11404","11761","39829","39854","39883","10693","10693","12174","0.2800748327","0.2800748327","13534","101","40277","13534","13534","13534","263","230510_VJ_D","1","1","72566","0","0","0","0","0","Unhandled exception running test: '>=' not supported between instances of 'NoneType' and 'float'","1","text","TD","","73782","45429","7","48970","1587409","17","2258788","916217","18","929406","221373","6","221373","0","0","0","109744","2","109744","0","0","0","76","2","43","230510_VJ_D","0","0","0","0","0","0","0","0","0","0","0","0","0","0","13","0","0","0","0","0","1","0","0","0","0","0","0","0","0","0","0","0","0","0","0","0","0","0","0","0","0","0","0","0","0","0","0","0","0","0","0","0","0","9","0","0","0","2","0","0","0","0","0","0","0","0","0","0","0","","10","",
"40453","40453","41388","106818","101989","2820573","2776211","51","51","49","45","6","0","0","0","0","1","F07BE45AA67BD6835297665C21C3DFB7","40454","40468","10280","10330","https://nhsrc.gov.pk/Detail/N2E0M2I0NTItMzgzYy00NTliLWE0YWEtNGZhZWJiOTU1MWFl","11","0","814155E4631DE752BB857C621EDED22B","https://nhsrc.gov.pk/Detail/N2E0M2I0NTItMzgzYy00NTliLWE0YWEtNGZhZWJiOTU1MWFl","10340.799999952","10341","10341","10279","11103","18","6","902","8","21","30","33","-1","100","-1","-1","100","-1","-1","2539235","1719031","-1","-1","161409","0","","26","2","0","272","452","28","98","212","70","115","2","0","0","0","2","0","0","1","0","0","31","0","0","0","0","0","0","0","0","0","0","18","29","0","0","65","0","0","0","6","1","7","0","39904","rumaisa-HP-ProDesk-400-G5-MT-10.103.72.46","1683734503.008","","","92.0.4515.131","92.0.4515.131","1683734520.0225","https://nhsrc.gov.pk/Detail/N2E0M2I0NTItMzgzYy00NTliLWE0YWEtNGZhZWJiOTU1MWFl","nhsrc.gov.pk","https://nhsrc.gov.pk","322","40444","10340.799999952","10340.799999952","","","ns.cyber.net.pk","android - chrome","Step_1","52504","11854","10351","10351","10351","10417","11854","11854","10414","0","32","938","979","979","982","983","10340","10340","10340","10340","10279","10280","10329","11457","11103","10398","40444","40453","40468","10341","10341","11867","0.2802406772","0.2802406772","12959","100","40869","40390","12959","12959","198","230510_0G_E","1","1","69667","0","0","0","0","0","Unhandled exception running test: '>=' not supported between instances of 'NoneType' and 'float'","1","text","DIV","","70193","45771","8","49309","1587409","17","2258788","916217","18","929406","161409","5","161409","0","0","0","109744","2","109744","0","0","0","23","1","3","230510_0G_E","0","0","3","0","2","11","0","0","0","0","0","1","0","0","0","0","0","0","0","0","2","0","0","2","0","0","0","0","0","0","0","0","0","0","0","0","0","0","0","0","0","0","0","0","0","0","0","0","0","0","0","0","0","10","0","0","0","0","0","0","0","0","0","0","0","1","1","0","0","","10","",
"40805","40805","41694","106449","101620","2893697","2849335","52","52","50","47","5","0","0","0","0","1","F2B76F665437D6FD84931C566AAC75E9","40805","40841","11750","11766","https://nhsrc.gov.pk/Jobs","11","0","898830618C98060C38B791064B8AAEC6","https://nhsrc.gov.pk/Jobs","11640.700000048","11641","11641","11749","12334","18","6","2611","14","20","29","33","-1","100","-1","-1","83","-1","100","2553587","1731757","-1","-1","221373","37735","","31","5","0","287","398","23","92","235","115","172","1","0","0","0","1","0","0","0","0","0","23","0","0","0","0","0","0","0","0","0","0","5","31","0","0","190","0","0","3","10","1","2","0","40008","rumaisa-HP-ProDesk-400-G5-MT-10.103.72.46","1683734574.7051","","","92.0.4515.131","92.0.4515.131","1683734591.5961","https://nhsrc.gov.pk/Jobs","nhsrc.gov.pk","https://nhsrc.gov.pk","434","40777","11640.700000048","11640.700000048","","","ns.cyber.net.pk","android - chrome","Step_1","53389","13095","11640","11640","11640","11640","13095","13095","11678","0","33","2652","2689","2689","2693","2694","11640","11640","11640","11640","11750","11750","11766","12923","12333","12932","40778","40805","40841","11641","13092","13092","0.3368615356","0.3368615356","14863","107","41234","14863","14863","14863","248","230510_D4_F","1","1","74039","0","0","0","0","0","Unhandled exception running test: '>=' not supported between instances of 'NoneType' and 'float'","1","image","DIV","","74601","58878","7","62416","1587409","17","2258788","916217","18","929406","221373","6","221373","0","0","0","109744","2","109744","0","0","0","76","2","43","230510_D4_F","1","0","3","0","1","8","0","0","0","0","0","1","0","0","6","9","0","0","0","0","2","0","0","2","0","0","0","0","0","0","0","0","0","0","0","0","0","0","0","0","0","0","0","0","0","0","0","0","0","0","0","0","0","11","0","2","0","0","0","0","0","0","0","0","0","1","1","0","0","","11","",
"40693","40693","43581","173409","168580","9780186","9735824","78","78","76","72","6","0","0","0","0","1","C7123E0709E532F73006D23C2559F2CC","40693","40735","11510","11540","https://nhsrc.gov.pk/Detail/ZWY4MjFhOTYtZGEzZS00OTk5LTk2NzAtMzljYjNiOWE2MmRh","11","0","DAA5D57F4031A59627F64871709D2ECE","https://nhsrc.gov.pk/Detail/ZWY4MjFhOTYtZGEzZS00OTk5LTk2NzAtMzljYjNiOWE2MmRh","11512","11512","11512","11509","12401","18","6","2587","10","13","18","33","-1","100","-1","-1","77","-1","32","2545795","1724842","-1","-1","7114462","1705377","","80","5","0","236","406","33","125","194","95","299","1","0","0","0","0","0","0","0","0","0","12","0","0","0","0","0","0","0","4","0","0","45","131","0","0","174","0","0","1","10","7","3","0","41656","rumaisa-HP-ProDesk-400-G5-MT-10.103.72.46","1683734647.2626","","","92.0.4515.131","92.0.4515.131","1683734665.2914","https://nhsrc.gov.pk/Detail/ZWY4MjFhOTYtZGEzZS00OTk5LTk2NzAtMzljYjNiOWE2MmRh","nhsrc.gov.pk","https://nhsrc.gov.pk","542","40663","11512","11512","","","ns.cyber.net.pk","android - chrome","Step_1","56420","15181","11505","15160","15181","15181","15181","15181","14071","0","38","2630","2678","2678","2682","2683","11512","11512","11512","11512","11510","11511","11541","12795","12401","12800","40663","40693","40736","11512","15166","15166","0.2802406772","0.2802406772","14200","106","41130","14200","14200","14200","214","230510_EA_G","1","1","238576","0","0","0","0","0","Unhandled exception running test: '>=' not supported between instances of 'NoneType' and 'float'","1","image","IMG","https://nhsrc.gov.pk/SiteImage/Misc/images/FD1(1).jpg","255493","52331","8","55872","1587409","17","2258788","916217","18","929406","7114462","32","7114462","0","0","0","109744","2","109744","0","0","0","23","1","3","230510_EA_G","1","0","3","1","1","10","0","0","0","0","0","6","0","0","7","6","0","0","0","0","2","0","0","2","0","0","0","0","0","0","0","0","0","0","0","0","0","0","0","0","0","0","0","0","0","0","0","0","0","0","0","0","0","13","0","0","0","0","0","0","0","0","0","0","0","1","1","0","4","","5","",
"41754","41754","42709","149925","145096","2945936","2901574","66","66","64","60","6","0","0","0","0","1","C36826A2BE44BCA5477882D99802BAAC","41753","41787","12426","12446","https://nhsrc.gov.pk/Detail/ZWEwNWQwMjQtNGZiNS00NTI5LWI4ZWUtY2Y1NmY2ZWVhMTEz","11","0","B9D99C4A50C324B180D6CFB94B0DA86F","https://nhsrc.gov.pk/Detail/ZWEwNWQwMjQtNGZiNS00NTI5LWI4ZWUtY2Y1NmY2ZWVhMTEz","12467.900000095","12468","12468","12425","13727","18","6","2260","18","25","47","34","-1","100","-1","-1","100","-1","0","2571782","1716753","-1","-1","253899","0","","49","23","0","453","3","1","61","4","52","56","0","0","0","0","0","0","0","0","0","0","10","0","0","0","0","0","0","0","0","0","0","2","22","0","","460","7","0","15","322","","0","0","41105","rumaisa-HP-ProDesk-400-G5-MT-10.103.72.46","1683734723.9017","","","92.0.4515.131","92.0.4515.131","1683734741.5415","https://nhsrc.gov.pk/Detail/ZWEwNWQwMjQtNGZiNS00NTI5LWI4ZWUtY2Y1NmY2ZWVhMTEz","nhsrc.gov.pk","https://nhsrc.gov.pk","299","41727","12467.900000095","12467.900000095","","","ns.cyber.net.pk","android - chrome","Step_1","52730","14069","12490","12490","12490","12907","14069","14069","12578","0","38","2292","2334","2334","2337","2339","12467","12467","12467","12467","12425","12426","12446","14002","13727","12756","41727","41754","41788","12468","13727","13727","0.2802406772","0.2802406772","17259","149","45711","17259","17259","17259","463","230510_52_H","1","1","72830","0","0","0","0","0","Unhandled exception running test: '>=' not supported between instances of 'NoneType' and 'float'","1","image","DIV","","73468","42382","8","45922","1620215","23","2376954","917962","20","955466","254225","11","254225","0","0","0","109744","2","109744","0","0","0","1408","2","5058","230510_52_H","0","0","0","0","0","14","0","0","0","0","0","0","0","0","2","0","0","0","0","0","0","0","0","0","0","0","0","0","0","0","0","0","0","0","0","0","0","0","0","0","0","0","0","0","0","0","0","0","0","0","0","0","0","3","0","0","0","1","0","0","0","0","0","0","0","0","8","0","4","33","","",
"42573","42573","45126","168592","163763","2703729","2659367","67","67","65","59","7","1","0","0","0","1","AD46AF3FFA95C0D494F0A8D06A44229B","42573","42606","13293","13313","https://nhsrc.gov.pk/Detail/MTA2YjA1NzktZTgzNy00NTYwLWIzODgtZTZkNTU3Y2MyZTYw","10","0","42955B637C75B747EFD5E3C29D0214B4","https://nhsrc.gov.pk/Detail/MTA2YjA1NzktZTgzNy00NTYwLWIzODgtZTZkNTU3Y2MyZTYw","13356.300000191","13356","13356","13292","14237","12","6","2496","15","24","60","36","-1","100","-1","-1","100","-1","0","2306100","1491853","-1","-1","385873","0","","62","25","0","446","5","6","53","3","64","88","0","0","0","0","0","0","0","0","0","0","16","0","0","0","0","0","0","0","0","0","0","3","37","0","","430","5","0","23","247","","0","0","43532","rumaisa-HP-ProDesk-400-G5-MT-10.103.72.46","1683734796.4983","","","92.0.4515.131","92.0.4515.131","1683734815.0502","https://nhsrc.gov.pk/Detail/MTA2YjA1NzktZTgzNy00NTYwLWIzODgtZTZkNTU3Y2MyZTYw","nhsrc.gov.pk","https://nhsrc.gov.pk","299","42551","13356.300000191","13356.300000191","","","ns.cyber.net.pk","android - chrome","Step_1","56354","14236","13356","13356","13356","13356","14236","14236","13379","0","39","2537","2578","2578","2582","2583","13356","13356","13356","13356","13292","13293","13313","14161","14237","13405","42551","42573","42606","13356","13356","14237","0.3836894177","0.3836894177","18144","154","48206","18144","18144","18144","478","230510_BP_J","1","1","63423","0","0","0","0","0","Unhandled exception running test: '>=' not supported between instances of 'NoneType' and 'float'","1","text","H4","","66356","43543","9","47082","1621996","23","2395261","649019","13","673334","386199","19","386199","0","0","0","0","0","0","0","0","0","2972","3","12961","230510_BP_J","1","0","7","0","5","2","0","0","0","0","0","0","0","0","0","2","0","0","0","0","0","0","0","0","0","0","0","0","0","0","0","0","0","0","0","0","0","0","0","0","0","0","0","0","0","0","0","0","0","0","0","0","0","3","0","3","0","0","0","0","0","0","0","0","0","0","7","0","9","43","","",
"41766","41766","43091","149925","145096","2943424","2899062","66","66","64","59","6","1","0","0","0","1","E233159BF7E31226637D912F048D3083","41765","41794","12519","12541","https://nhsrc.gov.pk/Detail/ZmM4OGZiMTUtY2RkNy00OWQ1LWE5NTgtZTQ3NWIzODU0MDgy","11","0","5941CBE3B8A333E03EECB938C86C8AB5","https://nhsrc.gov.pk/Detail/ZmM4OGZiMTUtY2RkNy00OWQ1LWE5NTgtZTQ3NWIzODU0MDgy","12571.900000095","12572","12572","12518","13336","18","6","2141","19","25","48","34","-1","100","-1","-1","100","-1","0","2569270","1714867","-1","-1","253899","0","","58","24","0","479","3","1","91","4","53","85","0","0","0","0","0","0","0","0","0","0","13","0","0","0","0","0","0","0","0","0","0","2","27","0","","439","2","0","12","300","","0","0","41464","rumaisa-HP-ProDesk-400-G5-MT-10.103.72.46","1683734873.669","","","92.0.4515.131","92.0.4515.131","1683734892.5784","https://nhsrc.gov.pk/Detail/ZmM4OGZiMTUtY2RkNy00OWQ1LWE5NTgtZTQ3NWIzODU0MDgy","nhsrc.gov.pk","https://nhsrc.gov.pk","299","41741","12571.900000095","12571.900000095","","","ns.cyber.net.pk","android - chrome","Step_1","53548","14129","12575","12575","12575","13363","14129","14129","12653","0","36","2172","2211","2211","2214","2215","12571","12571","12571","12571","12518","12519","12541","13664","13336","12630","41742","41766","41794","12572","12572","14105","0.4403203882","0.4403203882","17641","148","46255","17641","17641","17641","461","230510_5A_K","1","1","71878","0","0","0","0","0","Unhandled exception running test: '>=' not supported between instances of 'NoneType' and 'float'","1","text","H4","","73162","42371","8","45910","1620215","23","2376954","915461","19","952965","254225","11","254225","0","0","0","109744","2","109744","0","0","0","1408","3","5058","230510_5A_K","0","0","0","0","0","5","0","0","0","0","0","0","0","0","0","5","0","0","0","0","0","0","0","0","0","0","0","0","0","0","0","0","0","0","0","0","0","0","0","0","0","0","0","0","0","0","0","0","0","0","0","0","0","3","0","2","0","0","0","0","0","0","0","0","0","0","7","0","10","","","",
"40696","40696","42573","106818","101989","2892291","2847929","51","51","49","45","6","0","0","0","0","1","6917089CD8317CD6735454EB51E06185","40697","40730","11517","11541","https://nhsrc.gov.pk/Detail/Zjk0OGQ2NTgtZGVlZi00NmFiLWFiNzgtNDg5YThkOTQ0OWU0","11","0","D5C0D1CA8B0E8C9BC64A188DAB049701","https://nhsrc.gov.pk/Detail/Zjk0OGQ2NTgtZGVlZi00NmFiLWFiNzgtNDg5YThkOTQ0OWU0","11593.100000143","11593","11593","11516","12385","18","6","1619","16","21","30","32","-1","100","-1","-1","100","-1","-1","2610953","1788354","-1","-1","161409","0","","50","2","0","237","416","32","93","220","152","178","2","0","0","0","1","0","0","1","0","0","11","0","0","0","0","0","0","0","0","0","0","1","44","0","0","155","0","0","2","4","1","3","0","40919","rumaisa-HP-ProDesk-400-G5-MT-10.103.72.46","1683734948.4137","","","92.0.4515.131","92.0.4515.131","1683734965.9295","https://nhsrc.gov.pk/Detail/Zjk0OGQ2NTgtZGVlZi00NmFiLWFiNzgtNDg5YThkOTQ0OWU0","nhsrc.gov.pk","https://nhsrc.gov.pk","1542","40674","11593.100000143","11593.100000143","","","ns.cyber.net.pk","android - chrome","Step_1","62203","13265","11590","11590","11590","12386","13265","13265","11688","0","36","1631","1680","1680","1684","1685","11593","11593","11593","11593","11516","11516","11541","13160","12385","13169","40674","40696","40730","11593","13258","13258","0.2800748327","0.2800748327","14187","101","41123","14187","14187","14187","257","230510_DH_M","1","1","70622","0","0","0","0","0","Unhandled exception running test: '>=' not supported between instances of 'NoneType' and 'float'","1","image","DIV","","72879","117489","8","121028","1587409","17","2258788","916217","18","929406","161409","5","161409","0","0","0","109744","2","109744","0","0","0","23","1","3","230510_DH_M","0","0","0","0","0","4","0","0","0","1","0","1","0","0","0","12","0","0","0","0","2","0","0","2","0","0","0","0","0","0","0","0","0","0","0","0","0","0","0","0","0","0","0","0","0","0","0","0","0","0","0","0","0","10","0","0","0","0","0","0","0","0","0","0","0","1","1","0","0","","10","",
"44796","44796","45719","149925","145096","2946876","2902514","66","66","64","60","6","0","0","0","0","1","CA60CC43528FF3CEB69F0C0848D7481E","44796","44841","15525","15544","https://nhsrc.gov.pk/Detail/NTg0ZjUwOWYtMTNlZC00MGY2LWE1ODItY2U3MmMyM2JlZmQ4","11","0","F83A1519E972B90CA4AF31735BD0384F","https://nhsrc.gov.pk/Detail/NTg0ZjUwOWYtMTNlZC00MGY2LWE1ODItY2U3MmMyM2JlZmQ4","15564.700000048","15565","15565","15524","16738","18","6","917","18","25","47","34","-1","100","-1","-1","100","-1","0","2572722","1717470","-1","-1","253899","0","","43","20","0","438","5","10","61","4","55","71","1","0","0","0","1","0","0","0","0","0","10","0","0","0","0","0","0","0","0","0","0","2","21","0","","510","5","0","13","321","","0","0","44102","rumaisa-HP-ProDesk-400-G5-MT-10.103.72.46","1683735030.3228","","","92.0.4515.131","92.0.4515.131","1683735049.2936","https://nhsrc.gov.pk/Detail/NTg0ZjUwOWYtMTNlZC00MGY2LWE1ODItY2U3MmMyM2JlZmQ4","nhsrc.gov.pk","https://nhsrc.gov.pk","321","44780","15564.700000048","15564.700000048","","","ns.cyber.net.pk","android - chrome","Step_1","56090","17067","15583","15583","15583","16753","17067","17067","15675","0","38","949","998","998","1001","1002","15564","15564","15564","15564","15524","15525","15544","16984","16738","16662","44781","44796","44842","15565","16738","16738","0.2814286558","0.2814286558","20139","160","48738","20139","20139","20139","458","230510_2S_N","1","1","65775","0","0","0","0","0","Unhandled exception running test: '>=' not supported between instances of 'NoneType' and 'float'","1","image","DIV","","66148","43325","8","46866","1620212","23","2376950","917962","20","955466","254225","11","254225","0","0","0","109744","2","109744","0","0","0","1408","2","5058","230510_2S_N","0","0","1","0","0","0","0","0","1","1","1","0","0","0","0","9","0","0","0","0","0","0","0","0","0","0","0","0","0","0","0","0","0","0","0","0","0","0","0","0","0","0","0","0","0","0","0","0","0","0","0","0","0","8","0","0","0","0","0","0","0","0","0","0","0","0","3","0","3","","","",
"42024","42024","44446","111683","106854","3441375","3397013","53","53","51","47","6","0","0","0","0","1","915CE6AF9DA2DF6921AEDFA92B71A859","42024","42069","12819","12845","https://nhsrc.gov.pk/Detail/YWFhNTZjYWEtMTI0MS00Y2VmLTk2NmMtZGQ2OGNiZDBmM2Nh","11","0","D69CD8FAEA14ED17D84FDCAA7C5BD97D","https://nhsrc.gov.pk/Detail/YWFhNTZjYWEtMTI0MS00Y2VmLTk2NmMtZGQ2OGNiZDBmM2Nh","12865.100000143","12865","12865","12818","13665","18","6","2789","11","20","28","33","-1","100","-1","-1","44","-1","0","2554895","1729797","-1","-1","766551","433052","","46","12","0","220","425","12","106","211","101","229","0","0","0","0","0","0","0","0","0","0","0","0","0","0","0","0","0","0","0","0","0","3","62","0","0","153","1","0","1","1","4","4","0","42808","rumaisa-HP-ProDesk-400-G5-MT-10.103.72.46","1683735107.6244","","","92.0.4515.131","92.0.4515.131","1683735125.2747","https://nhsrc.gov.pk/Detail/YWFhNTZjYWEtMTI0MS00Y2VmLTk2NmMtZGQ2OGNiZDBmM2Nh","nhsrc.gov.pk","https://nhsrc.gov.pk","582","41995","12865.100000143","12865.100000143","","","ns.cyber.net.pk","android - chrome","Step_1","57531","16804","12882","13019","13019","16804","16804","16804","13354","0","32","2820","2863","2863","2867","2868","12865","12865","12865","12865","12818","12819","12845","14020","13664","14029","41995","42024","42069","12865","12865","15064","0.0982056436","0.0982056436","15690","88","42459","15690","15690","15690","210","230510_FD_P","1","1","82612","0","0","0","0","0","Unhandled exception running test: '>=' not supported between instances of 'NoneType' and 'float'","1","text","TD","","86581","61431","8","64970","1587409","17","2258788","916217","18","929406","766551","7","766551","0","0","0","109744","2","109744","0","0","0","23","1","3","230510_FD_P","1","0","5","0","1","11","1","0","0","0","0","0","0","0","4","5","0","0","0","0","0","0","0","0","0","0","0","0","0","0","0","0","0","0","0","0","0","0","0","0","0","0","0","0","0","0","0","0","0","0","0","0","0","3","0","2","0","0","0","0","0","0","0","0","0","0","0","0","0","","13","",
"42092","42092","45051","109372","104543","3049853","3005491","52","52","50","46","6","0","0","0","0","1","D3DD983A6CE658A10ABFE687C8F53AED","42092","42123","12857","12888","https://nhsrc.gov.pk/ProfileDetail/ZDJmYjQ4YzAtMzkyMy00ZjkxLTlkM2YtODcwOTU4ZmUwZTRk","11","0","FD95D5DF6ED69090B6C5A0FAD953C10F","https://nhsrc.gov.pk/ProfileDetail/ZDJmYjQ4YzAtMzkyMy00ZjkxLTlkM2YtODcwOTU4ZmUwZTRk","12918.400000095","12918","12918","12856","13664","18","6","2330","21","20","29","33","-1","100","-1","-1","59","-1","0","2536430","1717280","-1","-1","393494","162364","","24","4","0","235","419","12","100","200","82","104","0","0","0","0","0","0","0","0","0","0","16","0","0","0","0","0","0","0","0","0","0","5","26","0","0","126","1","0","0","2","3","3","0","43635","rumaisa-HP-ProDesk-400-G5-MT-10.103.72.46","1683735184.9803","","","92.0.4515.131","92.0.4515.131","1683735202.789","https://nhsrc.gov.pk/ProfileDetail/ZDJmYjQ4YzAtMzkyMy00ZjkxLTlkM2YtODcwOTU4ZmUwZTRk","nhsrc.gov.pk","https://nhsrc.gov.pk","303","42068","12918.400000095","12918.400000095","","","ns.cyber.net.pk","android - chrome","Step_1","56162","15565","12906","15565","15565","15565","15565","15565","14751","0","39","2368","2401","2401","2407","2408","12918","12918","12918","12918","12856","12857","12888","13974","13664","12990","42067","42092","42123","12918","15564","15564","0.2754626274","0.2754626274","15408","106","42515","15408","15408","15408","199","230510_N5_Q","1","1","71390","0","0","0","0","0","Unhandled exception running test: '>=' not supported between instances of 'NoneType' and 'float'","1","image","IMG","https://nhsrc.gov.pk/SiteImage/Profiles/Mahesh%20Khumar.jpg","75587","42966","8","46507","1587409","17","2258788","916217","18","929406","393494","6","393494","0","0","0","109744","2","109744","0","0","0","23","1","3","230510_N5_Q","1","0","3","0","1","13","0","0","0","0","0","0","0","0","0","11","0","0","0","0","0","0","0","0","0","0","0","0","0","0","0","0","0","0","0","0","0","0","0","0","0","0","0","0","0","0","0","0","0","0","0","0","0","12","0","0","0","0","0","0","0","0","0","0","0","0","0","0","0","","11","",
"45620","45620","46546","109399","104570","2831426","2787064","52","52","50","46","6","0","0","0","0","1","527608D1BC13E11CA798AAC506C9DFC6","45621","45652","16385","16406","https://nhsrc.gov.pk/ProfileDetail/ZTkyNmM2MTYtMmMzZS00ZjZhLThiZDEtNGJkYmRiYzgwMDY4","11","0","8A425EE869B0FF720B2A9089605A0043","https://nhsrc.gov.pk/ProfileDetail/ZTkyNmM2MTYtMmMzZS00ZjZhLThiZDEtNGJkYmRiYzgwMDY4","16456.199999809","16456","16456","16385","17192","18","6","5950","16","20","29","33","-1","100","-1","-1","98","-1","0","2536628","1717421","-1","-1","174869","5232","","21","4","0","235","387","18","131","208","75","104","0","0","0","0","0","0","0","0","0","0","0","0","0","0","0","0","0","0","0","0","0","2","23","0","0","128","0","0","2","2","1","4","0","45195","rumaisa-HP-ProDesk-400-G5-MT-10.103.72.46","1683735261.1362","","","92.0.4515.131","92.0.4515.131","1683735280.4239","https://nhsrc.gov.pk/ProfileDetail/ZTkyNmM2MTYtMmMzZS00ZjZhLThiZDEtNGJkYmRiYzgwMDY4","nhsrc.gov.pk","https://nhsrc.gov.pk","307","45601","16456.199999809","16456.199999809","","","ns.cyber.net.pk","android - chrome","Step_1","57892","18298","16472","17623","17623","17623","18298","18298","17235","0","37","5973","6037","6037","6040","6041","16456","16456","16456","16456","16385","16385","16406","17571","17192","16486","45601","45620","45652","16456","17620","17620","0.3081198824","0.3081198824","19117","87","46045","19117","19117","19117","169","230510_6T_R","1","1","69746","0","0","0","0","0","Unhandled exception running test: '>=' not supported between instances of 'NoneType' and 'float'","1","image","IMG","https://nhsrc.gov.pk/SiteImage/Profiles/parliamantry%20secretary.jpg","70256","43164","8","46702","1587409","17","2258788","916217","18","929406","174869","6","174869","0","0","0","109744","2","109744","0","0","0","23","1","3","230510_6T_R","0","0","1","0","1","3","0","0","0","0","0","0","0","0","0","0","0","0","0","0","0","0","0","0","0","0","0","0","0","0","0","0","0","0","0","0","0","0","0","0","0","0","0","0","0","0","0","0","0","0","0","0","0","0","0","0","0","0","0","0","0","0","0","0","0","0","0","0","0","1","","",
"75135","75135","76607","109459","104630","2911123","2866761","53","53","51","47","6","0","0","0","0","1","AA9A75B3A89E1ADB919CC556430DE7D0","75135","75167","15993","16032","https://nhsrc.gov.pk/ProfileDetail/M2I2OTIzZDMtNGIyYy00MjAyLTgwMmItNTlkNmM3ZjQ4OGU5","11","0","51EFD8A80126616860DFB23D40075F18","https://nhsrc.gov.pk/ProfileDetail/M2I2OTIzZDMtNGIyYy00MjAyLTgwMmItNTlkNmM3ZjQ4OGU5","16018.700000048","16019","16019","15992","16754","18","6","6472","13","20","29","33","-1","100","-1","-1","85","-1","0","2536861","1717609","-1","-1","253717","38697","","19","6","0","322","428","22","111","231","81","103","0","0","0","0","0","0","0","0","0","0","3","0","0","0","0","0","0","0","0","0","0","2","24","0","0","153","0","0","0","9","1","2","0","75064","rumaisa-HP-ProDesk-400-G5-MT-10.103.72.46","1683735340.5465","","","92.0.4515.131","92.0.4515.131","1683735358.4638","https://nhsrc.gov.pk/ProfileDetail/M2I2OTIzZDMtNGIyYy00MjAyLTgwMmItNTlkNmM3ZjQ4OGU5","nhsrc.gov.pk","https://nhsrc.gov.pk","311","75116","16018.700000048","16018.700000048","","","ns.cyber.net.pk","android - chrome","Step_1","88344","17752","16013","17533","17533","17533","17752","17752","16986","0","34","6490","6556","6556","6559","6560","16018","16018","16018","16018","15992","15993","16032","17083","16753","16153","75116","75135","75167","16019","17527","17527","0.3086141229","0.3086141229","18869","102","75559","18869","18869","18869","211","230510_M9_S","1","1","41507","0","0","0","0","0","Unhandled exception running test: '>=' not supported between instances of 'NoneType' and 'float'","1","image","IMG","https://nhsrc.gov.pk/SiteImage/Profiles/Mirza%20Nasir%20Ud%20Din%20Mashhood%20Ahmad.jpeg","41751","43397","8","46937","1587409","17","2258788","916217","18","929406","253717","6","253717","0","0","0","109744","2","109744","0","0","0","639","2","2602","230510_M9_S","0","0","0","0","0","4","0","0","0","0","0","1","0","0","3","0","0","0","0","0","2","0","0","1","0","0","0","0","0","0","0","0","0","0","0","0","0","0","0","0","0","0","0","0","0","0","0","0","0","0","0","0","0","0","0","2","0","","0","0","0","0","0","0","0","1","0","3","7","1","","",
"76203","76203","78978","109459","104630","2591299","2546937","53","53","51","46","6","1","0","0","0","1","09C7F2F383F9675262307EDA3F46532A","76203","76233","46930","46950","https://nhsrc.gov.pk/ProfileDetail/OTQ1YjI5ZGMtZjJhOC00MDIyLWE2YWUtOTYzYjgyYmI4NWNk","11","0","F3432061044CBCD4DA633047DC1879FD","https://nhsrc.gov.pk/ProfileDetail/OTQ1YjI5ZGMtZjJhOC00MDIyLWE2YWUtOTYzYjgyYmI4NWNk","46975.900000095","46976","46976","46930","47868","18","6","30005","19","21","30","35","-1","100","-1","-1","96","-1","0","2250906","1471567","-1","-1","219850","9440","","27","7","0","207","417","13","108","202","65","150","0","0","0","0","0","0","0","0","0","0","13","0","0","0","0","0","0","0","0","0","0","3","26","0","0","154","0","0","2","1","1","7","0","77550","rumaisa-HP-ProDesk-400-G5-MT-10.103.72.46","1683735449.0222","","","92.0.4515.131","92.0.4515.131","1683735467.0725","https://nhsrc.gov.pk/ProfileDetail/OTQ1YjI5ZGMtZjJhOC00MDIyLWE2YWUtOTYzYjgyYmI4NWNk","nhsrc.gov.pk","https://nhsrc.gov.pk","307","76178","46975.900000095","46975.900000095","","","ns.cyber.net.pk","android - chrome","Step_1","91741","49840","46983","48761","48761","48761","49840","49840","48324","0","39","30040","30088","30088","30091","30092","46975","46975","46975","46975","46929","46930","46950","49234","47868","49240","76178","76203","76233","46976","48741","48741","0.0882725224","0.0882725224","53045","110","76626","53045","53045","53045","195","230510_9C_T","1","1","52912","0","0","0","0","0","Unhandled exception running test: '>=' not supported between instances of 'NoneType' and 'float'","1","image","IMG","https://nhsrc.gov.pk/SiteImage/Profiles/Dr.%20Muhammad%20Fakhre%20Alam%20Irfan_2022.jpeg","55130","43169","8","46707","1587409","17","2258788","630490","17","643679","219850","6","219850","0","0","0","109744","2","109744","0","0","0","637","3","2602","230510_9C_T","0","0","8","0","0","0","0","0","0","0","0","4","0","0","0","0","0","0","0","0","2","0","0","1","0","0","0","0","0","0","0","0","0","0","0","0","0","0","0","0","0","0","0","0","0","0","0","0","0","0","0","0","0","0","0","0","0","0","0","0","0","0","0","0","0","0","0","0","","","8","",
"43057","43057","44944","109396","104567","2872734","2828372","52","52","50","46","6","0","0","0","0","1","8EFA061E8E7758085BA5E3A6ADE88B6C","43058","43094","14067","14094","https://nhsrc.gov.pk/ProfileDetail/N2QxMzE4OTEtM2ExOC00MTI4LWE2YTgtYjEwNTJiN2I5Mzlj","11","0","38499BA1595EE6F2FFC636C9F7500263","https://nhsrc.gov.pk/ProfileDetail/N2QxMzE4OTEtM2ExOC00MTI4LWE2YTgtYjEwNTJiN2I5Mzlj","14158.299999952","14158","14158","14066","15340","18","6","2368","10","20","29","33","-1","100","-1","-1","91","-1","0","2541454","1721681","-1","-1","211351","19166","","25","2","0","216","315","11","97","239","92","152","0","0","0","0","0","0","0","0","0","0","14","0","0","0","0","0","0","0","0","0","0","5","28","0","0","129","0","0","0","3","1","1","0","43614","rumaisa-HP-ProDesk-400-G5-MT-10.103.72.46","1683735560.9677","","","92.0.4515.131","92.0.4515.131","1683735579.3173","https://nhsrc.gov.pk/ProfileDetail/N2QxMzE4OTEtM2ExOC00MTI4LWE2YTgtYjEwNTJiN2I5Mzlj","nhsrc.gov.pk","https://nhsrc.gov.pk","393","43042","14158.299999952","14158.299999952","","","ns.cyber.net.pk","android - chrome","Step_1","56134","17145","14155","15656","15656","15656","17145","17145","15297","0","34","2400","2440","2440","2443","2444","14158","14158","14158","14158","14066","14067","14094","15264","15340","14421","43042","43057","43093","14158","15665","15665","0.2745652412","0.2745652412","16684","109","43486","16684","16684","16684","203","230510_R1_V","1","1","67473","0","0","0","0","0","Unhandled exception running test: '>=' not supported between instances of 'NoneType' and 'float'","1","image","IMG","https://nhsrc.gov.pk/SiteImage/Profiles/Minister%20Health%20pic.jpg","69511","47993","8","51531","1587406","17","2258784","916217","18","929406","211351","6","211351","0","0","0","109744","2","109744","0","0","0","23","1","3","230510_R1_V","","","","","","","","","","","","","","","","","","","","","","","","","","","","","","","","","","","","","","","","","","","","","","","","","","","","","","","","","","","","","","","","","","","","","","","","",
"0","0","0","0","0","0","0","0","0","0","0","0","0","0","0","0","1","7FFA58575B381E186F8BF90FE1008BD9","0","0","526","526","https://nhsrc.gov.pk/TopStoryDetail","0","","","","0","","","526","","0","0","0","","-1","-1","-1","-1","-1","-1","-1","-1","-1","-1","0","0","-1","-1","0","0","","","","","","","","","","","","","","","","","","","","","","","","","","","","","","","","","","","","","","","","","","","","","","rumaisa-HP-ProDesk-400-G5-MT-10.103.72.46","1683735637.6474","","","92.0.4515.131","92.0.4515.131","1683735716.1812","","","","","","","","","","","android - chrome","Step_1","6136","887","887","887","887","887","887","887","887","522","38","578","542","542","544","545","","","","","526","526","526","","","","526","","","","","","0","0","","0","887","887","","","0","230510_BG_W","1","1","","0","0","0","0","0","Unhandled exception running test: '>=' not supported between instances of 'NoneType' and 'float'","1","","","","","0","0","0","0","0","0","0","0","0","0","0","0","0","0","0","0","0","0","0","0","0","0","0","0","230510_BG_W","","","","","","","","","","","","","","","","","","","","","","","","","","","","","","","","","","","","","","","","","","","","","","","","","","","","","","","","","","","","","","","","","","","","","","","","543",
"685","685","685","0","0","0","0","0","0","0","0","0","0","0","0","0","1","9CE16D41E8A566E3A03E5C072B48323F","685","685","677","679","https://nhsrc.gov.pk/LatestNews","0","","","","0","","","677","","0","0","0","","-1","-1","-1","-1","-1","-1","-1","-1","-1","-1","0","0","-1","-1","0","0","","1","1","0","31","41","16","4","","7","39","","","","","","","","","","","","","","","","","","","","","","","0","","","1","","0","","","","","0","544","rumaisa-HP-ProDesk-400-G5-MT-10.103.72.46","1683735724.3491","","","92.0.4515.131","92.0.4515.131","1683735742.4485","","","","","","","","","","","android - chrome","Step_1","6273","774","774","774","774","774","774","774","774","444","36","494","459","459","461","461","","","","","677","677","679","693","","","684","685","685","","","","0.0490326001","0.0490326001","","0","774","774","","","0","230510_RA_X","1","1","","0","0","0","0","0","Unhandled exception running test: '>=' not supported between instances of 'NoneType' and 'float'","1","","","","","0","0","0","0","0","0","0","0","0","0","0","0","0","0","0","0","0","0","0","0","0","0","0","0","230510_RA_X","","","","","","","","","","","","","","","","","","","","","","","","","","","","","","","","","","","","","","","","","","","","","","","","","","","","","","","","","","","","","","","","","","","","","","","","460",
"0","0","0","0","0","0","0","0","0","0","0","0","0","0","0","0","1","4E66EAB99CFE5A4437B07CAFDFC98B85","0","0","534","534","https://nhsrc.gov.pk/NewsDetail/N2E0YzFjZjQtNGViMy00NmZlLTljMWEtYWY5NjkxYzEyOTc1","0","","","","0","","","534","","0","0","0","","-1","-1","-1","-1","-1","-1","-1","-1","-1","-1","0","0","-1","-1","0","0","","","","","","","","","","","","","","","","","","","","","","","","","","","","","","","","","","","","","","","","","","","","","","rumaisa-HP-ProDesk-400-G5-MT-10.103.72.46","1683735749.7043","","","92.0.4515.131","92.0.4515.131","1683735766.7579","","","","","","","","","","","android - chrome","Step_1","6190","903","903","903","903","903","903","903","903","531","36","583","548","548","550","550","","","","","534","534","534","","","","534","","","","","","0","0","","0","903","903","","","0","230510_V2_Y","1","1","","0","0","0","0","0","Unhandled exception running test: '>=' not supported between instances of 'NoneType' and 'float'","1","","","","","0","0","0","0","0","0","0","0","0","0","0","0","0","0","0","0","0","0","0","0","0","0","0","0","230510_V2_Y","","","","","","","","","","","","","","","","","","","","","","","","","","","","","","","","","","","","","","","","","","","","","","","","","","","","","","","","","","","","","","","","","","","","","","","","549",
"0","0","0","0","0","0","0","0","0","0","0","0","0","0","0","0","1","F8779C3EDE53B78CB0B8D442749FEDC8","0","0","537","537","https://nhsrc.gov.pk/NewsDetail/MTRiYzM0NTEtMDM5Yy00YTQwLWFjMTQtNGUyNjk3ZDIxMjE1","0","","","","0","","","537","","0","0","0","","-1","-1","-1","-1","-1","-1","-1","-1","-1","-1","0","0","-1","-1","0","0","","","","","","","","","","","","","","","","","","","","","","","","","","","","","","","","","","","","","","","","","","","","","","rumaisa-HP-ProDesk-400-G5-MT-10.103.72.46","1683735773.9757","","","92.0.4515.131","92.0.4515.131","1683735791.1356","","","","","","","","","","","android - chrome","Step_1","6150","866","866","866","866","866","866","866","866","533","51","588","553","553","555","556","","","","","537","537","537","","","","538","","","","","","0","0","","0","866","866","","","0","230510_0Q_Z","1","1","","0","0","0","0","0","Unhandled exception running test: '>=' not supported between instances of 'NoneType' and 'float'","1","","","","","0","0","0","0","0","0","0","0","0","0","0","0","0","0","0","0","0","0","0","0","0","0","0","0","230510_0Q_Z","","","","","","","","","","","","","","","","","","","","","","","","","","","","","","","","","","","","","","","","","","","","","","","","","","","","","","","","","","","","","","","","","","","","","","","","554",
"0","0","0","0","0","0","0","0","0","0","0","0","0","0","0","0","1","E32E76E17B0E5B08A38A7A4DFFB7E419","0","0","444","444","https://nhsrc.gov.pk/NewsDetail/NTJhOTYxYTEtMzEzNS00MjRkLTg5YmQtNWYwOWY1NTk1MTRj","0","","","","0","","","444","","0","0","0","","-1","-1","-1","-1","-1","-1","-1","-1","-1","-1","0","0","-1","-1","0","0","","","","","","","","","","","","","","","","","","","","","","","","","","","","","","","","","","","","","","","","","","","","","","rumaisa-HP-ProDesk-400-G5-MT-10.103.72.46","1683735799.2518","","","92.0.4515.131","92.0.4515.131","1683735816.6135","","","","","","","","","","","android - chrome","Step_1","6428","781","781","781","781","781","781","781","781","441","32","490","456","456","458","458","","","","","444","444","444","","","","444","","","","","","0","0","","0","781","781","","","0","230510_RC_10","1","1","","0","0","0","0","0","Unhandled exception running test: '>=' not supported between instances of 'NoneType' and 'float'","1","","","","","0","0","0","0","0","0","0","0","0","0","0","0","0","0","0","0","0","0","0","0","0","0","0","0","230510_RC_10","","","","","","","","","","","","","","","","","","","","","","","","","","","","","","","","","","","","","","","","","","","","","","","","","","","","","","","","","","","","","","","","","","","","","","","","457",
"0","0","0","0","0","0","0","0","0","0","0","0","0","0","0","0","1","F4D5E3D38357D6EF4514A261DAC142F2","0","0","543","543","https://nhsrc.gov.pk/NewsDetail/Y2VhOTA1MzUtZjUzNS00YTY5LTk2MGEtMDJmNTdlMjcxOWVj","0","","","","0","","","543","","0","0","0","","-1","-1","-1","-1","-1","-1","-1","-1","-1","-1","0","0","-1","-1","0","0","","","","","","","","","","","","","","","","","","","","","","","","","","","","","","","","","","","","","","","","","","","","","","rumaisa-HP-ProDesk-400-G5-MT-10.103.72.46","1683735824.0878","","","92.0.4515.131","92.0.4515.131","1683735840.8222","","","","","","","","","","","android - chrome","Step_1","6155","884","884","884","884","884","884","884","884","539","38","593","558","558","560","560","","","","","543","543","543","","","","543","","","","","","0","0","","0","884","884","","","0","230510_6E_11","1","1","","0","0","0","0","0","Unhandled exception running test: '>=' not supported between instances of 'NoneType' and 'float'","1","","","","","0","0","0","0","0","0","0","0","0","0","0","0","0","0","0","0","0","0","0","0","0","0","0","0","230510_6E_11","","","","","","","","","","","","","","","","","","","","","","","","","","","","","","","","","","","","","","","","","","","","","","","","","","","","","","","","","","","","","","","","","","","","","","","","559",
"0","0","0","0","0","0","0","0","0","0","0","0","0","0","0","0","1","A61AA5FA872C9B0EFD7E610565A8AAC6","0","0","516","516","https://nhsrc.gov.pk/NewsDetail/OTRjZmRiNzAtNGMxNy00YTQ5LWI5ZTMtZjc5YjA3NGViYTYw","0","","","","0","","","515","","0","0","0","","-1","-1","-1","-1","-1","-1","-1","-1","-1","-1","0","0","-1","-1","0","0","","","","","","","","","","","","","","","","","","","","","","","","","","","","","","","","","","","","","","","","","","","","","","rumaisa-HP-ProDesk-400-G5-MT-10.103.72.46","1683735848.0096","","","92.0.4515.131","92.0.4515.131","1683735865.1516","","","","","","","","","","","android - chrome","Step_1","6021","875","875","875","875","875","875","875","875","511","33","566","531","531","533","534","","","","","515","516","516","","","","516","","","","","","0","0","","0","875","875","","","0","230510_6R_12","1","1","","0","0","0","0","0","Unhandled exception running test: '>=' not supported between instances of 'NoneType' and 'float'","1","","","","","0","0","0","0","0","0","0","0","0","0","0","0","0","0","0","0","0","0","0","0","0","0","0","0","230510_6R_12","","","","","","","","","","","","","","","","","","","","","","","","","","","","","","","","","","","","","","","","","","","","","","","","","","","","","","","","","","","","","","","","","","","","","","","","532",
"0","0","0","0","0","0","0","0","0","0","0","0","0","0","0","0","1","9088F9065C6FC87B7950F41F8920A762","0","0","504","504","https://nhsrc.gov.pk/NewsDetail/OGIxMzVjMmUtNzRlNS00OTllLWE4ZDgtNDQxMGZiN2Y5Yjll","0","","","","0","","","503","","0","0","0","","-1","-1","-1","-1","-1","-1","-1","-1","-1","-1","0","0","-1","-1","0","0","","","","","","","","","","","","","","","","","","","","","","","","","","","","","","","","","","","","","","","","","","","","","","rumaisa-HP-ProDesk-400-G5-MT-10.103.72.46","1683735873.2158","","","92.0.4515.131","92.0.4515.131","1683735890.5382","","","","","","","","","","","android - chrome","Step_1","6144","857","857","857","857","857","857","857","857","499","36","553","519","519","521","521","","","","","503","504","504","","","","504","","","","","","0","0","","0","857","857","","","0","230510_3E_13","1","1","","0","0","0","0","0","Unhandled exception running test: '>=' not supported between instances of 'NoneType' and 'float'","1","","","","","0","0","0","0","0","0","0","0","0","0","0","0","0","0","0","0","0","0","0","0","0","0","0","0","230510_3E_13","","","","","","","","","","","","","","","","","","","","","","","","","","","","","","","","","","","","","","","","","","","","","","","","","","","","","","","","","","","","","","","","","","","","","","","","520",
"0","0","0","0","0","0","0","0","0","0","0","0","0","0","0","0","1","C3C05AD1E5CA096DA6C42006646DB9E1","0","0","506","506","https://nhsrc.gov.pk/Download","0","","","","0","","","505","","0","0","0","","-1","-1","-1","-1","-1","-1","-1","-1","-1","-1","0","0","-1","-1","0","0","","","","","","","","","","","","","","","","","","","","","","","","","","","","","","","","","","","","","","","","","","","","","","rumaisa-HP-ProDesk-400-G5-MT-10.103.72.46","1683735897.7091","","","92.0.4515.131","92.0.4515.131","1683735914.8783","","","","","","","","","","","android - chrome","Step_1","6460","836","836","836","836","836","836","836","836","501","35","561","522","522","524","525","","","","","505","506","506","","","","506","","","","","","0","0","","0","836","836","","","0","230510_GF_14","1","1","","0","0","0","0","0","Unhandled exception running test: '>=' not supported between instances of 'NoneType' and 'float'","1","","","","","0","0","0","0","0","0","0","0","0","0","0","0","0","0","0","0","0","0","0","0","0","0","0","0","230510_GF_14","","","","","","","","","","","","","","","","","","","","","","","","","","","","","","","","","","","","","","","","","","","","","","","","","","","","","","","","","","","","","","","","","","","","","","","","522",
"0","0","0","0","0","0","0","0","0","0","0","0","0","0","0","0","1","825B10489DB7FD0B4180F324C387929C","0","0","554","554","https://nhsrc.gov.pk/SiteImage/Downloads/14FStatement%20of%20Need%20Statement%20of%20Exceptional%20Need%20(2).docx","0","","","","0","","","553","","0","0","0","","-1","-1","-1","-1","-1","-1","-1","-1","-1","-1","0","0","-1","-1","0","0","","","","","","","","","","","","","","","","","","","","","","","","","","","","","","","","","","","","","","","","","","","","","","rumaisa-HP-ProDesk-400-G5-MT-10.103.72.46","1683735922.3079","","","92.0.4515.131","92.0.4515.131","1683735939.4069","","","","","","","","","","","android - chrome","Step_1","6438","925","925","925","925","925","925","925","925","549","37","608","570","570","572","573","","","","","553","554","554","","","","554","","","","","","0","0","","0","925","925","","","0","230510_22_15","1","1","","0","0","0","0","0","Unhandled exception running test: '>=' not supported between instances of 'NoneType' and 'float'","1","","","","","0","0","0","0","0","0","0","0","0","0","0","0","0","0","0","0","0","0","0","0","0","0","0","0","230510_22_15","","","","","","","","","","","","","","","","","","","","","","","","","","","","","","","","","","","","","","","","","","","","","","","","","","","","","","","","","","","","","","","","","","","","","","","","571",
"0","0","0","0","0","0","0","0","0","0","0","0","0","0","0","0","1","5726501ED04832C1B64F7FA031B316AF","0","0","662","454","https://nhsrc.gov.pk/SiteImage/Downloads/Data-Access-Request_Form-1.docx","0","","","","0","","","662","","0","0","0","","-1","-1","-1","-1","-1","-1","-1","-1","-1","-1","0","0","-1","-1","0","0","","","","","","","","","","","","","","","","","","","","","","","","","","","","","","","","","","","","","","","","","","","","","","rumaisa-HP-ProDesk-400-G5-MT-10.103.72.46","1683735947.8167","","","92.0.4515.131","92.0.4515.131","1683735965.042","","","","","","","","","","","android - chrome","Step_1","6388","757","757","757","757","757","757","757","757","451","31","500","466","466","468","468","","","","","662","662","454","","","","454","","","","","","0","0","","0","757","757","","","0","230510_95_16","1","1","","0","0","0","0","0","Unhandled exception running test: '>=' not supported between instances of 'NoneType' and 'float'","1","","","","","0","0","0","0","0","0","0","0","0","0","0","0","0","0","0","0","0","0","0","0","0","0","0","0","230510_95_16","","","","","","","","","","","","","","","","","","","","","","","","","","","","","","","","","","","","","","","","","","","","","","","","","","","","","","","","","","","","","","","","","","","","","","","","467",
"0","0","0","0","0","0","0","0","0","0","0","0","0","0","0","0","1","431D75061FFD3911C4E4595110817F2E","0","0","495","495","https://nhsrc.gov.pk/SiteImage/Downloads/procurement11.docx","0","","","","0","","","495","","0","0","0","","-1","-1","-1","-1","-1","-1","-1","-1","-1","-1","0","0","-1","-1","0","0","","","","","","","","","","","","","","","","","","","","","","","","","","","","","","","","","","","","","","","","","","","","","","rumaisa-HP-ProDesk-400-G5-MT-10.103.72.46","1683735972.4595","","","92.0.4515.131","92.0.4515.131","1683735991.5326","","","","","","","","","","","android - chrome","Step_1","6179","825","825","825","825","825","825","825","825","492","37","543","507","508","509","510","","","","","495","495","495","","","","495","","","","","","0","0","","0","825","825","","","0","230510_03_17","1","1","","0","0","0","0","0","Unhandled exception running test: '>=' not supported between instances of 'NoneType' and 'float'","1","","","","","0","0","0","0","0","0","0","0","0","0","0","0","0","0","0","0","0","0","0","0","0","0","0","0","230510_03_17","","","","","","","","","","","","","","","","","","","","","","","","","","","","","","","","","","","","","","","","","","","","","","","","","","","","","","","","","","","","","","","","","","","","","","","","508",
"0","0","0","0","0","0","0","0","0","0","0","0","0","0","0","0","1","98DEC95A026E1096CC986743E8C3BFE2","0","0","524","524","https://nhsrc.gov.pk/Tenders","0","","","","0","","","524","","0","0","0","","-1","-1","-1","-1","-1","-1","-1","-1","-1","-1","0","0","-1","-1","0","0","","","","","","","","","","","","","","","","","","","","","","","","","","","","","","","","","","","","","","","","","","","","","","rumaisa-HP-ProDesk-400-G5-MT-10.103.72.46","1683735998.7314","","","92.0.4515.131","92.0.4515.131","1683736016.0552","","","","","","","","","","","android - chrome","Step_1","6352","909","909","909","909","909","909","909","909","520","37","580","540","540","543","544","","","","","524","524","524","","","","525","","","","","","0","0","","0","909","909","","","0","230510_66_18","1","1","","0","0","0","0","0","Unhandled exception running test: '>=' not supported between instances of 'NoneType' and 'float'","1","","","","","0","0","0","0","0","0","0","0","0","0","0","0","0","0","0","0","0","0","0","0","0","0","0","0","230510_66_18","","","","","","","","","","","","","","","","","","","","","","","","","","","","","","","","","","","","","","","","","","","","","","","","","","","","","","","","","","","","","","","","","","","","","","","","541",
"0","0","0","0","0","0","0","0","0","0","0","0","0","0","0","0","1","282EF64E29ECB62633C583456E090494","0","0","448","448","https://nhsrc.gov.pk/TenderDetail/OWYyYjQzZTUtYzkyZi00YTY1LWI2M2UtMzMyNmZkNjRlZGQw","0","","","","0","","","448","","0","0","0","","-1","-1","-1","-1","-1","-1","-1","-1","-1","-1","0","0","-1","-1","0","0","","","","","","","","","","","","","","","","","","","","","","","","","","","","","","","","","","","","","","","","","","","","","","rumaisa-HP-ProDesk-400-G5-MT-10.103.72.46","1683736024.4041","","","92.0.4515.131","92.0.4515.131","1683736041.7115","","","","","","","","","","","android - chrome","Step_1","6231","791","791","791","791","791","791","791","791","445","35","494","460","460","462","462","","","","","448","448","448","","","","448","","","","","","0","0","","0","791","791","","","0","230510_TJ_19","1","1","","0","0","0","0","0","Unhandled exception running test: '>=' not supported between instances of 'NoneType' and 'float'","1","","","","","0","0","0","0","0","0","0","0","0","0","0","0","0","0","0","0","0","0","0","0","0","0","0","0","230510_TJ_19","","","","","","","","","","","","","","","","","","","","","","","","","","","","","","","","","","","","","","","","","","","","","","","","","","","","","","","","","","","","","","","","","","","","","","","","461",
"0","0","0","0","0","0","0","0","0","0","0","0","0","0","0","0","1","891AA6B8CD9458FCBBE4BE68FB30D13B","0","0","523","523","https://nhsrc.gov.pk/TenderDetail/YjlmZDMyNjAtNGQyMy00NTZkLWI4NDMtYzQ2ZTUzMzMwNjJj","0","","","","0","","","522","","0","0","0","","-1","-1","-1","-1","-1","-1","-1","-1","-1","-1","0","0","-1","-1","0","0","","","","","","","","","","","","","","","","","","","","","","","","","","","","","","","","","","","","","","","","","","","","","","rumaisa-HP-ProDesk-400-G5-MT-10.103.72.46","1683736048.9793","","","92.0.4515.131","92.0.4515.131","1683736067.0412","","","","","","","","","","","android - chrome","Step_1","6396","858","858","858","858","858","858","858","858","520","35","570","535","535","537","538","","","","","522","523","523","","","","523","","","","","","0","0","","0","858","858","","","0","230510_JZ_1A","1","1","","0","0","0","0","0","Unhandled exception running test: '>=' not supported between instances of 'NoneType' and 'float'","1","","","","","0","0","0","0","0","0","0","0","0","0","0","0","0","0","0","0","0","0","0","0","0","0","0","0","230510_JZ_1A","","","","","","","","","","","","","","","","","","","","","","","","","","","","","","","","","","","","","","","","","","","","","","","","","","","","","","","","","","","","","","","","","","","","","","","","536",
"0","0","0","0","0","0","0","0","0","0","0","0","0","0","0","0","1","85F256782EBB3015F0E529A9799A7FFD","0","0","449","449","https://nhsrc.gov.pk/TenderDetail/YjFhOTJhNzQtZGRiZS00MWEzLTg3YWQtMGVkMDUxMjk3OWRj","0","","","","0","","","449","","0","0","0","","-1","-1","-1","-1","-1","-1","-1","-1","-1","-1","0","0","-1","-1","0","0","","","","","","","","","","","","","","","","","","","","","","","","","","","","","","","","","","","","","","","","","","","","","","rumaisa-HP-ProDesk-400-G5-MT-10.103.72.46","1683736074.4888","","","92.0.4515.131","92.0.4515.131","1683736092.1789","","","","","","","","","","","android - chrome","Step_1","5994","791","791","791","791","791","791","791","791","446","34","493","461","461","463","464","","","","","449","449","449","","","","449","","","","","","0","0","","0","791","791","","","0","230510_1E_1B","1","1","","0","0","0","0","0","Unhandled exception running test: '>=' not supported between instances of 'NoneType' and 'float'","1","","","","","0","0","0","0","0","0","0","0","0","0","0","0","0","0","0","0","0","0","0","0","0","0","0","0","230510_1E_1B","","","","","","","","","","","","","","","","","","","","","","","","","","","","","","","","","","","","","","","","","","","","","","","","","","","","","","","","","","","","","","","","","","","","","","","","462",
"0","0","0","0","0","0","0","0","0","0","0","0","0","0","0","0","1","0591FD2BE30129BADB9CD7157BD6A4AA","0","0","517","517","https://nhsrc.gov.pk/TenderDetail/NjNkZWIzMDAtOTEwNS00YWYyLTk1MDEtMmMzOWRhN2MxYzY5","0","","","","0","","","517","","0","0","0","","-1","-1","-1","-1","-1","-1","-1","-1","-1","-1","0","0","-1","-1","0","0","","","","","","","","","","","","","","","","","","","","","","","","","","","","","","","","","","","","","","","","","","","","","","rumaisa-HP-ProDesk-400-G5-MT-10.103.72.46","1683736100.1763","","","92.0.4515.131","92.0.4515.131","1683736117.5436","","","","","","","","","","","android - chrome","Step_1","6277","849","849","849","849","849","849","849","849","513","35","567","532","532","533","534","","","","","517","517","517","","","","517","","","","","","0","0","","0","849","849","","","0","230510_HD_1C","1","1","","0","0","0","0","0","Unhandled exception running test: '>=' not supported between instances of 'NoneType' and 'float'","1","","","","","0","0","0","0","0","0","0","0","0","0","0","0","0","0","0","0","0","0","0","0","0","0","0","0","230510_HD_1C","","","","","","","","","","","","","","","","","","","","","","","","","","","","","","","","","","","","","","","","","","","","","","","","","","","","","","","","","","","","","","","","","","","","","","","","532",
"663","663","663","0","0","0","0","0","0","0","0","0","0","0","0","0","1","DBD843019B8B16120E7ADCFDB58C3EDB","663","663","656","657","https://nhsrc.gov.pk/JobDetail/Njk4ZDczNWMtYzliNi00MDhhLWJiODYtYzMwZTk3YzdjNzM3","0","","","","0","","","655","","0","0","0","","-1","-1","-1","-1","-1","-1","-1","-1","-1","-1","0","0","-1","-1","0","0","","1","1","0","30","40","16","3","","6","28","","","","","","","","","","","","","","","","","","","","","","","0","","","1","","0","","","","","0","536","rumaisa-HP-ProDesk-400-G5-MT-10.103.72.46","1683736124.8226","","","92.0.4515.131","92.0.4515.131","1683736141.867","","","","","","","","","","","android - chrome","Step_1","6077","811","811","811","811","811","811","811","811","451","35","501","466","466","468","468","","","","","655","656","657","672","","","663","663","663","","","","0.0490326001","0.0490326001","","0","811","811","","","0","230510_5D_1D","1","1","","0","0","0","0","0","Unhandled exception running test: '>=' not supported between instances of 'NoneType' and 'float'","1","","","","","0","0","0","0","0","0","0","0","0","0","0","0","0","0","0","0","0","0","0","0","0","0","0","0","230510_5D_1D","","","","","","","","","","","","","","","","","","","","","","","","","","","","","","","","","","","","","","","","","","","","","","","","","","","","","","","","","","","","","","","","","","","","","","","","467",
"0","0","0","0","0","0","0","0","0","0","0","0","0","0","0","0","1","034859DC5377B0F9DD750B13E3BC099E","0","0","490","490","https://nhsrc.gov.pk/JobDetail/OGJjZTllYWYtOTlmOC00ZDc1LTliMjUtZmExODUzNjczNmNj","0","","","","0","","","490","","0","0","0","","-1","-1","-1","-1","-1","-1","-1","-1","-1","-1","0","0","-1","-1","0","0","","","","","","","","","","","","","","","","","","","","","","","","","","","","","","","","","","","","","","","","","","","","","","rumaisa-HP-ProDesk-400-G5-MT-10.103.72.46","1683736149.0057","","","92.0.4515.131","92.0.4515.131","1683736166.5648","","","","","","","","","","","android - chrome","Step_1","6267","827","827","827","827","827","827","827","827","486","32","543","506","506","508","509","","","","","490","490","490","","","","491","","","","","","0","0","","0","827","827","","","0","230510_G0_1E","1","1","","0","0","0","0","0","Unhandled exception running test: '>=' not supported between instances of 'NoneType' and 'float'","1","","","","","0","0","0","0","0","0","0","0","0","0","0","0","0","0","0","0","0","0","0","0","0","0","0","0","230510_G0_1E","","","","","","","","","","","","","","","","","","","","","","","","","","","","","","","","","","","","","","","","","","","","","","","","","","","","","","","","","","","","","","","","","","","","","","","","507",
"0","0","0","0","0","0","0","0","0","0","0","0","0","0","0","0","1","01EC0DBC740BDAFB8D25137A891E498E","0","0","507","507","https://nhsrc.gov.pk/JobDetail/MTM3NWUyOTgtMWY5OC00ZmY0LTlkZGItMDk3YjE3YzgyZjM5","0","","","","0","","","507","","0","0","0","","-1","-1","-1","-1","-1","-1","-1","-1","-1","-1","0","0","-1","-1","0","0","","","","","","","","","","","","","","","","","","","","","","","","","","","","","","","","","","","","","","","","","","","","","","rumaisa-HP-ProDesk-400-G5-MT-10.103.72.46","1683736174.8582","","","92.0.4515.131","92.0.4515.131","1683736192.8433","","","","","","","","","","","android - chrome","Step_1","6488","864","864","864","864","864","864","864","864","503","38","561","523","523","525","526","","","","","507","507","507","","","","508","","","","","","0","0","","0","864","864","","","0","230510_M8_1F","1","1","","0","0","0","0","0","Unhandled exception running test: '>=' not supported between instances of 'NoneType' and 'float'","1","","","","","0","0","0","0","0","0","0","0","0","0","0","0","0","0","0","0","0","0","0","0","0","0","0","0","230510_M8_1F","","","","","","","","","","","","","","","","","","","","","","","","","","","","","","","","","","","","","","","","","","","","","","","","","","","","","","","","","","","","","","","","","","","","","","","","524",
"0","0","0","0","0","0","0","0","0","0","0","0","0","0","0","0","1","BB4EE422B0AE25F5CA5EEFB453B5D64B","0","0","525","525","https://nhsrc.gov.pk/JobDetail/NjFjMjg2N2UtZTk0MC00YjQyLTk5MjktZTJhMDg1YTQ1M2Uy","0","","","","0","","","525","","0","0","0","","-1","-1","-1","-1","-1","-1","-1","-1","-1","-1","0","0","-1","-1","0","0","","","","","","","","","","","","","","","","","","","","","","","","","","","","","","","","","","","","","","","","","","","","","","rumaisa-HP-ProDesk-400-G5-MT-10.103.72.46","1683736200.3967","","","92.0.4515.131","92.0.4515.131","1683736217.5317","","","","","","","","","","","android - chrome","Step_1","6312","876","876","876","876","876","876","876","876","521","35","575","540","540","542","543","","","","","525","525","525","","","","525","","","","","","0","0","","0","876","876","","","0","230510_0E_1G","1","1","","0","0","0","0","0","Unhandled exception running test: '>=' not supported between instances of 'NoneType' and 'float'","1","","","","","0","0","0","0","0","0","0","0","0","0","0","0","0","0","0","0","0","0","0","0","0","0","0","0","230510_0E_1G","","","","","","","","","","","","","","","","","","","","","","","","","","","","","","","","","","","","","","","","","","","","","","","","","","","","","","","","","","","","","","","","","","","","","","","","541",
"0","0","0","0","0","0","0","0","0","0","0","0","0","0","0","0","1","DF975AC1CBB479FAC0410ABE0B6E0ADC","0","0","508","508","https://nhsrc.gov.pk/JobDetail/ZGMzYzljYjktZTE4ZC00Y2RmLTllMWQtMTM3Y2RkY2RiOWQ2","0","","","","0","","","508","","0","0","0","","-1","-1","-1","-1","-1","-1","-1","-1","-1","-1","0","0","-1","-1","0","0","","","","","","","","","","","","","","","","","","","","","","","","","","","","","","","","","","","","","","","","","","","","","","rumaisa-HP-ProDesk-400-G5-MT-10.103.72.46","1683736224.9089","","","92.0.4515.131","92.0.4515.131","1683736242.3184","","","","","","","","","","","android - chrome","Step_1","6512","874","874","874","874","874","874","874","874","504","36","559","524","524","525","526","","","","","508","508","508","","","","509","","","","","","0","0","","0","874","874","","","0","230510_KZ_1H","1","1","","0","0","0","0","0","Unhandled exception running test: '>=' not supported between instances of 'NoneType' and 'float'","1","","","","","0","0","0","0","0","0","0","0","0","0","0","0","0","0","0","0","0","0","0","0","0","0","0","0","230510_KZ_1H","","","","","","","","","","","","","","","","","","","","","","","","","","","","","","","","","","","","","","","","","","","","","","","","","","","","","","","","","","","","","","","","","","","","","","","","524",
